year,company_name,ticker,country_iso3,geo_code_type,country_code_review_flag,segment,value_chain_group,analysis_period,source_validation_caution,first_observed_year,years_since_first_observation,revenue_usd_bn,operating_margin_pct,operating_income_usd_bn,rd_spend_usd_bn,capex_usd_bn,calculated_operating_income_usd_bn,operating_income_abs_diff_usd_bn,operating_income_review_flag,rd_intensity_pct,capex_intensity_pct,zero_revenue_flag,previous_year,previous_revenue_usd_bn,previous_operating_income_usd_bn,consecutive_year_flag,revenue_growth_pct,absolute_revenue_change_usd_bn,operating_income_growth_pct,rd_to_operating_income_pct,capex_to_operating_income_pct,revenue_share_within_dataset_pct,revenue_rank_within_year,value_chain_revenue_usd_bn,value_chain_revenue_share_pct,growth_calculation_available,investment_ratio_available
2010,AMD,AMD,USA,country,False,fabless_cpu_gpu,Fabless,Smart automobile expansion,False,2010,0,6.11,19.9,1.21,1.22,0.61,1.21589,0.0058899999999999,False,19.96726677577741,9.983633387888704,False,,,,False,,,,100.82644628099173,50.413223140495866,2.6,13,31.060000000000002,13.217021276595744,False,True
2011,AMD,AMD,USA,country,False,fabless_cpu_gpu,Fabless,Smart automobile expansion,False,2010,1,5.85,16.3,0.96,1.17,0.59,0.95355,0.0064499999999999,False,20.0,10.085470085470083,False,2010,6.11,1.21,True,-4.255319148936176,-0.2600000000000007,-20.661157024793386,121.875,61.458333333333336,2.341873498799039,13,36.25,14.511609287429945,True,True
2012,AMD,AMD,USA,country,False,fabless_cpu_gpu,Fabless,Smart automobile expansion,False,2010,2,5.36,19.0,1.02,1.07,0.54,1.0184,0.0016,False,19.962686567164177,10.07462686567164,False,2011,5.85,0.96,True,-8.376068376068368,-0.4899999999999993,6.25,104.90196078431373,52.94117647058824,2.0099748753140587,14,39.980000000000004,14.99231259609255,True,True
2013,AMD,AMD,USA,country,False,fabless_cpu_gpu,Fabless,Smart automobile expansion,False,2010,3,5.14,16.0,0.82,1.03,0.51,0.8223999999999999,0.0023999999999999,False,20.038910505836576,9.922178988326849,False,2012,5.36,1.02,True,-4.104477611940305,-0.22000000000000064,-19.60784313725491,125.60975609756098,62.19512195121951,1.8084582365772994,17,47.26,16.627964253043416,True,True
2014,AMD,AMD,USA,country,False,fabless_cpu_gpu,Fabless,Smart automobile expansion,False,2010,4,4.5,18.5,0.84,0.9,0.45,0.8325,0.0074999999999999,False,20.0,10.0,False,2013,5.14,0.82,True,-12.45136186770427,-0.6399999999999997,2.4390243902439046,107.14285714285714,53.57142857142857,1.5370427297878881,21,48.88,16.695699696007107,True,True
2015,AMD,AMD,USA,country,False,fabless_cpu_gpu,Fabless,Smart automobile expansion,False,2010,5,3.96,23.0,0.91,0.79,0.4,0.9108,0.0007999999999999,False,19.94949494949495,10.101010101010102,False,2014,4.5,0.84,True,-12.0,-0.54,8.333333333333348,86.81318681318682,43.956043956043956,1.2711864406779663,22,56.49,18.133667180277353,True,True
2016,AMD,AMD,USA,country,False,fabless_cpu_gpu,Fabless,Smart automobile expansion,False,2010,6,4.91,24.0,1.18,0.98,0.49,1.1784,0.0015999999999998,False,19.959266802443988,9.979633401221994,False,2015,3.96,0.91,True,23.989898989899004,0.9500000000000002,29.670329670329654,83.05084745762711,41.52542372881356,1.3296503913125897,22,61.019999999999996,16.524494272483548,True,True
2017,AMD,AMD,USA,country,False,fabless_cpu_gpu,Fabless,Smart automobile expansion,False,2010,7,5.64,17.9,1.01,1.13,0.56,1.0095599999999998,0.0004400000000002,False,20.0354609929078,9.929078014184398,False,2016,4.91,1.18,True,14.867617107942955,0.7299999999999995,-14.406779661016945,111.88118811881186,55.44554455445545,1.3105611711397698,22,71.42,16.59579412106425,True,True
2018,AMD,AMD,USA,country,False,fabless_cpu_gpu,Fabless,Smart automobile expansion,False,2010,8,6.46,20.7,1.34,1.29,0.65,1.33722,0.00278,False,19.96904024767802,10.061919504643964,False,2017,5.64,1.01,True,14.539007092198597,0.8200000000000003,32.67326732673268,96.26865671641791,48.507462686567166,1.356572868542629,21,77.11,16.19277614447711,True,True
2019,AMD,AMD,USA,country,False,fabless_cpu_gpu,Fabless,Smart automobile expansion,False,2010,9,8.19,16.7,1.37,1.64,0.82,1.36773,0.0022700000000002,False,20.024420024420024,10.012210012210012,False,2018,6.46,1.34,True,26.78018575851393,1.7299999999999995,2.238805970149249,119.70802919708028,59.85401459854014,1.6543783456216543,20,88.03,17.782042217957784,True,True
2020,AMD,AMD,USA,country,False,fabless_cpu_gpu,Fabless,Smart automobile expansion,False,2010,10,9.83,20.7,2.03,1.97,0.98,2.03481,0.0048099999999999,False,20.040691759918616,9.969481180061038,False,2019,8.19,1.37,True,20.024420024420042,1.6400000000000006,48.17518248175179,97.04433497536947,48.275862068965516,1.9515972125712242,17,99.9,19.833627826639404,True,True
2021,AMD,AMD,USA,country,False,fabless_cpu_gpu,Fabless,Smart automobile expansion,False,2010,11,18.01,25.6,4.62,3.6,1.8,4.61056,0.0094399999999996,False,19.988895058300944,9.994447529150472,False,2020,9.83,2.03,True,83.21464903357072,8.180000000000001,127.58620689655173,77.92207792207793,38.961038961038966,2.9865844153690535,11,127.36,21.12001061307066,True,True
2022,AMD,AMD,USA,country,False,fabless_cpu_gpu,Fabless,Transition Year,False,2010,12,23.0,19.1,4.4,4.6,2.3,4.393,0.0070000000000005,False,20.0,10.0,False,2021,18.01,4.62,True,27.706829539144916,4.989999999999998,-4.761904761904756,104.54545454545452,52.27272727272726,3.29768015370057,11,154.83,22.19912253032432,True,True
2023,AMD,AMD,USA,country,False,fabless_cpu_gpu,Fabless,AI expansion,False,2010,13,21.72,18.2,3.96,4.34,2.17,3.95304,0.0069600000000002,False,19.98158379373849,9.990791896869244,False,2022,23.0,4.4,True,-5.565217391304356,-1.2800000000000011,-10.000000000000009,109.5959595959596,54.7979797979798,3.319324520516543,10,177.4,27.1108733858027,True,True
2024,AMD,AMD,USA,country,False,fabless_cpu_gpu,Fabless,AI expansion,False,2010,14,26.05,23.6,6.15,5.21,2.6,6.147800000000001,0.0021999999999993,False,20.0,9.980806142034549,False,2023,21.72,3.96,True,19.935543278084733,4.330000000000002,55.30303030303032,84.71544715447153,42.27642276422764,3.144198621621948,10,284.01,34.27961038490784,True,True
2025,AMD,AMD,USA,country,False,fabless_cpu_gpu,Fabless,AI expansion,True,2010,15,33.17,18.0,5.98,6.63,3.32,5.970600000000001,0.0093999999999994,False,19.98794091046126,10.009044317154054,False,2024,26.05,6.15,True,27.332053742802298,7.120000000000001,-2.764227642276418,110.86956521739128,55.51839464882943,3.2905440260307133,10,371.74,36.87750486091822,True,True
2026,AMD,AMD,USA,country,False,fabless_cpu_gpu,Fabless,AI expansion,True,2010,16,39.38,19.5,7.68,7.88,3.94,7.679100000000001,0.0008999999999987,False,20.010157440325035,10.005078720162516,False,2025,33.17,5.98,True,18.72173650889357,6.210000000000001,28.428093645484932,102.60416666666667,51.302083333333336,3.422175488602887,9,455.02000000000004,39.5418560392099,True,True
2010,ASML,ASML,NLD,country,False,equipment_litho,Equipment,Smart automobile expansion,False,2010,0,6.65,37.7,2.51,1.06,0.4,2.5070500000000004,0.0029499999999993,False,15.939849624060152,6.015037593984962,False,,,,False,,,,42.23107569721116,15.936254980079683,2.8297872340425534,12,29.060000000000002,12.365957446808512,False,True
2011,ASML,ASML,NLD,country,False,equipment_litho,Equipment,Smart automobile expansion,False,2010,1,6.44,35.7,2.3,1.03,0.39,2.2990800000000005,0.0009199999999993,False,15.993788819875776,6.055900621118012,False,2010,6.65,2.51,True,-3.157894736842104,-0.20999999999999996,-8.366533864541836,44.78260869565218,16.956521739130437,2.578062449959968,11,29.450000000000003,11.789431545236189,True,True
2012,ASML,ASML,NLD,country,False,equipment_litho,Equipment,Smart automobile expansion,False,2010,2,6.59,34.4,2.27,1.05,0.4,2.26696,0.0030399999999999,False,15.933232169954476,6.0698027314112295,False,2011,6.44,2.3,True,2.329192546583836,0.14999999999999947,-1.304347826086949,46.25550660792952,17.62114537444934,2.471219109761128,11,29.73,11.14861064236697,True,True
2013,ASML,ASML,NLD,country,False,equipment_litho,Equipment,Smart automobile expansion,False,2010,3,6.51,34.5,2.25,1.04,0.39,2.24595,0.0040499999999998,False,15.975422427035332,5.990783410138249,False,2012,6.59,2.27,True,-1.2139605462822445,-0.08000000000000007,-0.8810572687224627,46.22222222222223,17.333333333333336,2.2904792062486807,11,30.119999999999997,10.597424530293436,True,True
2014,ASML,ASML,NLD,country,False,equipment_litho,Equipment,Smart automobile expansion,False,2010,4,6.71,31.2,2.1,1.07,0.4,2.09352,0.0064800000000002,False,15.94634873323398,5.961251862891208,False,2013,6.51,2.25,True,3.0721966205837115,0.20000000000000018,-6.666666666666665,50.95238095238095,19.047619047619047,2.291901492639273,11,30.520000000000003,10.424565358472524,True,True
2015,ASML,ASML,NLD,country,False,equipment_litho,Equipment,Smart automobile expansion,False,2010,5,7.11,36.2,2.57,1.14,0.43,2.57382,0.0038200000000001,False,16.0337552742616,6.047819971870604,False,2014,6.71,2.1,True,5.961251862891204,0.40000000000000036,22.38095238095237,44.3579766536965,16.731517509727627,2.2823574730354395,9,31.93,10.24974319465845,True,True
2016,ASML,ASML,NLD,country,False,equipment_litho,Equipment,Smart automobile expansion,False,2010,6,8.21,34.6,2.84,1.31,0.49,2.84066,0.0006600000000003,False,15.956151035322778,5.968331303288672,False,2015,7.11,2.57,True,15.47116736990155,1.1000000000000005,10.505836575875493,46.12676056338029,17.253521126760564,2.223305440463618,11,40.64,11.005497332575082,True,True
2017,ASML,ASML,NLD,country,False,equipment_litho,Equipment,Smart automobile expansion,False,2010,7,10.65,38.2,4.06,1.7,0.64,4.068300000000001,0.008300000000001,False,15.96244131455399,6.009389671361502,False,2016,8.21,2.84,True,29.719853836784395,2.4399999999999995,42.957746478873226,41.871921182266014,15.763546798029559,2.474729871035204,10,50.03,11.62542116881608,True,True
2018,ASML,ASML,NLD,country,False,equipment_litho,Equipment,Smart automobile expansion,False,2010,8,12.38,35.1,4.35,1.98,0.74,4.3453800000000005,0.0046199999999991,False,15.993537964458804,5.977382875605816,False,2017,10.65,4.06,True,16.24413145539907,1.7300000000000004,7.14285714285714,45.51724137931035,17.011494252873565,2.5997480050398996,10,57.620000000000005,12.099958000839985,True,True
2019,ASML,ASML,NLD,country,False,equipment_litho,Equipment,Smart automobile expansion,False,2010,9,13.65,31.7,4.33,2.18,0.82,4.32705,0.0029500000000002,False,15.970695970695973,6.007326007326006,False,2018,12.38,4.35,True,10.258481421647826,1.2699999999999996,-0.45977011494251485,50.34642032332564,18.937644341801384,2.7572972427027573,10,59.07,11.932128067871933,True,True
2020,ASML,ASML,NLD,country,False,equipment_litho,Equipment,Smart automobile expansion,False,2010,10,16.17,36.1,5.84,2.59,0.97,5.837370000000001,0.002629999999999,False,16.017316017316013,5.998763141620284,False,2019,13.65,4.33,True,18.461538461538463,2.5200000000000014,34.872979214780585,44.34931506849315,16.60958904109589,3.2103079274950868,10,63.11,12.529532053445571,True,True
2021,ASML,ASML,NLD,country,False,equipment_litho,Equipment,Smart automobile expansion,False,2010,11,20.79,38.3,7.96,3.33,1.25,7.962569999999999,0.0025699999999995,False,16.01731601731602,6.012506012506013,False,2020,16.17,5.84,True,28.57142857142856,4.619999999999997,36.30136986301371,41.834170854271356,15.7035175879397,3.447589672155614,10,81.85,13.573122398553968,True,True
2022,ASML,ASML,NLD,country,False,equipment_litho,Equipment,Transition Year,False,2010,12,23.9,31.3,7.47,3.82,1.43,7.4807,0.0106999999999999,False,15.983263598326362,5.98326359832636,False,2021,20.79,7.96,True,14.959114959114949,3.1099999999999994,-6.1557788944723635,51.137884872824635,19.143239625167336,3.4267198118888538,10,97.25999999999999,13.944885728213801,True,True
2023,ASML,ASML,NLD,country,False,equipment_litho,Equipment,AI expansion,False,2010,13,30.31,35.7,10.81,4.85,1.82,10.82067,0.0106699999999992,False,16.001319696469814,6.004618937644342,False,2022,23.9,7.47,True,26.820083682008367,6.41,44.712182061579654,44.865864939870484,16.836262719703978,4.632077634293574,7,104.75,16.00825246427753,True,True
2024,ASML,ASML,NLD,country,False,equipment_litho,Equipment,AI expansion,False,2010,14,31.81,33.3,10.58,5.09,1.91,10.59273,0.0127299999999994,False,16.001257466205594,6.004401131719585,False,2023,30.31,10.81,True,4.948861761794787,1.5,-2.127659574468088,48.109640831758036,18.052930056710775,3.839422577880774,8,101.83,12.290738796152128,True,True
2025,ASML,ASML,NLD,country,False,equipment_litho,Equipment,AI expansion,True,2010,15,38.79,33.5,12.99,6.21,2.33,12.99465,0.0046499999999998,False,16.009280742459396,6.006702758442898,False,2024,31.81,10.58,True,21.942785287645393,6.98,22.778827977315697,47.80600461893764,17.936874518860662,3.848061584857744,8,121.27,12.030276576326337,True,True
2026,ASML,ASML,NLD,country,False,equipment_litho,Equipment,AI expansion,True,2010,16,44.16,35.9,15.87,7.07,2.65,15.85344,0.0165600000000001,False,16.009963768115945,6.000905797101449,False,2025,38.79,12.99,True,13.843774168600142,5.369999999999997,22.170900692840647,44.54946439823566,16.698172652804033,3.837563981125024,8,130.6,11.349317389830803,True,True
2010,Analog Devices,ADI,USA,country,False,idm_analog,IDM,Smart automobile expansion,False,2010,0,2.88,44.5,1.28,0.35,0.35,1.2816,0.0016,False,12.152777777777777,12.152777777777777,False,,,,False,,,,27.34375,27.34375,1.225531914893617,23,145.92,62.09361702127659,False,True
2011,Analog Devices,ADI,USA,country,False,idm_analog,IDM,Smart automobile expansion,False,2010,1,3.02,42.0,1.27,0.36,0.36,1.2684,0.0016,False,11.920529801324504,11.920529801324504,False,2010,2.88,1.28,True,4.861111111111116,0.14000000000000012,-0.78125,28.346456692913385,28.346456692913385,1.208967173738991,24,151.0,60.448358686949554,True,True
2012,Analog Devices,ADI,USA,country,False,idm_analog,IDM,Smart automobile expansion,False,2010,2,3.17,47.0,1.49,0.38,0.38,1.4899,9.9999999999989e-05,False,11.987381703470032,11.987381703470032,False,2011,3.02,1.27,True,4.966887417218535,0.1499999999999999,17.322834645669282,25.503355704697988,25.503355704697988,1.1887351408107398,24,161.35,60.50549368132898,True,True
2013,Analog Devices,ADI,USA,country,False,idm_analog,IDM,Smart automobile expansion,False,2010,3,3.24,46.7,1.51,0.39,0.39,1.5130800000000002,0.0030800000000001,False,12.037037037037036,12.037037037037036,False,2012,3.17,1.49,True,2.208201892744488,0.07000000000000028,1.342281879194629,25.82781456953642,25.82781456953642,1.1399620012666245,22,165.43,58.204911688128924,True,True
2014,Analog Devices,ADI,USA,country,False,idm_analog,IDM,Smart automobile expansion,False,2010,4,3.33,51.1,1.7,0.4,0.4,1.7016300000000002,0.0016300000000002,False,12.012012012012011,12.012012012012011,False,2013,3.24,1.51,True,2.777777777777768,0.08999999999999986,12.58278145695364,23.529411764705884,23.529411764705884,1.1374116200430373,24,168.2,57.45124158896062,True,True
2015,Analog Devices,ADI,USA,country,False,idm_analog,IDM,Smart automobile expansion,False,2010,5,3.39,44.1,1.49,0.41,0.41,1.4949900000000005,0.0049900000000002,False,12.094395280235986,12.094395280235986,False,2014,3.33,1.7,True,1.8018018018018056,0.06000000000000005,-12.352941176470589,27.516778523489933,27.516778523489933,1.0882126348228045,25,172.79,55.46674370826913,True,True
2016,Analog Devices,ADI,USA,country,False,idm_analog,IDM,Smart automobile expansion,False,2010,6,4.24,41.9,1.78,0.51,0.51,1.77656,0.0034399999999998,False,12.028301886792454,12.028301886792454,False,2015,3.39,1.49,True,25.073746312684374,0.8500000000000001,19.463087248322154,28.651685393258425,28.651685393258425,1.1482113358788963,25,211.93,57.3916104747204,True,True
2017,Analog Devices,ADI,USA,country,False,idm_analog,IDM,Smart automobile expansion,False,2010,7,5.07,42.3,2.15,0.61,0.61,2.14461,0.0053900000000002,False,12.031558185404338,12.031558185404338,False,2016,4.24,1.78,True,19.5754716981132,0.8300000000000001,20.78651685393258,28.37209302325581,28.37209302325581,1.1781108400139422,24,247.23000000000002,57.448588358313,True,True
2018,Analog Devices,ADI,USA,country,False,idm_analog,IDM,Smart automobile expansion,False,2010,8,6.19,46.0,2.85,0.74,0.74,2.8474,0.0026000000000001,False,11.954765751211632,11.954765751211632,False,2017,5.07,2.15,True,22.090729783037478,1.12,32.558139534883736,25.964912280701753,25.964912280701753,1.2998740025199498,22,274.37,57.616547669046625,True,True
2019,Analog Devices,ADI,USA,country,False,idm_analog,IDM,Smart automobile expansion,False,2010,9,5.91,42.7,2.52,0.71,0.71,2.5235700000000003,0.0035700000000002,False,12.013536379018612,12.013536379018612,False,2018,6.19,2.85,True,-4.523424878836835,-0.28000000000000025,-11.578947368421055,28.174603174603174,28.174603174603174,1.1938188061811938,22,273.07,55.16008483991516,True,True
2020,Analog Devices,ADI,USA,country,False,idm_analog,IDM,Smart automobile expansion,False,2010,10,5.75,47.2,2.72,0.69,0.69,2.7140000000000004,0.0059999999999997,False,12.0,12.0,False,2019,5.91,2.52,True,-2.7072758037225086,-0.16000000000000014,7.936507936507953,25.36764705882353,25.36764705882353,1.1415751752069725,22,258.64,51.349044054875016,True,True
2021,Analog Devices,ADI,USA,country,False,idm_analog,IDM,Smart automobile expansion,False,2010,11,8.76,43.0,3.77,1.05,1.05,3.7668,0.0032,False,11.986301369863014,11.986301369863014,False,2020,5.75,2.72,True,52.347826086956516,3.01,38.60294117647059,27.851458885941643,27.851458885941643,1.4526640465648475,20,285.09999999999997,47.27791320498151,True,True
2022,Analog Devices,ADI,USA,country,False,idm_analog,IDM,Transition Year,False,2010,12,12.2,45.6,5.56,1.46,1.46,5.563199999999999,0.0031999999999996,False,11.9672131147541,11.9672131147541,False,2021,8.76,3.77,True,39.26940639269405,3.4399999999999995,47.48010610079574,26.258992805755398,26.258992805755398,1.749204255441172,20,317.07,45.46067157973217,True,True
2023,Analog Devices,ADI,USA,country,False,idm_analog,IDM,AI expansion,False,2010,13,11.78,44.8,5.28,1.41,1.41,5.27744,0.0025600000000007,False,11.96943972835314,11.96943972835314,False,2022,12.2,5.56,True,-3.4426229508196737,-0.41999999999999993,-5.035971223021574,26.704545454545453,26.704545454545453,1.8002597998013297,20,256.74,39.235882937265984,True,True
2024,Analog Devices,ADI,USA,country,False,idm_analog,IDM,AI expansion,False,2010,14,9.47,42.3,4.01,1.14,1.14,4.00581,0.0041899999999994,False,12.038014783526926,12.038014783526926,False,2023,11.78,5.28,True,-19.609507640067903,-2.3099999999999987,-24.053030303030308,28.428927680798004,28.428927680798004,1.1430157753074799,21,301.22,36.35683335143813,True,True
2025,Analog Devices,ADI,USA,country,False,idm_analog,IDM,AI expansion,True,2010,15,11.01,40.6,4.48,1.32,1.32,4.47006,0.0099400000000002,False,11.989100817438691,11.989100817438691,False,2024,9.47,4.01,True,16.26187961985215,1.5399999999999991,11.720698254364104,29.464285714285715,29.464285714285715,1.0922185627554462,21,346.83,34.40637276298559,True,True
2026,Analog Devices,ADI,USA,country,False,idm_analog,IDM,AI expansion,True,2010,16,13.01,48.7,6.34,1.56,1.56,6.33587,0.0041299999999999,False,11.990776325903152,11.990776325903152,False,2025,11.01,4.48,True,18.165304268846505,2.0,41.51785714285712,24.60567823343849,24.60567823343849,1.1305866710696688,21,387.14,33.642991839962455,True,True
2010,Applied Materials,AMAT,USA,country,False,equipment_diversified,Equipment,Smart automobile expansion,False,2010,0,9.39,30.7,2.88,1.13,0.94,2.8827300000000005,0.0027300000000005,False,12.034078807241745,10.010649627263044,False,,,,False,,,,39.23611111111111,32.63888888888889,3.995744680851064,9,29.060000000000002,12.365957446808512,False,True
2011,Applied Materials,AMAT,USA,country,False,equipment_diversified,Equipment,Smart automobile expansion,False,2010,1,9.56,26.6,2.54,1.15,0.96,2.5429600000000003,0.0029600000000002,False,12.029288702928868,10.041841004184098,False,2010,9.39,2.88,True,1.8104366347177825,0.16999999999999993,-11.805555555555546,45.2755905511811,37.79527559055118,3.8270616493194556,9,29.450000000000003,11.789431545236189,True,True
2012,Applied Materials,AMAT,USA,country,False,equipment_diversified,Equipment,Smart automobile expansion,False,2010,2,9.32,34.3,3.2,1.12,0.93,3.19676,0.0032400000000003,False,12.01716738197425,9.97854077253219,False,2011,9.56,2.54,True,-2.5104602510460317,-0.2400000000000002,25.984251968503933,35.0,29.062500000000004,3.4949563130460866,9,29.73,11.14861064236697,True,True
2013,Applied Materials,AMAT,USA,country,False,equipment_diversified,Equipment,Smart automobile expansion,False,2010,3,9.12,23.7,2.16,1.09,0.91,2.16144,0.0014399999999996,False,11.951754385964914,9.978070175438598,False,2012,9.32,3.2,True,-2.145922746781126,-0.20000000000000107,-32.49999999999999,50.46296296296296,42.129629629629626,3.2087819294912387,9,30.119999999999997,10.597424530293436,True,True
2014,Applied Materials,AMAT,USA,country,False,equipment_diversified,Equipment,Smart automobile expansion,False,2010,4,8.91,30.1,2.68,1.07,0.89,2.68191,0.00191,False,12.008978675645343,9.988776655443322,False,2013,9.12,2.16,True,-2.302631578947356,-0.20999999999999908,24.07407407407407,39.92537313432835,33.208955223880594,3.043344604980019,8,30.520000000000003,10.424565358472524,True,True
2015,Applied Materials,AMAT,USA,country,False,equipment_diversified,Equipment,Smart automobile expansion,False,2010,5,9.41,29.6,2.79,1.13,0.94,2.78536,0.0046400000000001,False,12.008501594048884,9.989373007438894,False,2014,8.91,2.68,True,5.611672278338942,0.5,4.104477611940283,40.501792114695334,33.69175627240143,3.020672829994864,8,31.93,10.24974319465845,True,True
2016,Applied Materials,AMAT,USA,country,False,equipment_diversified,Equipment,Smart automobile expansion,False,2010,6,12.27,22.0,2.7,1.47,1.23,2.6994,0.0006000000000003,False,11.98044009779951,10.024449877750612,False,2015,9.41,2.79,True,30.393198724760893,2.8599999999999994,-3.2258064516129004,54.44444444444444,45.55555555555555,3.32277195547973,8,40.64,11.005497332575082,True,True
2017,Applied Materials,AMAT,USA,country,False,equipment_diversified,Equipment,Smart automobile expansion,False,2010,7,14.44,34.7,5.01,1.73,1.44,5.010680000000001,0.0006800000000009,False,11.98060941828255,9.97229916897507,False,2016,12.27,2.7,True,17.685411572942144,2.17,85.55555555555554,34.5309381237525,28.74251497005988,3.355408388520971,9,50.03,11.62542116881608,True,True
2018,Applied Materials,AMAT,USA,country,False,equipment_diversified,Equipment,Smart automobile expansion,False,2010,8,16.14,28.9,4.66,1.94,1.61,4.66446,0.0044599999999999,False,12.01982651796778,9.975216852540273,False,2017,14.44,5.01,True,11.772853185595578,1.700000000000001,-6.986027944111772,41.63090128755365,34.54935622317596,3.3893322133557326,9,57.620000000000005,12.099958000839985,True,True
2019,Applied Materials,AMAT,USA,country,False,equipment_diversified,Equipment,Smart automobile expansion,False,2010,9,16.57,27.3,4.53,1.99,1.66,4.523610000000001,0.0063899999999996,False,12.009656004828004,10.018105009052505,False,2018,16.14,4.66,True,2.664188351920682,0.4299999999999997,-2.7896995708154515,43.92935982339956,36.64459161147903,3.3471366528633473,8,59.07,11.932128067871933,True,True
2020,Applied Materials,AMAT,USA,country,False,equipment_diversified,Equipment,Smart automobile expansion,False,2010,10,17.03,34.3,5.84,2.04,1.7,5.84129,0.00129,False,11.978860833822663,9.982384028185551,False,2019,16.57,4.53,True,2.776101388050689,0.46000000000000085,28.91832229580573,34.93150684931507,29.10958904109589,3.3810478667434336,9,63.11,12.529532053445571,True,True
2021,Applied Materials,AMAT,USA,country,False,equipment_diversified,Equipment,Smart automobile expansion,False,2010,11,22.72,29.0,6.59,2.73,2.27,6.5888,0.0011999999999998,False,12.015845070422536,9.991197183098592,False,2020,17.03,5.84,True,33.41162654139751,5.689999999999998,12.842465753424648,41.426403641881635,34.44613050075873,3.7676400842412487,8,81.85,13.573122398553968,True,True
2022,Applied Materials,AMAT,USA,country,False,equipment_diversified,Equipment,Transition Year,False,2010,12,27.32,30.1,8.22,3.28,2.73,8.22332,0.0033199999999986,False,12.005856515373353,9.99267935578331,False,2021,22.72,6.59,True,20.246478873239447,4.600000000000001,24.734446130500775,39.90267639902676,33.21167883211679,3.9170705130043295,8,97.25999999999999,13.944885728213801,True,True
2023,Applied Materials,AMAT,USA,country,False,equipment_diversified,Equipment,AI expansion,False,2010,13,27.93,29.7,8.3,3.35,2.79,8.295209999999999,0.0047900000000016,False,11.994271392767637,9.989258861439312,False,2022,27.32,8.22,True,2.2327964860907823,0.6099999999999994,0.9732360097323589,40.361445783132524,33.6144578313253,4.268357912432184,8,104.75,16.00825246427753,True,True
2024,Applied Materials,AMAT,USA,country,False,equipment_diversified,Equipment,AI expansion,False,2010,14,27.31,31.1,8.49,3.28,2.73,8.49341,0.0034100000000005,False,12.010252654705235,9.996338337605271,False,2023,27.93,8.3,True,-2.2198353025420725,-0.620000000000001,2.289156626506017,38.63368669022379,32.15547703180212,3.296278862053566,9,101.83,12.290738796152128,True,True
2025,Applied Materials,AMAT,USA,country,False,equipment_diversified,Equipment,AI expansion,True,2010,15,33.11,32.6,10.78,3.97,3.31,10.79386,0.013860000000001,False,11.9903352461492,9.996979764421624,False,2024,27.31,8.49,True,21.23764188941779,5.800000000000001,26.972909305064775,36.827458256029686,30.70500927643785,3.2845918812745527,11,121.27,12.030276576326337,True,True
2026,Applied Materials,AMAT,USA,country,False,equipment_diversified,Equipment,AI expansion,True,2010,16,32.31,32.9,10.63,3.88,3.23,10.62999,1.000000000139778e-05,False,12.00866604766326,9.996904982977403,False,2025,33.11,10.78,True,-2.4161884627000862,-0.7999999999999972,-1.3914656771799483,36.50047036688617,30.38570084666039,2.807782885646503,11,130.6,11.349317389830803,True,True
2010,Broadcom,AVGO,USA,country,False,fabless_diversified,Fabless,Smart automobile expansion,False,2010,0,2.99,36.3,1.09,0.36,0.3,1.0853700000000002,0.0046299999999999,False,12.040133779264211,10.03344481605351,False,,,,False,,,,33.027522935779814,27.52293577981651,1.272340425531915,22,31.060000000000002,13.217021276595744,False,True
2011,Broadcom,AVGO,USA,country,False,fabless_diversified,Fabless,Smart automobile expansion,False,2010,1,3.94,31.2,1.23,0.47,0.39,1.22928,0.00072,False,11.928934010152284,9.898477157360407,False,2010,2.99,1.09,True,31.7725752508361,0.9499999999999997,12.844036697247695,38.21138211382114,31.70731707317073,1.577261809447558,18,36.25,14.511609287429945,True,True
2012,Broadcom,AVGO,USA,country,False,fabless_diversified,Fabless,Smart automobile expansion,False,2010,2,4.42,26.7,1.18,0.53,0.44,1.18014,0.00014,False,11.990950226244344,9.95475113122172,False,2011,3.94,1.23,True,12.182741116751261,0.48,-4.0650406504065035,44.91525423728814,37.28813559322034,1.657479281508981,17,39.980000000000004,14.99231259609255,True,True
2013,Broadcom,AVGO,USA,country,False,fabless_diversified,Fabless,Smart automobile expansion,False,2010,3,5.47,30.8,1.68,0.66,0.55,1.68476,0.00476,False,12.06581352833638,10.054844606946984,False,2012,4.42,1.18,True,23.75565610859729,1.0499999999999998,42.3728813559322,39.28571428571429,32.73809523809524,1.9245654774470482,15,47.26,16.627964253043416,True,True
2014,Broadcom,AVGO,USA,country,False,fabless_diversified,Fabless,Smart automobile expansion,False,2010,4,6.13,24.8,1.52,0.74,0.61,1.52024,0.00024,False,12.071778140293638,9.9510603588907,False,2013,5.47,1.68,True,12.065813528336378,0.6600000000000001,-9.523809523809524,48.68421052631579,40.13157894736842,2.093793763022168,12,48.88,16.695699696007107,True,True
2015,Broadcom,AVGO,USA,country,False,fabless_diversified,Fabless,Smart automobile expansion,False,2010,5,6.99,31.4,2.19,0.84,0.7,2.19486,0.0048599999999998,False,12.017167381974248,10.014306151645206,False,2014,6.13,1.52,True,14.029363784665595,0.8600000000000003,44.07894736842104,38.35616438356164,31.963470319634702,2.2438366718027734,12,56.49,18.133667180277353,True,True
2016,Broadcom,AVGO,USA,country,False,fabless_diversified,Fabless,Smart automobile expansion,False,2010,6,11.09,28.6,3.17,1.33,1.11,3.17174,0.0017400000000002,False,11.992786293958522,10.009017132551849,False,2015,6.99,2.19,True,58.655221745350495,4.1,44.748858447488594,41.955835962145116,35.01577287066247,3.003222574268151,9,61.019999999999996,16.524494272483548,True,True
2017,Broadcom,AVGO,USA,country,False,fabless_diversified,Fabless,Smart automobile expansion,False,2010,7,16.26,30.2,4.9,1.95,1.63,4.91052,0.0105199999999996,False,11.99261992619926,10.02460024600246,False,2016,11.09,3.17,True,46.61857529305682,5.170000000000002,54.57413249211358,39.795918367346935,33.265306122448976,3.77831997211572,7,71.42,16.59579412106425,True,True
2018,Broadcom,AVGO,USA,country,False,fabless_diversified,Fabless,Smart automobile expansion,False,2010,8,20.62,29.7,6.12,2.47,2.06,6.12414,0.0041399999999995,False,11.97866149369544,9.990300678952472,False,2017,16.26,4.9,True,26.81426814268142,4.359999999999999,24.897959183673457,40.35947712418301,33.66013071895425,4.330113397732046,7,77.11,16.19277614447711,True,True
2019,Broadcom,AVGO,USA,country,False,fabless_diversified,Fabless,Smart automobile expansion,False,2010,9,22.18,30.5,6.76,2.66,2.22,6.7649,0.0049000000000001,False,11.992786293958522,10.009017132551849,False,2018,20.62,6.12,True,7.565470417070808,1.5599999999999987,10.457516339869265,39.349112426035504,32.84023668639053,4.48035551964448,7,88.03,17.782042217957784,True,True
2020,Broadcom,AVGO,USA,country,False,fabless_diversified,Fabless,Smart automobile expansion,False,2010,10,24.98,22.3,5.57,3.0,2.5,5.570539999999999,0.000539999999999,False,12.00960768614892,10.0080064051241,False,2019,22.18,6.76,True,12.623985572587927,2.8000000000000007,-17.603550295857985,53.85996409335727,44.88330341113106,4.9593996307252475,5,99.9,19.833627826639404,True,True
2021,Broadcom,AVGO,USA,country,False,fabless_diversified,Fabless,Smart automobile expansion,False,2010,11,28.35,30.5,8.65,3.4,2.83,8.64675,0.0032499999999995,False,11.992945326278658,9.982363315696649,False,2020,24.98,5.57,True,13.490792634107285,3.370000000000001,55.29622980251345,39.30635838150289,32.71676300578035,4.701258643848565,6,127.36,21.12001061307066,True,True
2022,Broadcom,AVGO,USA,country,False,fabless_diversified,Fabless,Transition Year,False,2010,12,33.5,28.9,9.68,4.02,3.35,9.6815,0.0015,False,11.999999999999998,10.0,False,2021,28.35,8.65,True,18.165784832451504,5.149999999999999,11.90751445086704,41.52892561983471,34.60743801652893,4.803142832563875,6,154.83,22.19912253032432,True,True
2023,Broadcom,AVGO,USA,country,False,fabless_diversified,Fabless,AI expansion,False,2010,13,33.96,31.0,10.52,4.08,3.4,10.5276,0.0076,False,12.014134275618376,10.01177856301531,False,2022,33.5,9.68,True,1.3731343283582165,0.46000000000000085,8.677685950413228,38.78326996197719,32.31939163498099,5.189883090089402,6,177.4,27.1108733858027,True,True
2024,Broadcom,AVGO,USA,country,False,fabless_diversified,Fabless,AI expansion,False,2010,14,54.34,25.4,13.8,6.52,5.43,13.80236,0.0023599999999994,False,11.99852778800147,9.99263894000736,False,2023,33.96,10.52,True,60.01177856301532,20.380000000000003,31.178707224334623,47.246376811594196,39.347826086956516,6.558762115122328,5,284.01,34.27961038490784,True,True
2025,Broadcom,AVGO,USA,country,False,fabless_diversified,Fabless,AI expansion,True,2010,15,62.4,29.0,18.1,7.49,6.24,18.096,0.0040000000000013,False,12.003205128205128,10.0,False,2024,54.34,13.8,True,14.832535885167463,8.059999999999995,31.159420289855078,41.38121546961326,34.47513812154696,6.190230546406888,4,371.74,36.87750486091822,True,True
2026,Broadcom,AVGO,USA,country,False,fabless_diversified,Fabless,AI expansion,True,2010,16,69.87,26.8,18.75,8.38,6.99,18.72516,0.0248399999999975,True,11.99370259052526,10.00429368827823,False,2025,62.4,18.1,True,11.97115384615386,7.470000000000006,3.5911602209944604,44.693333333333335,37.28,6.071797902201212,5,455.02000000000004,39.5418560392099,True,True
2010,Cadence,CDNS,USA,country,False,eda_software,EDA Software,Smart automobile expansion,False,2010,0,0.95,40.9,0.39,0.33,0.01,0.3885499999999999,0.00145,False,34.73684210526316,1.0526315789473686,False,,,,False,,,,84.61538461538461,2.564102564102564,0.40425531914893614,32,2.29,0.9744680851063829,False,True
2011,Cadence,CDNS,USA,country,False,eda_software,EDA Software,Smart automobile expansion,False,2010,1,1.11,41.8,0.46,0.39,0.01,0.46398,0.00398,False,35.13513513513513,0.9009009009009008,False,2010,0.95,0.39,True,16.842105263157904,0.16000000000000014,17.948717948717952,84.78260869565217,2.1739130434782608,0.44435548438751005,32,2.66,1.0648518815052042,True,True
2012,Cadence,CDNS,USA,country,False,eda_software,EDA Software,Smart automobile expansion,False,2010,2,1.17,38.9,0.45,0.41,0.01,0.45513,0.0051299999999999,False,35.04273504273504,0.8547008547008548,False,2011,1.11,0.46,True,5.405405405405395,0.05999999999999983,-2.1739130434782594,91.1111111111111,2.2222222222222223,0.43874451569355377,32,2.94,1.1024862189222633,True,True
2013,Cadence,CDNS,USA,country,False,eda_software,EDA Software,Smart automobile expansion,False,2010,3,1.31,40.1,0.52,0.46,0.01,0.52531,0.00531,False,35.11450381679389,0.7633587786259541,False,2012,1.17,0.45,True,11.965811965811968,0.14000000000000012,15.555555555555568,88.46153846153845,1.9230769230769231,0.460910562240518,31,3.29,1.1575540074590107,True,True
2014,Cadence,CDNS,USA,country,False,eda_software,EDA Software,Smart automobile expansion,False,2010,4,1.55,43.1,0.67,0.54,0.02,0.66805,0.00195,False,34.83870967741935,1.2903225806451613,False,2013,1.31,0.52,True,18.32061068702291,0.24,28.846153846153854,80.59701492537313,2.9850746268656714,0.5294258291491615,31,3.58,1.222802882809031,True,True
2015,Cadence,CDNS,USA,country,False,eda_software,EDA Software,Smart automobile expansion,False,2010,5,1.76,40.6,0.72,0.62,0.02,0.7145600000000001,0.0054399999999998,False,35.22727272727273,1.1363636363636365,False,2014,1.55,0.67,True,13.548387096774196,0.20999999999999996,7.462686567164178,86.11111111111111,2.777777777777778,0.5649717514124294,32,4.01,1.28723677452491,True,True
2016,Cadence,CDNS,USA,country,False,eda_software,EDA Software,Smart automobile expansion,False,2010,6,1.81,41.5,0.75,0.63,0.02,0.7511500000000001,0.00115,False,34.806629834254146,1.1049723756906076,False,2015,1.76,0.72,True,2.840909090909083,0.050000000000000044,4.166666666666674,84.0,2.666666666666667,0.49015625423132136,32,4.32,1.1698757007068,True,True
2017,Cadence,CDNS,USA,country,False,eda_software,EDA Software,Smart automobile expansion,False,2010,7,1.94,40.0,0.77,0.68,0.02,0.7759999999999999,0.0059999999999998,False,35.05154639175258,1.0309278350515465,False,2016,1.81,0.75,True,7.182320441988943,0.1299999999999999,2.6666666666666616,88.31168831168831,2.5974025974025974,0.45079586383176484,32,4.74,1.1014290693621471,True,True
2018,Cadence,CDNS,USA,country,False,eda_software,EDA Software,Smart automobile expansion,False,2010,8,2.16,38.3,0.83,0.76,0.02,0.8272799999999999,0.00272,False,35.18518518518518,0.9259259259259258,False,2017,1.94,0.77,True,11.340206185567014,0.2200000000000002,7.792207792207795,91.56626506024097,2.4096385542168677,0.45359092818143637,31,5.220000000000001,1.0961780764384714,True,True
2019,Cadence,CDNS,USA,country,False,eda_software,EDA Software,Smart automobile expansion,False,2010,9,2.46,42.0,1.03,0.86,0.02,1.0332,0.0031999999999998,False,34.959349593495936,0.8130081300813009,False,2018,2.16,0.83,True,13.888888888888884,0.2999999999999998,24.096385542168687,83.49514563106796,1.9417475728155338,0.49691950308049687,32,5.859999999999999,1.1837188162811836,True,True
2020,Cadence,CDNS,USA,country,False,eda_software,EDA Software,Smart automobile expansion,False,2010,10,2.62,42.9,1.13,0.92,0.03,1.12398,0.0060199999999999,False,35.11450381679389,1.1450381679389312,False,2019,2.46,1.03,True,6.50406504065042,0.16000000000000014,9.708737864077666,81.41592920353983,2.6548672566371683,0.5201612102682205,31,6.4,1.2706228037086305,True,True
2021,Cadence,CDNS,USA,country,False,eda_software,EDA Software,Smart automobile expansion,False,2010,11,3.22,40.3,1.3,1.13,0.03,1.2976599999999998,0.0023400000000002,False,35.09316770186335,0.9316770186335402,False,2020,2.62,1.13,True,22.90076335877862,0.6000000000000001,15.044247787610644,86.92307692307692,2.3076923076923075,0.5339701175729235,31,7.67,1.2719101868895413,True,True
2022,Cadence,CDNS,USA,country,False,eda_software,EDA Software,Transition Year,False,2010,12,3.52,37.4,1.32,1.23,0.04,1.31648,0.0035200000000001,False,34.94318181818182,1.1363636363636365,False,2021,3.22,1.3,True,9.316770186335388,0.2999999999999998,1.538461538461533,93.18181818181817,3.0303030303030303,0.5046884409141743,31,8.34,1.1957674992114242,True,True
2023,Cadence,CDNS,USA,country,False,eda_software,EDA Software,AI expansion,False,2010,13,4.03,41.6,1.68,1.41,0.04,1.6764800000000002,0.0035199999999997,False,34.987593052109176,0.9925558312655088,False,2022,3.52,1.32,True,14.488636363636376,0.5100000000000002,27.27272727272727,83.92857142857143,2.3809523809523814,0.6158783525636128,33,9.74,1.488500038205853,True,True
2024,Cadence,CDNS,USA,country,False,eda_software,EDA Software,AI expansion,False,2010,14,4.47,41.3,1.85,1.56,0.04,1.84611,0.0038900000000001,False,34.89932885906041,0.8948545861297541,False,2023,4.03,1.68,True,10.918114143920587,0.4399999999999995,10.119047619047628,84.32432432432432,2.162162162162162,0.5395227577216931,32,10.379999999999999,1.2528515045080928,True,True
2025,Cadence,CDNS,USA,country,False,eda_software,EDA Software,AI expansion,True,2010,15,4.96,39.4,1.95,1.74,0.05,1.95424,0.0042399999999997,False,35.08064516129033,1.0080645161290325,False,2024,4.47,1.85,True,10.961968680089495,0.4900000000000002,5.405405405405395,89.23076923076924,2.5641025641025643,0.4920439665092655,33,11.77,1.1676123963334788,True,True
2026,Cadence,CDNS,USA,country,False,eda_software,EDA Software,AI expansion,True,2010,16,5.72,47.3,2.71,2.0,0.06,2.70556,0.0044400000000002,False,34.96503496503497,1.048951048951049,False,2025,4.96,1.95,True,15.322580645161278,0.7599999999999998,38.97435897435897,73.80073800738008,2.214022140221402,0.49707576929427405,32,13.14,1.1418838476445388,True,True
2019,Cerebras Systems,CRBR,USA,country,False,fabless_ai,Fabless,Smart automobile expansion,False,2019,0,0.0,8.9,0.0,0.0,0.0,0.0,0.0,False,,,True,,,,False,,,,,,0.0,36,88.03,17.782042217957784,False,False
2020,Cerebras Systems,CRBR,USA,country,False,fabless_ai,Fabless,Smart automobile expansion,False,2019,1,0.0,5.5,0.0,0.0,0.0,0.0,0.0,False,,,True,2019,0.0,0.0,True,,0.0,,,,0.0,35,99.9,19.833627826639404,False,False
2021,Cerebras Systems,CRBR,USA,country,False,fabless_ai,Fabless,Smart automobile expansion,False,2019,2,0.1,7.4,0.01,0.05,0.0,0.0074,0.0025999999999999,False,50.0,0.0,False,2020,0.0,0.0,True,,0.1,,500.0,0.0,0.01658292290599141,36,127.36,21.12001061307066,False,True
2022,Cerebras Systems,CRBR,USA,country,False,fabless_ai,Fabless,Transition Year,False,2019,3,0.22,15.4,0.03,0.11,0.0,0.03388,0.00388,False,50.0,0.0,False,2021,0.1,0.01,True,119.99999999999997,0.12,200.0,366.6666666666667,0.0,0.031543027557135894,35,154.83,22.19912253032432,True,True
2023,Cerebras Systems,CRBR,USA,country,False,fabless_ai,Fabless,AI expansion,False,2019,4,0.3,8.9,0.03,0.15,0.0,0.0266999999999999,0.0033,False,50.0,0.0,False,2022,0.22,0.03,True,36.36363636363635,0.07999999999999999,0.0,500.0,0.0,0.04584702376404065,35,177.4,27.1108733858027,True,True
2024,Cerebras Systems,CRBR,USA,country,False,fabless_ai,Fabless,AI expansion,False,2019,5,0.77,4.3,0.03,0.39,0.01,0.03311,0.00311,False,50.64935064935065,1.2987012987012987,False,2023,0.3,0.03,True,156.66666666666669,0.47000000000000003,0.0,1300.0000000000002,33.333333333333336,0.09293792470821113,36,284.01,34.27961038490784,True,True
2025,Cerebras Systems,CRBR,USA,country,False,fabless_ai,Fabless,AI expansion,True,2019,6,1.64,7.0,0.12,0.82,0.02,0.1147999999999999,0.0052,False,50.0,1.2195121951219512,False,2024,0.77,0.03,True,112.98701298701297,0.8699999999999999,300.0,683.3333333333333,16.666666666666668,0.16269195666838615,36,371.74,36.87750486091822,True,True
2026,Cerebras Systems,CRBR,USA,country,False,fabless_ai,Fabless,AI expansion,True,2019,7,2.49,5.2,0.13,1.25,0.02,0.12948,0.0005199999999999,False,50.2008032128514,0.8032128514056224,False,2025,1.64,0.12,True,51.829268292682954,0.8500000000000003,8.333333333333348,961.5384615384615,15.384615384615385,0.21638438208789204,34,455.02000000000004,39.5418560392099,True,True
2018,ChangXin Memory (CXMT),CXMT,CHN,country,False,idm_memory,IDM,Smart automobile expansion,False,2018,0,0.31,33.4,0.1,0.03,0.11,0.10354,0.0035399999999999,False,9.67741935483871,35.483870967741936,False,,,,False,,,,30.0,109.99999999999999,0.06509869802603947,33,274.37,57.616547669046625,False,True
2019,ChangXin Memory (CXMT),CXMT,CHN,country,False,idm_memory,IDM,Smart automobile expansion,False,2018,1,0.94,34.9,0.33,0.09,0.33,0.3280599999999999,0.00194,False,9.574468085106384,35.10638297872341,False,2018,0.31,0.1,True,203.2258064516129,0.6299999999999999,229.99999999999997,27.27272727272727,100.0,0.18987981012018987,33,273.07,55.16008483991516,True,True
2020,ChangXin Memory (CXMT),CXMT,CHN,country,False,idm_memory,IDM,Smart automobile expansion,False,2018,2,1.45,38.3,0.55,0.14,0.51,0.55535,0.0053499999999999,False,9.655172413793103,35.17241379310345,False,2019,0.94,0.33,True,54.255319148936174,0.51,66.66666666666667,25.454545454545457,92.72727272727272,0.2878754789652366,32,258.64,51.349044054875016,True,True
2021,ChangXin Memory (CXMT),CXMT,CHN,country,False,idm_memory,IDM,Smart automobile expansion,False,2018,3,2.26,40.2,0.91,0.23,0.79,0.90852,0.00148,False,10.17699115044248,34.955752212389385,False,2020,1.45,0.55,True,55.86206896551724,0.8099999999999998,65.45454545454545,25.274725274725274,86.81318681318682,0.37477405767540584,33,285.09999999999997,47.27791320498151,True,True
2022,ChangXin Memory (CXMT),CXMT,CHN,country,False,idm_memory,IDM,Transition Year,False,2018,4,3.1,37.6,1.17,0.31,1.09,1.1656,0.0043999999999999,False,10.0,35.16129032258065,False,2021,2.26,0.91,True,37.168141592920364,0.8400000000000003,28.57142857142856,26.495726495726498,93.16239316239317,0.4444699337596421,32,317.07,45.46067157973217,True,True
2023,ChangXin Memory (CXMT),CXMT,CHN,country,False,idm_memory,IDM,AI expansion,False,2018,5,4.04,22.2,0.9,0.4,1.41,0.89688,0.00312,False,9.9009900990099,34.900990099009896,False,2022,3.1,1.17,True,30.32258064516129,0.94,-23.076923076923073,44.44444444444445,156.66666666666663,0.6174065866890808,32,256.74,39.235882937265984,True,True
2024,ChangXin Memory (CXMT),CXMT,CHN,country,False,idm_memory,IDM,AI expansion,False,2018,6,5.07,30.0,1.52,0.51,1.77,1.521,0.0010000000000001,False,10.059171597633137,34.9112426035503,False,2023,4.04,0.9,True,25.495049504950494,1.0300000000000002,68.88888888888889,33.55263157894737,116.44736842105263,0.6119419198319876,31,301.22,36.35683335143813,True,True
2025,ChangXin Memory (CXMT),CXMT,CHN,country,False,idm_memory,IDM,AI expansion,True,2018,7,5.87,23.4,1.37,0.59,2.05,1.37358,0.0035799999999999,False,10.051107325383304,34.92333901192504,False,2024,5.07,1.52,True,15.779092702169617,0.7999999999999998,-9.868421052631572,43.06569343065693,149.63503649635035,0.5823181619776993,31,346.83,34.40637276298559,True,True
2026,ChangXin Memory (CXMT),CXMT,CHN,country,False,idm_memory,IDM,AI expansion,True,2018,8,6.96,17.6,1.22,0.7,2.44,1.22496,0.00496,False,10.057471264367814,35.05747126436782,False,2025,5.87,1.37,True,18.568994889267465,1.0899999999999999,-10.94890510948906,57.377049180327866,200.0,0.6048334535468789,30,387.14,33.642991839962455,True,True
2010,GlobalFoundries,GFS,USA,country,False,foundry,Foundry,Smart automobile expansion,False,2010,0,3.59,39.4,1.42,0.29,1.62,1.41446,0.0055399999999998,False,8.07799442896936,45.12534818941505,False,,,,False,,,,20.422535211267608,114.08450704225352,1.527659574468085,17,26.67,11.348936170212767,False,True
2011,GlobalFoundries,GFS,USA,country,False,foundry,Foundry,Smart automobile expansion,False,2010,1,3.66,36.6,1.34,0.29,1.65,1.33956,0.0004399999999999,False,7.923497267759562,45.08196721311475,False,2010,3.59,1.42,True,1.9498607242339983,0.07000000000000028,-5.633802816901401,21.641791044776117,123.13432835820895,1.465172137710168,21,30.44,12.185748598879103,True,True
2012,GlobalFoundries,GFS,USA,country,False,foundry,Foundry,Smart automobile expansion,False,2010,2,3.99,41.5,1.65,0.32,1.79,1.65585,0.0058500000000001,False,8.020050125313283,44.86215538847117,False,2011,3.66,1.34,True,9.016393442622949,0.33000000000000007,23.134328358208943,19.393939393939398,108.4848484848485,1.496231297108786,20,32.669999999999995,12.251096861289232,True,True
2013,GlobalFoundries,GFS,USA,country,False,foundry,Foundry,Smart automobile expansion,False,2010,3,4.42,42.1,1.86,0.35,1.99,1.86082,0.0008199999999998,False,7.918552036199094,45.02262443438914,False,2012,3.99,1.65,True,10.776942355889707,0.4299999999999997,12.727272727272743,18.817204301075265,106.98924731182795,1.5551333474069384,20,38.12,13.412145521075225,True,True
2014,GlobalFoundries,GFS,USA,country,False,foundry,Foundry,Smart automobile expansion,False,2010,4,4.64,40.5,1.88,0.37,2.09,1.8792,0.0007999999999999,False,7.974137931034483,45.043103448275865,False,2013,4.42,1.86,True,4.977375565610864,0.21999999999999975,1.0752688172043001,19.680851063829788,111.17021276595744,1.5848618369368448,19,41.589999999999996,14.205690473750726,True,True
2015,GlobalFoundries,GFS,USA,country,False,foundry,Foundry,Smart automobile expansion,False,2010,5,5.09,39.1,1.99,0.41,2.29,1.99019,0.0001900000000001,False,8.055009823182711,44.9901768172888,False,2014,4.64,1.88,True,9.698275862068972,0.4500000000000002,5.85106382978724,20.60301507537688,115.07537688442211,1.633923985618901,20,46.3,14.86260914227016,True,True
2016,GlobalFoundries,GFS,USA,country,False,foundry,Foundry,Smart automobile expansion,False,2010,6,5.47,38.0,2.08,0.44,2.46,2.0786,0.0014000000000002,False,8.043875685557587,44.972577696526514,False,2015,5.09,1.99,True,7.465618860510803,0.3799999999999999,4.522613065326642,21.153846153846153,118.26923076923077,1.4813009451079158,20,51.36,13.908522219514177,True,True
2017,GlobalFoundries,GFS,USA,country,False,foundry,Foundry,Smart automobile expansion,False,2010,7,5.74,38.9,2.23,0.46,2.58,2.23286,0.00286,False,8.013937282229964,44.947735191637626,False,2016,5.47,2.08,True,4.936014625228524,0.27000000000000046,7.211538461538458,20.62780269058296,115.69506726457399,1.3337980713372837,21,56.93,13.22876728244452,True,True
2018,GlobalFoundries,GFS,USA,country,False,foundry,Foundry,Smart automobile expansion,False,2010,8,5.98,41.5,2.48,0.48,2.69,2.4817,0.0017,False,8.026755852842808,44.98327759197324,False,2017,5.74,2.23,True,4.181184668989557,0.2400000000000002,11.210762331838575,19.35483870967742,108.46774193548387,1.25577488450231,23,61.879999999999995,12.994540109197816,True,True
2019,GlobalFoundries,GFS,USA,country,False,foundry,Foundry,Smart automobile expansion,False,2010,9,5.47,40.0,2.19,0.44,2.46,2.188,0.0020000000000002,False,8.043875685557587,44.972577696526514,False,2018,5.98,2.48,True,-8.528428093645491,-0.5100000000000007,-11.693548387096776,20.091324200913245,112.32876712328768,1.1049388950611048,24,69.02,13.94202605797394,True,True
2020,GlobalFoundries,GFS,USA,country,False,foundry,Foundry,Smart automobile expansion,False,2010,10,4.97,41.3,2.06,0.4,2.24,2.05261,0.0073900000000004,False,8.048289738430585,45.07042253521127,False,2019,5.47,2.19,True,-9.140767824497253,-0.5,-5.936073059360725,19.41747572815534,108.73786407766993,0.9867180210049832,26,75.64,15.017173261331374,True,True
2021,GlobalFoundries,GFS,USA,country,False,foundry,Foundry,Smart automobile expansion,False,2010,11,6.63,39.7,2.63,0.53,2.98,2.63211,0.00211,False,7.99396681749623,44.94720965309201,False,2020,4.97,2.06,True,33.40040241448692,1.6600000000000001,27.669902912621346,20.152091254752854,113.30798479087454,1.0994477886672305,27,101.05,16.75704359650432,True,True
2022,GlobalFoundries,GFS,USA,country,False,foundry,Foundry,Transition Year,False,2010,12,8.0,39.8,3.18,0.64,3.6,3.184,0.0039999999999995,False,8.0,45.0,False,2021,6.63,2.63,True,20.663650075414775,1.37,20.912547528517123,20.12578616352201,113.20754716981132,1.1470191838958506,25,119.96000000000001,17.19955266251828,True,True
2023,GlobalFoundries,GFS,USA,country,False,foundry,Foundry,AI expansion,False,2010,13,7.03,35.7,2.51,0.56,3.17,2.50971,0.0002899999999996,False,7.965860597439544,45.09246088193456,False,2022,8.0,3.18,True,-12.124999999999996,-0.9699999999999998,-21.06918238993711,22.31075697211156,126.29482071713147,1.0743485902040193,25,105.72000000000001,16.156491174447925,True,True
2024,GlobalFoundries,GFS,USA,country,False,foundry,Foundry,AI expansion,False,2010,14,6.54,37.0,2.42,0.52,2.94,2.4198,0.0001999999999999,False,7.951070336391437,44.95412844036697,False,2023,7.03,2.51,True,-6.970128022759603,-0.4900000000000002,-3.585657370517925,21.487603305785125,121.48760330578511,0.7893688670022088,28,131.07,15.819965962993807,True,True
2025,GlobalFoundries,GFS,USA,country,False,foundry,Foundry,AI expansion,True,2010,15,7.24,37.3,2.7,0.58,3.26,2.70052,0.0005199999999994,False,8.011049723756905,45.02762430939226,False,2024,6.54,2.42,True,10.7033639143731,0.7000000000000002,11.570247933884303,21.48148148148148,120.74074074074073,0.7182254672433633,28,156.43,15.518233403436374,True,True
2026,GlobalFoundries,GFS,USA,country,False,foundry,Foundry,AI expansion,True,2010,16,7.42,43.9,3.26,0.59,3.34,3.25738,0.0026199999999998,False,7.951482479784366,45.01347708894878,False,2025,7.24,2.7,True,2.4861878453038555,0.17999999999999972,20.740740740740726,18.098159509202453,102.45398773006136,0.6448080783502645,29,164.83,14.323950883352307,True,True
2019,Graphcore,GPHC,GBR,country,False,fabless_ai,Fabless,Smart automobile expansion,False,2019,0,0.0,10.4,0.0,0.0,0.0,0.0,0.0,False,,,True,,,,False,,,,,,0.0,36,88.03,17.782042217957784,False,False
2020,Graphcore,GPHC,GBR,country,False,fabless_ai,Fabless,Smart automobile expansion,False,2019,1,0.0,11.3,0.0,0.0,0.0,0.0,0.0,False,,,True,2019,0.0,0.0,True,,0.0,,,,0.0,35,99.9,19.833627826639404,False,False
2021,Graphcore,GPHC,GBR,country,False,fabless_ai,Fabless,Smart automobile expansion,False,2019,2,0.07,12.6,0.01,0.03,0.0,0.00882,0.00118,False,42.85714285714285,0.0,False,2020,0.0,0.0,True,,0.07,,300.0,0.0,0.011608046034193988,37,127.36,21.12001061307066,False,True
2022,Graphcore,GPHC,GBR,country,False,fabless_ai,Fabless,Transition Year,False,2019,3,0.05,11.9,0.01,0.02,0.0,0.00595,0.00405,False,40.0,0.0,False,2021,0.07,0.01,True,-28.57142857142857,-0.020000000000000004,0.0,200.0,0.0,0.007168869899349066,36,154.83,22.19912253032432,True,True
2023,Graphcore,GPHC,GBR,country,False,fabless_ai,Fabless,AI expansion,False,2019,4,0.05,5.9,0.0,0.02,0.0,0.00295,0.00295,False,40.0,0.0,False,2022,0.05,0.01,True,0.0,0.0,-100.0,,,0.007641170627340109,37,177.4,27.1108733858027,True,False
2024,Graphcore,GPHC,GBR,country,False,fabless_ai,Fabless,AI expansion,False,2019,5,0.05,11.1,0.01,0.02,0.0,0.00555,0.00445,False,40.0,0.0,False,2023,0.05,0.0,True,0.0,0.0,,200.0,0.0,0.006034930175857866,40,284.01,34.27961038490784,True,True
2025,Graphcore,GPHC,GBR,country,False,fabless_ai,Fabless,AI expansion,True,2019,6,0.06,9.6,0.01,0.03,0.0,0.0057599999999999,0.00424,False,50.0,0.0,False,2024,0.05,0.01,True,19.999999999999996,0.009999999999999995,0.0,300.0,0.0,0.00595214475616047,40,371.74,36.87750486091822,True,True
2026,Graphcore,GPHC,GBR,country,False,fabless_ai,Fabless,AI expansion,True,2019,7,0.07,13.0,0.01,0.04,0.0,0.0091,0.0008999999999999,False,57.14285714285714,0.0,False,2025,0.06,0.01,True,16.666666666666675,0.010000000000000009,0.0,400.0,0.0,0.006083095078776082,39,455.02000000000004,39.5418560392099,True,True
2020,Groq,GROQ,USA,country,False,fabless_ai,Fabless,Smart automobile expansion,False,2020,0,0.0,12.3,0.0,0.0,0.0,0.0,0.0,False,,,True,,,,False,,,,,,0.0,35,99.9,19.833627826639404,False,False
2021,Groq,GROQ,USA,country,False,fabless_ai,Fabless,Smart automobile expansion,False,2020,1,0.0,15.9,0.0,0.0,0.0,0.0,0.0,False,,,True,2020,0.0,0.0,True,,0.0,,,,0.0,40,127.36,21.12001061307066,False,False
2022,Groq,GROQ,USA,country,False,fabless_ai,Fabless,Transition Year,False,2020,2,0.02,7.2,0.0,0.01,0.0,0.00144,0.00144,False,50.0,0.0,False,2021,0.0,0.0,True,,0.02,,,,0.0028675479597396266,37,154.83,22.19912253032432,False,False
2023,Groq,GROQ,USA,country,False,fabless_ai,Fabless,AI expansion,False,2020,3,0.04,6.8,0.0,0.02,0.0,0.00272,0.00272,False,50.0,0.0,False,2022,0.02,0.0,True,100.0,0.02,,,,0.0061129365018720875,38,177.4,27.1108733858027,True,False
2024,Groq,GROQ,USA,country,False,fabless_ai,Fabless,AI expansion,False,2020,4,0.48,8.5,0.04,0.24,0.0,0.0408,0.0008,False,50.0,0.0,False,2023,0.04,0.0,True,1100.0,0.44,,600.0,0.0,0.05793532968823551,37,284.01,34.27961038490784,True,True
2025,Groq,GROQ,USA,country,False,fabless_ai,Fabless,AI expansion,True,2020,5,1.27,9.7,0.12,0.63,0.01,0.12319,0.0031899999999999,False,49.60629921259843,0.7874015748031495,False,2024,0.48,0.04,True,164.58333333333334,0.79,200.0,525.0,8.333333333333334,0.1259870640053966,37,371.74,36.87750486091822,True,True
2026,Groq,GROQ,USA,country,False,fabless_ai,Fabless,AI expansion,True,2020,6,1.96,8.0,0.16,0.98,0.02,0.1568,0.0032,False,50.0,1.020408163265306,False,2025,1.27,0.12,True,54.33070866141732,0.69,33.33333333333335,612.5,12.5,0.17032666220573028,36,455.02000000000004,39.5418560392099,True,True
2010,HiSilicon (Huawei),HUAWEI,CHN,country,False,fabless_diversified,Fabless,Smart automobile expansion,False,2010,0,0.96,34.4,0.33,0.12,0.1,0.33024,0.00024,False,12.5,10.416666666666668,False,,,,False,,,,36.36363636363636,30.303030303030305,0.4085106382978723,31,31.060000000000002,13.217021276595744,False,True
2011,HiSilicon (Huawei),HUAWEI,CHN,country,False,fabless_diversified,Fabless,Smart automobile expansion,False,2010,1,1.61,31.2,0.5,0.19,0.16,0.50232,0.0023199999999999,False,11.801242236024844,9.937888198757763,False,2010,0.96,0.33,True,67.70833333333334,0.6500000000000001,51.515151515151516,38.0,32.0,0.644515612489992,29,36.25,14.511609287429945,True,True
2012,HiSilicon (Huawei),HUAWEI,CHN,country,False,fabless_diversified,Fabless,Smart automobile expansion,False,2010,2,2.21,31.3,0.69,0.26,0.22,0.6917300000000001,0.0017300000000001,False,11.764705882352942,9.95475113122172,False,2011,1.61,0.5,True,37.267080745341595,0.5999999999999999,37.999999999999986,37.68115942028986,31.884057971014496,0.8287396407544905,26,39.980000000000004,14.99231259609255,True,True
2013,HiSilicon (Huawei),HUAWEI,CHN,country,False,fabless_diversified,Fabless,Smart automobile expansion,False,2010,3,2.79,34.4,0.96,0.33,0.28,0.95976,0.00024,False,11.827956989247312,10.03584229390681,False,2012,2.21,0.69,True,26.24434389140271,0.5800000000000001,39.13043478260869,34.37500000000001,29.166666666666668,0.9816339455351489,25,47.26,16.627964253043416,True,True
2014,HiSilicon (Huawei),HUAWEI,CHN,country,False,fabless_diversified,Fabless,Smart automobile expansion,False,2010,4,3.35,33.4,1.12,0.4,0.34,1.1189,0.0011000000000001,False,11.940298507462686,10.149253731343284,False,2013,2.79,0.96,True,20.071684587813632,0.56,16.666666666666675,35.714285714285715,30.357142857142854,1.1442429210643168,23,48.88,16.695699696007107,True,True
2015,HiSilicon (Huawei),HUAWEI,CHN,country,False,fabless_diversified,Fabless,Smart automobile expansion,False,2010,5,3.92,29.8,1.17,0.47,0.39,1.16816,0.0018399999999998,False,11.989795918367346,9.948979591836734,False,2014,3.35,1.12,True,17.014925373134314,0.5699999999999998,4.464285714285698,40.17094017094017,33.333333333333336,1.258346173600411,23,56.49,18.133667180277353,True,True
2016,HiSilicon (Huawei),HUAWEI,CHN,country,False,fabless_diversified,Fabless,Smart automobile expansion,False,2010,6,5.0,31.4,1.57,0.6,0.5,1.57,0.0,False,12.0,10.0,False,2015,3.92,1.17,True,27.55102040816326,1.08,34.1880341880342,38.216560509554135,31.84713375796178,1.3540228017439815,21,61.019999999999996,16.524494272483548,True,True
2017,HiSilicon (Huawei),HUAWEI,CHN,country,False,fabless_diversified,Fabless,Smart automobile expansion,False,2010,7,6.61,29.8,1.97,0.79,0.66,1.96978,0.0002199999999998,False,11.951588502269288,9.984871406959153,False,2016,5.0,1.57,True,32.2,1.6100000000000003,25.47770700636942,40.101522842639596,33.50253807106599,1.5359591030556523,20,71.42,16.59579412106425,True,True
2018,HiSilicon (Huawei),HUAWEI,CHN,country,False,fabless_diversified,Fabless,Smart automobile expansion,False,2010,8,7.46,26.7,1.99,0.89,0.75,1.99182,0.0018199999999999,False,11.93029490616622,10.05361930294906,False,2017,6.61,1.97,True,12.859304084720113,0.8499999999999996,1.0152284263959421,44.72361809045226,37.68844221105528,1.5665686686266274,19,77.11,16.19277614447711,True,True
2019,HiSilicon (Huawei),HUAWEI,CHN,country,False,fabless_diversified,Fabless,Smart automobile expansion,False,2010,9,9.19,25.2,2.32,1.1,0.92,2.31588,0.0041199999999999,False,11.969532100108816,10.01088139281828,False,2018,7.46,1.99,True,23.190348525469172,1.7299999999999995,16.582914572864315,47.413793103448285,39.65517241379311,1.8563781436218563,17,88.03,17.782042217957784,True,True
2020,HiSilicon (Huawei),HUAWEI,CHN,country,False,fabless_diversified,Fabless,Smart automobile expansion,False,2010,10,10.7,30.7,3.28,1.28,1.07,3.2848999999999995,0.0048999999999996,False,11.962616822429908,10.0,False,2019,9.19,2.32,True,16.430903155603914,1.5099999999999998,41.37931034482758,39.02439024390244,32.6219512195122,2.1243224999503663,14,99.9,19.833627826639404,True,True
2021,HiSilicon (Huawei),HUAWEI,CHN,country,False,fabless_diversified,Fabless,Smart automobile expansion,False,2010,11,6.76,38.4,2.6,0.81,0.68,2.59584,0.0041600000000001,False,11.98224852071006,10.059171597633137,False,2020,10.7,3.28,True,-36.822429906542055,-3.9399999999999995,-20.731707317073166,31.153846153846153,26.153846153846157,1.1210055884450194,26,127.36,21.12001061307066,True,True
2022,HiSilicon (Huawei),HUAWEI,CHN,country,False,fabless_diversified,Fabless,Transition Year,False,2010,12,1.97,34.3,0.67,0.24,0.2,0.67571,0.0057099999999999,False,12.182741116751268,10.152284263959393,False,2021,6.76,2.6,True,-70.85798816568047,-4.79,-74.23076923076923,35.82089552238806,29.850746268656714,0.2824534740343532,34,154.83,22.19912253032432,True,True
2023,HiSilicon (Huawei),HUAWEI,CHN,country,False,fabless_diversified,Fabless,AI expansion,False,2010,13,4.03,29.5,1.19,0.48,0.4,1.18885,0.0011499999999999,False,11.910669975186105,9.925558312655086,False,2022,1.97,0.67,True,104.56852791878175,2.0600000000000005,77.61194029850745,40.33613445378151,33.61344537815126,0.6158783525636128,33,177.4,27.1108733858027,True,True
2024,HiSilicon (Huawei),HUAWEI,CHN,country,False,fabless_diversified,Fabless,AI expansion,False,2010,14,9.12,30.2,2.75,1.09,0.91,2.75424,0.0042399999999997,False,11.951754385964914,9.978070175438598,False,2023,4.03,1.19,True,126.30272952853593,5.089999999999999,131.09243697478993,39.63636363636364,33.09090909090909,1.1007712640764746,23,284.01,34.27961038490784,True,True
2025,HiSilicon (Huawei),HUAWEI,CHN,country,False,fabless_diversified,Fabless,AI expansion,True,2010,15,10.53,28.8,3.03,1.26,1.05,3.03264,0.0026400000000004,False,11.965811965811966,9.971509971509974,False,2024,9.12,2.75,True,15.460526315789469,1.4100000000000001,10.18181818181818,41.584158415841586,34.65346534653466,1.0446014047061625,22,371.74,36.87750486091822,True,True
2026,HiSilicon (Huawei),HUAWEI,CHN,country,False,fabless_diversified,Fabless,AI expansion,True,2010,16,11.51,25.4,2.92,1.38,1.15,2.92354,0.00354,False,11.98957428323197,9.991311902693308,False,2025,10.53,3.03,True,9.306742640075981,0.9800000000000004,-3.63036303630363,47.26027397260274,39.38356164383561,1.0002346336673242,23,455.02000000000004,39.5418560392099,True,True
2010,Hua Hong,1347,CHN,country,False,foundry,Foundry,Smart automobile expansion,False,2010,0,0.63,39.7,0.25,0.05,0.28,0.25011,0.00011,False,7.936507936507938,44.44444444444445,False,,,,False,,,,20.0,112.00000000000001,0.2680851063829787,33,26.67,11.348936170212767,False,True
2011,Hua Hong,1347,CHN,country,False,foundry,Foundry,Smart automobile expansion,False,2010,1,0.62,33.7,0.21,0.05,0.28,0.20894,0.0010599999999999,False,8.06451612903226,45.16129032258065,False,2010,0.63,0.25,True,-1.5873015873015928,-0.010000000000000009,-16.000000000000004,23.80952380952381,133.33333333333334,0.24819855884707764,33,30.44,12.185748598879103,True,True
2012,Hua Hong,1347,CHN,country,False,foundry,Foundry,Smart automobile expansion,False,2010,2,0.62,39.2,0.24,0.05,0.28,0.24304,0.00304,False,8.06451612903226,45.16129032258065,False,2011,0.62,0.21,True,0.0,0.0,14.28571428571428,20.833333333333336,116.66666666666667,0.23249709378632766,33,32.669999999999995,12.251096861289232,True,True
2013,Hua Hong,1347,CHN,country,False,foundry,Foundry,Smart automobile expansion,False,2010,3,0.65,44.1,0.29,0.05,0.29,0.28665,0.0033499999999999,False,7.6923076923076925,44.61538461538461,False,2012,0.62,0.24,True,4.8387096774193505,0.030000000000000027,20.833333333333325,17.24137931034483,100.0,0.22869608050102036,32,38.12,13.412145521075225,True,True
2014,Hua Hong,1347,CHN,country,False,foundry,Foundry,Smart automobile expansion,False,2010,4,0.68,43.9,0.3,0.05,0.3,0.29852,0.0014799999999999,False,7.352941176470589,44.11764705882352,False,2013,0.65,0.29,True,4.615384615384621,0.030000000000000027,3.4482758620689724,16.666666666666668,100.0,0.23226423472350313,32,41.589999999999996,14.205690473750726,True,True
2015,Hua Hong,1347,CHN,country,False,foundry,Foundry,Smart automobile expansion,False,2010,5,0.7,40.1,0.28,0.06,0.32,0.2807,0.0006999999999999,False,8.571428571428571,45.71428571428572,False,2014,0.68,0.3,True,2.941176470588225,0.019999999999999907,-6.666666666666654,21.428571428571423,114.28571428571428,0.2247046738572162,33,46.3,14.86260914227016,True,True
2016,Hua Hong,1347,CHN,country,False,foundry,Foundry,Smart automobile expansion,False,2010,6,0.76,40.0,0.31,0.06,0.34,0.304,0.006,False,7.894736842105263,44.73684210526316,False,2015,0.7,0.28,True,8.571428571428585,0.06000000000000005,10.714285714285698,19.35483870967742,109.67741935483872,0.2058114658650852,33,51.36,13.908522219514177,True,True
2017,Hua Hong,1347,CHN,country,False,foundry,Foundry,Smart automobile expansion,False,2010,7,0.88,33.0,0.29,0.07,0.39,0.2904,0.0004,False,7.954545454545456,44.31818181818182,False,2016,0.76,0.31,True,15.789473684210531,0.12,-6.451612903225811,24.13793103448276,134.48275862068968,0.20448472173812013,33,56.93,13.22876728244452,True,True
2018,Hua Hong,1347,CHN,country,False,foundry,Foundry,Smart automobile expansion,False,2010,8,0.85,38.4,0.33,0.07,0.38,0.3264,0.0035999999999999,False,8.23529411764706,44.70588235294118,False,2017,0.88,0.29,True,-3.409090909090917,-0.030000000000000027,13.793103448275868,21.21212121212121,115.15151515151514,0.17849643007139857,32,61.879999999999995,12.994540109197816,True,True
2019,Hua Hong,1347,CHN,country,False,foundry,Foundry,Smart automobile expansion,False,2010,9,0.93,42.1,0.39,0.07,0.42,0.39153,0.00153,False,7.526881720430108,45.16129032258064,False,2018,0.85,0.33,True,9.411764705882364,0.08000000000000007,18.181818181818187,17.94871794871795,107.6923076923077,0.18785981214018785,34,69.02,13.94202605797394,True,True
2020,Hua Hong,1347,CHN,country,False,foundry,Foundry,Smart automobile expansion,False,2010,10,0.97,38.8,0.38,0.08,0.44,0.37636,0.00364,False,8.24742268041237,45.36082474226804,False,2019,0.93,0.39,True,4.3010752688172005,0.039999999999999925,-2.564102564102566,21.052631578947366,115.78947368421053,0.19257876868708929,34,75.64,15.017173261331374,True,True
2021,Hua Hong,1347,CHN,country,False,foundry,Foundry,Smart automobile expansion,False,2010,11,1.78,43.1,0.77,0.14,0.8,0.7671800000000001,0.0028199999999999,False,7.865168539325844,44.943820224719104,False,2020,0.97,0.38,True,83.50515463917527,0.81,102.63157894736841,18.181818181818183,103.89610389610391,0.2951760277266471,35,101.05,16.75704359650432,True,True
2022,Hua Hong,1347,CHN,country,False,foundry,Foundry,Transition Year,False,2010,12,2.51,42.9,1.08,0.2,1.13,1.07679,0.0032100000000001,False,7.9681274900398416,45.0199203187251,False,2021,1.78,0.77,True,41.01123595505616,0.7299999999999998,40.25974025974026,18.51851851851852,104.6296296296296,0.3598772689473231,33,119.96000000000001,17.19955266251828,True,True
2023,Hua Hong,1347,CHN,country,False,foundry,Foundry,AI expansion,False,2010,13,2.32,38.3,0.89,0.19,1.04,0.8885599999999998,0.0014400000000002,False,8.189655172413794,44.82758620689656,False,2022,2.51,1.08,True,-7.569721115537842,-0.18999999999999995,-17.59259259259259,21.34831460674157,116.85393258426966,0.354550317108581,34,105.72000000000001,16.156491174447925,True,True
2024,Hua Hong,1347,CHN,country,False,foundry,Foundry,AI expansion,False,2010,14,1.94,40.3,0.78,0.16,0.87,0.7818199999999998,0.0018199999999998,False,8.24742268041237,44.84536082474227,False,2023,2.32,0.89,True,-16.37931034482758,-0.3799999999999999,-12.35955056179775,20.51282051282051,111.53846153846155,0.23415529082328515,35,131.07,15.819965962993807,True,True
2025,Hua Hong,1347,CHN,country,False,foundry,Foundry,AI expansion,True,2010,15,2.2,44.4,0.98,0.18,0.99,0.9768,0.0031999999999998,False,8.18181818181818,44.99999999999999,False,2024,1.94,0.78,True,13.402061855670123,0.26000000000000023,25.64102564102564,18.367346938775512,101.0204081632653,0.2182453077258839,35,156.43,15.518233403436374,True,True
2026,Hua Hong,1347,CHN,country,False,foundry,Foundry,AI expansion,True,2010,16,2.32,35.7,0.83,0.19,1.05,0.82824,0.0017599999999999,False,8.189655172413794,45.25862068965517,False,2025,2.2,0.98,True,5.454545454545445,0.11999999999999966,-15.306122448979597,22.89156626506024,126.50602409638556,0.20161115118229297,35,164.83,14.323950883352307,True,True
2010,Infineon,IFX,DEU,country,False,idm_automotive,IDM,Smart automobile expansion,False,2010,0,4.57,21.1,0.96,0.55,0.68,0.96427,0.0042700000000001,False,12.035010940919037,14.87964989059081,False,,,,False,,,,57.29166666666667,70.83333333333334,1.9446808510638298,14,145.92,62.09361702127659,False,True
2011,Infineon,IFX,DEU,country,False,idm_automotive,IDM,Smart automobile expansion,False,2010,1,4.54,16.5,0.75,0.54,0.68,0.7491,0.0009,False,11.894273127753303,14.977973568281936,False,2010,4.57,0.96,True,-0.6564551422319487,-0.03000000000000025,-21.875,72.00000000000001,90.66666666666667,1.8174539631705364,15,151.0,60.448358686949554,True,True
2012,Infineon,IFX,DEU,country,False,idm_automotive,IDM,Smart automobile expansion,False,2010,2,5.11,16.8,0.86,0.61,0.77,0.8584800000000001,0.0015199999999998,False,11.937377690802348,15.068493150684931,False,2011,4.54,0.75,True,12.555066079295152,0.5700000000000003,14.666666666666671,70.93023255813954,89.53488372093024,1.9162260471744101,15,161.35,60.50549368132898,True,True
2013,Infineon,IFX,DEU,country,False,idm_automotive,IDM,Smart automobile expansion,False,2010,3,5.56,26.0,1.44,0.67,0.83,1.4456,0.0056,False,12.050359712230216,14.928057553956837,False,2012,5.11,0.86,True,8.80626223091976,0.4499999999999993,67.44186046511626,46.527777777777786,57.638888888888886,1.9562310885933434,14,165.43,58.204911688128924,True,True
2014,Infineon,IFX,DEU,country,False,idm_automotive,IDM,Smart automobile expansion,False,2010,4,5.52,17.5,0.97,0.66,0.83,0.966,0.004,False,11.956521739130435,15.03623188405797,False,2013,5.56,1.44,True,-0.7194244604316502,-0.040000000000000036,-32.638888888888886,68.04123711340206,85.56701030927834,1.8854390818731428,17,168.2,57.45124158896062,True,True
2015,Infineon,IFX,DEU,country,False,idm_automotive,IDM,Smart automobile expansion,False,2010,5,6.04,24.8,1.5,0.73,0.91,1.49792,0.00208,False,12.086092715231787,15.066225165562914,False,2014,5.52,0.97,True,9.420289855072483,0.5200000000000005,54.639175257731964,48.666666666666664,60.66666666666667,1.9388803287108372,15,172.79,55.46674370826913,True,True
2016,Infineon,IFX,DEU,country,False,idm_automotive,IDM,Smart automobile expansion,False,2010,6,6.56,20.7,1.36,0.79,0.98,1.3579199999999998,0.0020800000000003,False,12.042682926829269,14.9390243902439,False,2015,6.04,1.5,True,8.609271523178808,0.5199999999999996,-9.333333333333327,58.08823529411764,72.05882352941175,1.7764779158881034,18,211.93,57.3916104747204,True,True
2017,Infineon,IFX,DEU,country,False,idm_automotive,IDM,Smart automobile expansion,False,2010,7,8.03,15.0,1.21,0.96,1.2,1.2045,0.0055,False,11.95516811955168,14.943960149439604,False,2016,6.56,1.36,True,22.40853658536586,1.4699999999999998,-11.029411764705888,79.33884297520662,99.17355371900827,1.8659230858603462,16,247.23000000000002,57.448588358313,True,True
2018,Infineon,IFX,DEU,country,False,idm_automotive,IDM,Smart automobile expansion,False,2010,8,8.08,18.7,1.51,0.97,1.21,1.51096,0.00096,False,12.004950495049505,14.975247524752474,False,2017,8.03,1.21,True,0.6226650062266526,0.05000000000000071,24.79338842975207,64.23841059602648,80.13245033112582,1.6967660646787064,17,274.37,57.616547669046625,True,True
2019,Infineon,IFX,DEU,country,False,idm_automotive,IDM,Smart automobile expansion,False,2010,9,8.57,22.4,1.92,1.03,1.28,1.91968,0.00032,False,12.018669778296385,14.935822637106185,False,2018,8.08,1.51,True,6.064356435643559,0.4900000000000002,27.15231788079471,53.645833333333336,66.66666666666667,1.7311382688617312,19,273.07,55.16008483991516,True,True
2020,Infineon,IFX,DEU,country,False,idm_automotive,IDM,Smart automobile expansion,False,2010,10,9.07,14.7,1.33,1.09,1.36,1.33329,0.00329,False,12.017640573318634,14.994487320837926,False,2019,8.57,1.92,True,5.834305717619603,0.5,-30.729166666666664,81.95488721804512,102.25563909774435,1.8007107546308248,18,258.64,51.349044054875016,True,True
2021,Infineon,IFX,DEU,country,False,idm_automotive,IDM,Smart automobile expansion,False,2010,11,11.78,18.3,2.15,1.41,1.77,2.15574,0.0057399999999998,False,11.96943972835314,15.025466893039049,False,2020,9.07,1.33,True,29.878721058434387,2.709999999999999,61.65413533834585,65.58139534883722,82.32558139534885,1.9534683183257882,18,285.09999999999997,47.27791320498151,True,True
2022,Infineon,IFX,DEU,country,False,idm_automotive,IDM,Transition Year,False,2010,12,14.75,18.1,2.67,1.77,2.21,2.66975,0.0002499999999998,False,12.0,14.983050847457626,False,2021,11.78,2.15,True,25.212224108658752,2.9700000000000006,24.1860465116279,66.29213483146069,82.77153558052434,2.1148166203079746,18,317.07,45.46067157973217,True,True
2023,Infineon,IFX,DEU,country,False,idm_automotive,IDM,AI expansion,False,2010,13,16.68,11.6,1.94,2.0,2.5,1.93488,0.00512,False,11.990407673860911,14.98800959232614,False,2022,14.75,2.67,True,13.084745762711858,1.9299999999999997,-27.340823970037455,103.09278350515466,128.8659793814433,2.54909452128066,14,256.74,39.235882937265984,True,True
2024,Infineon,IFX,DEU,country,False,idm_automotive,IDM,AI expansion,False,2010,14,15.35,21.3,3.28,1.84,2.3,3.26955,0.01045,False,11.98697068403909,14.983713355048858,False,2023,16.68,1.94,True,-7.973621103117512,-1.33,69.0721649484536,56.09756097560976,70.1219512195122,1.8527235639883646,14,301.22,36.35683335143813,True,True
2025,Infineon,IFX,DEU,country,False,idm_automotive,IDM,AI expansion,True,2010,15,15.69,21.6,3.39,1.88,2.35,3.38904,0.00096,False,11.982154238368386,14.977692797960485,False,2024,15.35,3.28,True,2.2149837133550454,0.33999999999999986,3.35365853658538,55.45722713864306,69.32153392330383,1.5564858537359627,17,346.83,34.40637276298559,True,True
2026,Infineon,IFX,DEU,country,False,idm_automotive,IDM,AI expansion,True,2010,16,17.45,20.7,3.61,2.09,2.62,3.61215,0.0021499999999998,False,11.977077363896846,15.014326647564472,False,2025,15.69,3.39,True,11.217335882727841,1.7599999999999998,6.4896755162241915,57.89473684210527,72.57617728531856,1.5164287017806086,16,387.14,33.642991839962455,True,True
2010,Intel,INTC,USA,country,False,idm_cpu,IDM,Smart automobile expansion,False,2010,0,44.33,27.0,11.96,8.87,11.08,11.9691,0.0090999999999983,False,20.009023234829684,24.99436047823145,False,,,,False,,,,74.16387959866219,92.64214046822742,18.86382978723404,1,145.92,62.09361702127659,False,True
2011,Intel,INTC,USA,country,False,idm_cpu,IDM,Smart automobile expansion,False,2010,1,45.66,14.0,6.39,9.13,11.41,6.3924,0.0024000000000006,False,19.99561979851073,24.98904949627683,False,2010,44.33,11.96,True,3.000225580870741,1.3299999999999983,-46.57190635451506,142.8794992175274,178.5602503912363,18.278622898318652,1,151.0,60.448358686949554,True,True
2012,Intel,INTC,USA,country,False,idm_cpu,IDM,Smart automobile expansion,False,2010,2,50.66,18.6,9.44,10.13,12.67,9.42276,0.0172399999999992,False,19.99605211212002,25.009869719699964,False,2011,45.66,6.39,True,10.950503723171256,5.0,47.73082942097027,107.30932203389831,134.21610169491527,18.997262534218322,1,161.35,60.50549368132898,True,True
2013,Intel,INTC,USA,country,False,idm_cpu,IDM,Smart automobile expansion,False,2010,3,50.78,23.9,12.15,10.16,12.7,12.13642,0.0135799999999992,False,20.007877116975187,25.009846396218983,False,2012,50.66,9.44,True,0.23687327279906523,0.12000000000000455,28.707627118644076,83.62139917695474,104.5267489711934,17.866441488987405,1,165.43,58.204911688128924,True,True
2014,Intel,INTC,USA,country,False,idm_cpu,IDM,Smart automobile expansion,False,2010,4,50.47,16.2,8.2,10.09,12.62,8.176139999999998,0.0238600000000008,True,19.992074499702795,25.00495343768575,False,2013,50.78,12.15,True,-0.6104765655770006,-0.3100000000000023,-32.51028806584363,123.04878048780488,153.90243902439025,17.238788127198827,1,168.2,57.45124158896062,True,True
2015,Intel,INTC,USA,country,False,idm_cpu,IDM,Smart automobile expansion,False,2010,5,52.71,17.6,9.29,10.54,13.18,9.27696,0.0130399999999983,False,19.99620565357617,25.00474293302978,False,2014,50.47,8.2,True,4.438280166435504,2.240000000000002,13.292682926829258,113.45532831001077,141.8729817007535,16.920261941448384,1,172.79,55.46674370826913,True,True
2016,Intel,INTC,USA,country,False,idm_cpu,IDM,Smart automobile expansion,False,2010,6,61.27,21.6,13.22,12.25,15.32,13.234320000000002,0.0143200000000014,False,19.99347151950383,25.0040803003101,False,2015,52.71,9.29,True,16.239802693985972,8.560000000000002,42.30355220667386,92.6626323751891,115.88502269288956,16.59219541257075,1,211.93,57.3916104747204,True,True
2017,Intel,INTC,USA,country,False,idm_cpu,IDM,Smart automobile expansion,False,2010,7,66.18,15.8,10.43,13.24,16.54,10.456440000000002,0.0264400000000026,True,20.006044122091264,24.992444847385915,False,2016,61.27,13.22,True,8.013709809041947,4.910000000000004,-21.10438729198185,126.94151486097796,158.5810162991371,15.378180550714534,1,247.23000000000002,57.448588358313,True,True
2018,Intel,INTC,USA,country,False,idm_cpu,IDM,Smart automobile expansion,False,2010,8,66.06,20.2,13.32,13.21,16.51,13.34412,0.0241199999999999,True,19.996972449288524,24.99243112322132,False,2017,66.18,10.43,True,-0.18132366273799772,-0.12000000000000455,27.70853307766059,99.17417417417418,123.94894894894897,13.87232255354893,2,274.37,57.616547669046625,True,True
2019,Intel,INTC,USA,country,False,idm_cpu,IDM,Smart automobile expansion,False,2010,9,73.31,21.4,15.67,14.66,18.33,15.688339999999998,0.0183399999999984,False,19.997271859227936,25.003410175965072,False,2018,66.06,13.32,True,10.97487132909476,7.25,17.642642642642635,93.55456285896618,116.97511167836629,14.808605191394808,2,273.07,55.16008483991516,True,True
2020,Intel,INTC,USA,country,False,idm_cpu,IDM,Smart automobile expansion,False,2010,10,79.56,20.4,16.24,15.91,19.89,16.23024,0.0097599999999999,False,19.99748617395676,25.0,False,2019,73.31,15.67,True,8.525439912699495,6.25,3.637523931078479,97.96798029556652,122.47536945812809,15.795429728602912,1,258.64,51.349044054875016,True,True
2021,Intel,INTC,USA,country,False,idm_cpu,IDM,Smart automobile expansion,False,2010,11,72.13,20.7,14.92,14.43,18.03,14.93091,0.010909999999999,False,20.00554554277,24.996534035768757,False,2020,79.56,16.24,True,-9.338863750628468,-7.430000000000007,-8.128078817733986,96.71581769436997,120.84450402144773,11.961262292091604,1,285.09999999999997,47.27791320498151,True,True
2022,Intel,INTC,USA,country,False,idm_cpu,IDM,Transition Year,False,2010,12,64.11,7.9,5.06,12.82,16.03,5.06469,0.00469,False,19.996880361878024,25.003899547652477,False,2021,72.13,14.92,True,-11.118813253847215,-8.019999999999996,-66.0857908847185,253.35968379446646,316.79841897233206,9.191924984945372,3,317.07,45.46067157973217,True,True
2023,Intel,INTC,USA,country,False,idm_cpu,IDM,AI expansion,False,2010,13,53.91,10.6,5.71,10.78,13.48,5.714459999999999,0.004459999999999,False,19.99629011315155,25.004637358560565,False,2022,64.11,5.06,True,-15.910154422087041,-10.200000000000003,12.845849802371557,188.79159369527144,236.077057793345,8.238710170398104,3,256.74,39.235882937265984,True,True
2024,Intel,INTC,USA,country,False,idm_cpu,IDM,AI expansion,False,2010,14,54.42,8.8,4.8,10.88,13.61,4.78896,0.0110399999999994,False,19.99264976111724,25.009187798603456,False,2023,53.91,5.71,True,0.9460211463550472,0.5100000000000051,-15.936952714535902,226.6666666666667,283.5416666666667,6.568418003403701,4,301.22,36.35683335143813,True,True
2025,Intel,INTC,USA,country,False,idm_cpu,IDM,AI expansion,True,2010,15,57.44,9.2,5.29,11.49,14.36,5.284479999999999,0.0055200000000006,False,20.00348189415042,25.0,False,2024,54.42,4.8,True,5.549430356486584,3.019999999999996,10.20833333333333,217.2022684310019,271.4555765595463,5.698186579897623,6,346.83,34.40637276298559,True,True
2026,Intel,INTC,USA,country,False,idm_cpu,IDM,AI expansion,True,2010,16,59.79,12.5,7.47,11.96,14.95,7.47375,0.0037500000000001,False,20.003345040976757,25.00418130122094,False,2025,57.44,5.29,True,4.0912256267409575,2.3500000000000014,41.209829867674856,160.10709504685408,200.1338688085676,5.195832210857455,6,387.14,33.642991839962455,True,True
2010,KLA,KLAC,USA,country,False,equipment_inspection,Equipment,Smart automobile expansion,False,2010,0,1.74,40.9,0.71,0.21,0.17,0.71166,0.0016599999999999,False,12.06896551724138,9.770114942528735,False,,,,False,,,,29.577464788732392,23.94366197183099,0.7404255319148936,27,29.060000000000002,12.365957446808512,False,True
2011,KLA,KLAC,USA,country,False,equipment_inspection,Equipment,Smart automobile expansion,False,2010,1,2.08,38.7,0.8,0.25,0.21,0.8049600000000001,0.00496,False,12.019230769230768,10.096153846153843,False,2010,1.74,0.71,True,19.54022988505748,0.3400000000000001,12.676056338028175,31.25,26.249999999999996,0.832666132906325,26,29.450000000000003,11.789431545236189,True,True
2012,KLA,KLAC,USA,country,False,equipment_inspection,Equipment,Smart automobile expansion,False,2010,2,2.04,34.9,0.71,0.24,0.2,0.7119599999999999,0.0019599999999999,False,11.76470588235294,9.803921568627452,False,2011,2.08,0.8,True,-1.9230769230769273,-0.040000000000000036,-11.250000000000004,33.80281690140845,28.169014084507044,0.7649904376195297,27,29.73,11.14861064236697,True,True
2013,KLA,KLAC,USA,country,False,equipment_inspection,Equipment,Smart automobile expansion,False,2010,3,2.34,38.3,0.9,0.28,0.23,0.8962199999999999,0.0037800000000001,False,11.965811965811968,9.82905982905983,False,2012,2.04,0.71,True,14.705882352941169,0.2999999999999998,26.7605633802817,31.11111111111111,25.555555555555554,0.8233058898036734,26,30.119999999999997,10.597424530293436,True,True
2014,KLA,KLAC,USA,country,False,equipment_inspection,Equipment,Smart automobile expansion,False,2010,4,2.57,40.1,1.03,0.31,0.26,1.03057,0.0005699999999999,False,12.06225680933852,10.116731517509727,False,2013,2.34,0.9,True,9.829059829059839,0.22999999999999998,14.444444444444438,30.097087378640776,25.24271844660194,0.8778221812344161,27,30.520000000000003,10.424565358472524,True,True
2015,KLA,KLAC,USA,country,False,equipment_inspection,Equipment,Smart automobile expansion,False,2010,5,2.77,43.1,1.2,0.33,0.28,1.19387,0.0061299999999999,False,11.913357400722022,10.108303249097474,False,2014,2.57,1.03,True,7.782101167315192,0.20000000000000018,16.50485436893203,27.500000000000004,23.333333333333336,0.8891884951206985,26,31.93,10.24974319465845,True,True
2016,KLA,KLAC,USA,country,False,equipment_inspection,Equipment,Smart automobile expansion,False,2010,6,3.14,37.4,1.17,0.38,0.31,1.17436,0.0043600000000001,False,12.101910828025478,9.872611464968152,False,2015,2.77,1.2,True,13.357400722021673,0.3700000000000001,-2.500000000000002,32.47863247863248,26.495726495726498,0.8503263194952204,26,40.64,11.005497332575082,True,True
2017,KLA,KLAC,USA,country,False,equipment_inspection,Equipment,Smart automobile expansion,False,2010,7,3.65,35.4,1.29,0.44,0.37,1.2920999999999998,0.0020999999999997,False,12.054794520547944,10.136986301369864,False,2016,3.14,1.17,True,16.242038216560495,0.5099999999999998,10.256410256410264,34.10852713178294,28.68217054263566,0.8481468572092482,26,50.03,11.62542116881608,True,True
2018,KLA,KLAC,USA,country,False,equipment_inspection,Equipment,Smart automobile expansion,False,2010,8,4.05,40.3,1.63,0.49,0.4,1.6321499999999998,0.0021499999999998,False,12.098765432098766,9.876543209876544,False,2017,3.65,1.29,True,10.95890410958904,0.3999999999999999,26.3565891472868,30.061349693251536,24.5398773006135,0.8504829903401931,26,57.620000000000005,12.099958000839985,True,True
2019,KLA,KLAC,USA,country,False,equipment_inspection,Equipment,Smart automobile expansion,False,2010,9,4.88,44.8,2.18,0.59,0.49,2.18624,0.0062399999999995,False,12.09016393442623,10.040983606557376,False,2018,4.05,1.63,True,20.493827160493836,0.8300000000000001,33.742331288343586,27.06422018348624,22.477064220183486,0.9857590142409858,26,59.07,11.932128067871933,True,True
2020,KLA,KLAC,USA,country,False,equipment_inspection,Equipment,Smart automobile expansion,False,2010,10,5.69,46.2,2.63,0.68,0.57,2.6287800000000003,0.0012199999999995,False,11.950790861159929,10.01757469244288,False,2019,4.88,2.18,True,16.59836065573772,0.8100000000000005,20.642201834862362,25.855513307984797,21.673003802281368,1.1296630864222041,23,63.11,12.529532053445571,True,True
2021,KLA,KLAC,USA,country,False,equipment_inspection,Equipment,Smart automobile expansion,False,2010,11,7.45,36.2,2.69,0.89,0.74,2.6969000000000007,0.0069000000000007,False,11.946308724832216,9.932885906040267,False,2020,5.69,2.63,True,30.931458699472756,1.7599999999999998,2.281368821292773,33.08550185873606,27.509293680297397,1.23542775649636,23,81.85,13.573122398553968,True,True
2022,KLA,KLAC,USA,country,False,equipment_inspection,Equipment,Transition Year,False,2010,12,9.22,36.8,3.39,1.11,0.92,3.39296,0.0029599999999998,False,12.039045553145336,9.97830802603037,False,2021,7.45,2.69,True,23.75838926174496,1.7700000000000005,26.022304832713772,32.743362831858406,27.13864306784661,1.3219396094399678,23,97.25999999999999,13.944885728213801,True,True
2023,KLA,KLAC,USA,country,False,equipment_inspection,Equipment,AI expansion,False,2010,13,10.27,41.2,4.23,1.23,1.03,4.231240000000001,0.0012400000000001,False,11.976630963972736,10.02921129503408,False,2022,9.22,3.39,True,11.388286334056396,1.049999999999999,24.77876106194692,29.078014184397162,24.349881796690305,1.569496446855658,22,104.75,16.00825246427753,True,True
2024,KLA,KLAC,USA,country,False,equipment_inspection,Equipment,AI expansion,False,2010,14,9.96,38.1,3.8,1.2,1.0,3.794760000000001,0.0052399999999992,False,12.048192771084336,10.04016064257028,False,2023,10.27,4.23,True,-3.0185004868549026,-0.3099999999999987,-10.165484633569754,31.57894736842105,26.31578947368421,1.2021580910308869,20,101.83,12.290738796152128,True,True
2025,KLA,KLAC,USA,country,False,equipment_inspection,Equipment,AI expansion,True,2010,15,11.74,43.5,5.1,1.41,1.17,5.1069,0.0068999999999999,False,12.01022146507666,9.965928449744462,False,2024,9.96,3.8,True,17.8714859437751,1.7799999999999994,34.210526315789465,27.647058823529413,22.941176470588236,1.1646363239553985,20,121.27,12.030276576326337,True,True
2026,KLA,KLAC,USA,country,False,equipment_inspection,Equipment,AI expansion,True,2010,16,13.57,41.6,5.64,1.63,1.36,5.64512,0.0051200000000006,False,12.011790714812085,10.02210759027266,False,2025,11.74,5.1,True,15.587734241908002,1.83,10.588235294117654,28.900709219858157,24.11347517730497,1.1792514316998775,20,130.6,11.349317389830803,True,True
2010,Lam Research,LRCX,USA,country,False,equipment_etch,Equipment,Smart automobile expansion,False,2010,0,2.57,28.5,0.73,0.31,0.26,0.7324499999999999,0.0024499999999999,False,12.06225680933852,10.116731517509727,False,,,,False,,,,42.465753424657535,35.61643835616439,1.0936170212765957,24,29.060000000000002,12.365957446808512,False,True
2011,Lam Research,LRCX,USA,country,False,equipment_etch,Equipment,Smart automobile expansion,False,2010,1,3.23,30.1,0.97,0.39,0.32,0.97223,0.00223,False,12.074303405572756,9.907120743034056,False,2010,2.57,0.73,True,25.680933852140075,0.6600000000000001,32.87671232876712,40.20618556701031,32.98969072164948,1.2930344275420336,23,29.450000000000003,11.789431545236189,True,True
2012,Lam Research,LRCX,USA,country,False,equipment_etch,Equipment,Smart automobile expansion,False,2010,2,3.71,30.0,1.11,0.45,0.37,1.113,0.0029999999999998,False,12.129380053908356,9.973045822102426,False,2011,3.23,0.97,True,14.860681114551078,0.48,14.432989690721666,40.54054054054054,33.33333333333333,1.39123260959238,22,29.73,11.14861064236697,True,True
2013,Lam Research,LRCX,USA,country,False,equipment_etch,Equipment,Smart automobile expansion,False,2010,3,4.26,31.3,1.33,0.51,0.43,1.33338,0.0033799999999999,False,11.971830985915494,10.093896713615024,False,2012,3.71,1.11,True,14.82479784366577,0.5499999999999998,19.819819819819816,38.34586466165413,32.33082706766917,1.4988389275913026,21,30.119999999999997,10.597424530293436,True,True
2014,Lam Research,LRCX,USA,country,False,equipment_etch,Equipment,Smart automobile expansion,False,2010,4,4.49,32.0,1.44,0.54,0.45,1.4368,0.0031999999999998,False,12.026726057906458,10.022271714922049,False,2013,4.26,1.33,True,5.39906103286385,0.23000000000000043,8.270676691729317,37.50000000000001,31.25,1.5336270792772486,22,30.520000000000003,10.424565358472524,True,True
2015,Lam Research,LRCX,USA,country,False,equipment_etch,Equipment,Smart automobile expansion,False,2010,5,5.15,25.7,1.32,0.62,0.51,1.3235500000000002,0.0035500000000001,False,12.038834951456309,9.902912621359222,False,2014,4.49,1.44,True,14.699331848552344,0.6600000000000001,-8.333333333333325,46.96969696969697,38.63636363636363,1.653184386235234,19,31.93,10.24974319465845,True,True
2016,Lam Research,LRCX,USA,country,False,equipment_etch,Equipment,Smart automobile expansion,False,2010,6,7.22,30.3,2.18,0.87,0.72,2.18766,0.0076599999999995,False,12.049861495844876,9.97229916897507,False,2015,5.15,1.32,True,40.19417475728153,2.0699999999999994,65.15151515151516,39.908256880733944,33.027522935779814,1.9552089257183092,15,40.64,11.005497332575082,True,True
2017,Lam Research,LRCX,USA,country,False,equipment_etch,Equipment,Smart automobile expansion,False,2010,7,8.98,32.5,2.92,1.08,0.9,2.9185000000000003,0.0014999999999996,False,12.026726057906458,10.022271714922049,False,2016,7.22,2.18,True,24.37673130193907,1.7600000000000007,33.944954128440365,36.986301369863014,30.82191780821918,2.086673637736726,13,50.03,11.62542116881608,True,True
2018,Lam Research,LRCX,USA,country,False,equipment_etch,Equipment,Smart automobile expansion,False,2010,8,10.66,28.8,3.07,1.28,1.07,3.0700800000000004,8.00000000005241e-05,False,12.00750469043152,10.0375234521576,False,2017,8.98,2.92,True,18.70824053452116,1.6799999999999997,5.13698630136985,41.69381107491857,34.853420195439746,2.238555228895422,13,57.620000000000005,12.099958000839985,True,True
2019,Lam Research,LRCX,USA,country,False,equipment_etch,Equipment,Smart automobile expansion,False,2010,9,10.37,29.9,3.1,1.24,1.04,3.10063,0.0006299999999996,False,11.957569913211188,10.028929604628738,False,2018,10.66,3.07,True,-2.7204502814259013,-0.2900000000000009,0.9771986970684043,40.0,33.5483870967742,2.0947379052620945,15,59.07,11.932128067871933,True,True
2020,Lam Research,LRCX,USA,country,False,equipment_etch,Equipment,Smart automobile expansion,False,2010,10,10.08,27.0,2.72,1.21,1.01,2.7216000000000005,0.0016000000000002,False,12.003968253968251,10.01984126984127,False,2019,10.37,3.1,True,-2.796528447444546,-0.28999999999999915,-12.25806451612903,44.48529411764706,37.132352941176464,2.001230915841093,16,63.11,12.529532053445571,True,True
2021,Lam Research,LRCX,USA,country,False,equipment_etch,Equipment,Smart automobile expansion,False,2010,11,13.9,30.2,4.2,1.67,1.39,4.1978,0.0022000000000002,False,12.014388489208631,10.0,False,2020,10.08,2.72,True,37.89682539682539,3.8200000000000003,54.41176470588236,39.76190476190476,33.095238095238095,2.305026283932806,15,81.85,13.573122398553968,True,True
2022,Lam Research,LRCX,USA,country,False,equipment_etch,Equipment,Transition Year,False,2010,12,16.25,24.1,3.92,1.95,1.63,3.91625,0.0037500000000001,False,12.0,10.03076923076923,False,2021,13.9,4.2,True,16.90647482014389,2.3499999999999996,-6.666666666666677,49.744897959183675,41.58163265306122,2.3298827172884464,16,97.25999999999999,13.944885728213801,True,True
2023,Lam Research,LRCX,USA,country,False,equipment_etch,Equipment,AI expansion,False,2010,13,17.39,29.3,5.1,2.09,1.74,5.09527,0.0047299999999994,False,12.018401380103509,10.005750431282346,False,2022,16.25,3.92,True,7.015384615384623,1.1400000000000006,30.102040816326525,40.98039215686274,34.11764705882353,2.6575991441888895,12,104.75,16.00825246427753,True,True
2024,Lam Research,LRCX,USA,country,False,equipment_etch,Equipment,AI expansion,False,2010,14,14.85,29.9,4.44,1.78,1.49,4.44015,0.0001499999999996,False,11.986531986531986,10.033670033670033,False,2023,17.39,5.1,True,-14.606095457159295,-2.540000000000001,-12.941176470588223,40.09009009009009,33.55855855855855,1.7923742622297858,16,101.83,12.290738796152128,True,True
2025,Lam Research,LRCX,USA,country,False,equipment_etch,Equipment,AI expansion,True,2010,15,17.07,32.8,5.6,2.05,1.71,5.59896,0.0010399999999997,False,12.00937316930287,10.01757469244288,False,2024,14.85,4.44,True,14.949494949494957,2.2200000000000006,26.126126126126103,36.607142857142854,30.53571428571429,1.6933851831276536,14,121.27,12.030276576326337,True,True
2026,Lam Research,LRCX,USA,country,False,equipment_etch,Equipment,AI expansion,True,2010,16,18.38,26.5,4.87,2.21,1.84,4.8707,0.0007000000000001,False,12.023939064200215,10.01088139281828,False,2025,17.07,5.6,True,7.674282366725249,1.3099999999999987,-13.035714285714285,45.37987679671458,37.782340862423,1.5972469649700622,15,130.6,11.349317389830803,True,True
2010,Marvell,MRVL,USA,country,False,fabless_networking,Fabless,Smart automobile expansion,False,2010,0,3.36,25.9,0.87,0.4,0.34,0.8702399999999999,0.0002399999999999,False,11.904761904761903,10.11904761904762,False,,,,False,,,,45.97701149425288,39.08045977011494,1.429787234042553,20,31.060000000000002,13.217021276595744,False,True
2011,Marvell,MRVL,USA,country,False,fabless_networking,Fabless,Smart automobile expansion,False,2010,1,3.43,26.2,0.9,0.41,0.34,0.89866,0.00134,False,11.9533527696793,9.912536443148689,False,2010,3.36,0.87,True,2.083333333333348,0.07000000000000028,3.4482758620689724,45.55555555555555,37.77777777777778,1.3730984787830265,22,36.25,14.511609287429945,True,True
2012,Marvell,MRVL,USA,country,False,fabless_networking,Fabless,Smart automobile expansion,False,2010,2,3.4,18.8,0.64,0.41,0.34,0.6392,0.0008,False,12.058823529411764,10.0,False,2011,3.43,0.9,True,-0.8746355685131268,-0.03000000000000025,-28.888888888888886,64.0625,53.125,1.2749840626992162,23,39.980000000000004,14.99231259609255,True,True
2013,Marvell,MRVL,USA,country,False,fabless_networking,Fabless,Smart automobile expansion,False,2010,3,3.01,26.8,0.8,0.36,0.3,0.80668,0.0066799999999999,False,11.960132890365449,9.966777408637874,False,2012,3.4,0.64,True,-11.470588235294121,-0.3900000000000001,25.0,44.99999999999999,37.49999999999999,1.0590387727816482,24,47.26,16.627964253043416,True,True
2014,Marvell,MRVL,USA,country,False,fabless_networking,Fabless,Smart automobile expansion,False,2010,4,2.75,29.4,0.81,0.33,0.27,0.8085,0.0015,False,12.000000000000002,9.818181818181818,False,2013,3.01,0.8,True,-8.637873754152814,-0.2599999999999998,1.2499999999999956,40.74074074074074,33.33333333333333,0.9393038904259317,26,48.88,16.695699696007107,True,True
2015,Marvell,MRVL,USA,country,False,fabless_networking,Fabless,Smart automobile expansion,False,2010,5,2.73,27.5,0.75,0.33,0.27,0.75075,0.00075,False,12.087912087912088,9.89010989010989,False,2014,2.75,0.81,True,-0.727272727272732,-0.020000000000000018,-7.407407407407418,44.0,36.00000000000001,0.8763482280431433,27,56.49,18.133667180277353,True,True
2016,Marvell,MRVL,USA,country,False,fabless_networking,Fabless,Smart automobile expansion,False,2010,6,2.56,27.4,0.7,0.31,0.26,0.70144,0.0014399999999999,False,12.109375,10.15625,False,2015,2.73,0.75,True,-6.227106227106227,-0.16999999999999993,-6.666666666666677,44.28571428571429,37.142857142857146,0.6932596744929185,29,61.019999999999996,16.524494272483548,True,True
2017,Marvell,MRVL,USA,country,False,fabless_networking,Fabless,Smart automobile expansion,False,2010,7,2.58,25.7,0.66,0.31,0.26,0.66306,0.0030599999999999,False,12.015503875968992,10.07751937984496,False,2016,2.56,0.7,True,0.78125,0.020000000000000018,-5.714285714285705,46.96969696969697,39.39393939393939,0.5995120250958522,31,71.42,16.59579412106425,True,True
2018,Marvell,MRVL,USA,country,False,fabless_networking,Fabless,Smart automobile expansion,False,2010,8,2.42,25.8,0.62,0.29,0.24,0.62436,0.00436,False,11.983471074380164,9.917355371900827,False,2017,2.58,0.66,True,-6.2015503875969,-0.16000000000000014,-6.060606060606066,46.774193548387096,38.70967741935484,0.508189836203276,30,77.11,16.19277614447711,True,True
2019,Marvell,MRVL,USA,country,False,fabless_networking,Fabless,Smart automobile expansion,False,2010,9,2.63,24.6,0.65,0.32,0.26,0.6469800000000001,0.0030199999999999,False,12.167300380228138,9.885931558935363,False,2018,2.42,0.62,True,8.677685950413228,0.20999999999999996,4.8387096774193505,49.230769230769226,40.0,0.5312594687405312,31,88.03,17.782042217957784,True,True
2020,Marvell,MRVL,USA,country,False,fabless_networking,Fabless,Smart automobile expansion,False,2010,10,2.99,26.2,0.78,0.36,0.3,0.7833800000000001,0.00338,False,12.040133779264211,10.03344481605351,False,2019,2.63,0.65,True,13.688212927756659,0.3600000000000003,19.999999999999996,46.15384615384615,38.46153846153846,0.5936190911076258,29,99.9,19.833627826639404,True,True
2021,Marvell,MRVL,USA,country,False,fabless_networking,Fabless,Smart automobile expansion,False,2010,11,4.59,21.8,1.0,0.55,0.46,1.00062,0.00062,False,11.98257080610022,10.02178649237473,False,2020,2.99,0.78,True,53.511705685618715,1.5999999999999996,28.205128205128194,55.00000000000001,46.0,0.7611561613850057,29,127.36,21.12001061307066,True,True
2022,Marvell,MRVL,USA,country,False,fabless_networking,Fabless,Transition Year,False,2010,12,5.88,29.4,1.73,0.71,0.59,1.7287199999999998,0.0012800000000001,False,12.074829931972788,10.034013605442176,False,2021,4.59,1.0,True,28.104575163398703,1.29,73.0,41.04046242774566,34.104046242774565,0.8430591001634501,27,154.83,22.19912253032432,True,True
2023,Marvell,MRVL,USA,country,False,fabless_networking,Fabless,AI expansion,False,2010,13,5.38,22.5,1.21,0.65,0.54,1.2105,0.0004999999999999,False,12.0817843866171,10.037174721189592,False,2022,5.88,1.73,True,-8.503401360544217,-0.5,-30.05780346820809,53.71900826446281,44.62809917355373,0.8221899595017956,29,177.4,27.1108733858027,True,True
2024,Marvell,MRVL,USA,country,False,fabless_networking,Fabless,AI expansion,False,2010,14,5.84,27.5,1.61,0.7,0.58,1.606,0.0040000000000002,False,11.986301369863012,9.931506849315069,False,2023,5.38,1.21,True,8.550185873605942,0.45999999999999996,33.057851239669425,43.47826086956521,36.02484472049689,0.7048798445401986,30,284.01,34.27961038490784,True,True
2025,Marvell,MRVL,USA,country,False,fabless_networking,Fabless,AI expansion,True,2010,15,7.15,29.0,2.07,0.86,0.72,2.0735,0.0035000000000002,False,12.027972027972028,10.06993006993007,False,2024,5.84,1.61,True,22.431506849315074,1.3100000000000005,28.57142857142856,41.54589371980676,34.78260869565217,0.7092972501091227,29,371.74,36.87750486091822,True,True
2026,Marvell,MRVL,USA,country,False,fabless_networking,Fabless,AI expansion,True,2010,16,8.72,27.5,2.4,1.05,0.87,2.398,0.0019999999999997,False,12.041284403669724,9.977064220183486,False,2025,7.15,2.07,True,21.958041958041964,1.5700000000000003,15.94202898550725,43.75000000000001,36.25,0.7577798440989633,26,455.02000000000004,39.5418560392099,True,True
2010,MediaTek,2454,TWN,country,False,fabless_mobile,Fabless,Smart automobile expansion,False,2010,0,3.56,33.9,1.21,0.43,0.36,1.20684,0.00316,False,12.078651685393258,10.112359550561797,False,,,,False,,,,35.53719008264463,29.75206611570248,1.5148936170212766,18,31.060000000000002,13.217021276595744,False,True
2011,MediaTek,2454,TWN,country,False,fabless_mobile,Fabless,Smart automobile expansion,False,2010,1,4.23,35.2,1.49,0.51,0.42,1.48896,0.0010399999999999,False,12.05673758865248,9.929078014184396,False,2010,3.56,1.21,True,18.82022471910114,0.6700000000000004,23.140495867768607,34.22818791946309,28.187919463087248,1.6933546837469975,17,36.25,14.511609287429945,True,True
2012,MediaTek,2454,TWN,country,False,fabless_mobile,Fabless,Smart automobile expansion,False,2010,2,4.89,31.3,1.53,0.59,0.49,1.53057,0.0005699999999999,False,12.065439672801636,10.020449897750511,False,2011,4.23,1.49,True,15.602836879432601,0.6599999999999993,2.684563758389258,38.56209150326797,32.02614379084967,1.8337270784115196,16,39.980000000000004,14.99231259609255,True,True
2013,MediaTek,2454,TWN,country,False,fabless_mobile,Fabless,Smart automobile expansion,False,2010,3,5.56,31.3,1.74,0.67,0.56,1.7402799999999998,0.0002799999999998,False,12.050359712230216,10.071942446043169,False,2012,4.89,1.53,True,13.70143149284253,0.6699999999999999,13.725490196078427,38.50574712643679,32.18390804597702,1.9562310885933434,14,47.26,16.627964253043416,True,True
2014,MediaTek,2454,TWN,country,False,fabless_mobile,Fabless,Smart automobile expansion,False,2010,4,5.99,29.1,1.74,0.72,0.6,1.7430900000000005,0.0030900000000002,False,12.020033388981636,10.016694490818027,False,2013,5.56,1.74,True,7.733812949640306,0.4300000000000006,0.0,41.37931034482759,34.48275862068965,2.0459746558732115,13,48.88,16.695699696007107,True,True
2015,MediaTek,2454,TWN,country,False,fabless_mobile,Fabless,Smart automobile expansion,False,2010,5,6.41,27.9,1.79,0.77,0.64,1.78839,0.0016100000000001,False,12.012480499219969,9.98439937597504,False,2014,5.99,1.74,True,7.011686143572615,0.41999999999999993,2.8735632183908066,43.01675977653631,35.754189944134076,2.057652799178223,14,56.49,18.133667180277353,True,True
2016,MediaTek,2454,TWN,country,False,fabless_mobile,Fabless,Smart automobile expansion,False,2010,6,7.0,26.5,1.85,0.84,0.7,1.855,0.0049999999999998,False,12.0,10.0,False,2015,6.41,1.79,True,9.204368174726984,0.5899999999999999,3.3519553072625774,45.4054054054054,37.83783783783783,1.8956319224415739,17,61.019999999999996,16.524494272483548,True,True
2017,MediaTek,2454,TWN,country,False,fabless_mobile,Fabless,Smart automobile expansion,False,2010,7,7.37,29.4,2.17,0.88,0.74,2.16678,0.0032199999999997,False,11.940298507462686,10.040705563093622,False,2016,7.0,1.85,True,5.285714285714294,0.3700000000000001,17.2972972972973,40.55299539170507,34.10138248847927,1.7125595445567559,18,71.42,16.59579412106425,True,True
2018,MediaTek,2454,TWN,country,False,fabless_mobile,Fabless,Smart automobile expansion,False,2010,8,7.87,32.3,2.54,0.94,0.79,2.54201,0.0020099999999998,False,11.944091486658197,10.038119440914867,False,2017,7.37,2.17,True,6.7842605156037905,0.5,17.050691244239637,37.00787401574803,31.10236220472441,1.6526669466610668,18,77.11,16.19277614447711,True,True
2019,MediaTek,2454,TWN,country,False,fabless_mobile,Fabless,Smart automobile expansion,False,2010,9,9.77,32.2,3.14,1.17,0.98,3.14594,0.0059399999999998,False,11.975435005117706,10.030706243602866,False,2018,7.87,2.54,True,24.142312579415503,1.8999999999999995,23.62204724409449,37.261146496815286,31.210191082802545,1.9735380264619733,16,88.03,17.782042217957784,True,True
2020,MediaTek,2454,TWN,country,False,fabless_mobile,Fabless,Smart automobile expansion,False,2010,10,10.4,29.8,3.1,1.25,1.04,3.0992,0.0007999999999999,False,12.019230769230768,10.0,False,2019,9.77,3.14,True,6.448311156601849,0.6300000000000008,-1.273885350318471,40.32258064516129,33.5483870967742,2.0647620560265243,15,99.9,19.833627826639404,True,True
2021,MediaTek,2454,TWN,country,False,fabless_mobile,Fabless,Smart automobile expansion,False,2010,11,14.24,28.4,4.05,1.71,1.42,4.04416,0.00584,False,12.008426966292134,9.97191011235955,False,2020,10.4,3.1,True,36.92307692307693,3.84,30.645161290322577,42.22222222222222,35.06172839506173,2.3614082218131767,14,127.36,21.12001061307066,True,True
2022,MediaTek,2454,TWN,country,False,fabless_mobile,Fabless,Transition Year,False,2010,12,19.46,31.9,6.21,2.34,1.95,6.20774,0.0022599999999997,False,12.024665981500512,10.02055498458376,False,2021,14.24,4.05,True,36.65730337078652,5.220000000000001,53.33333333333334,37.68115942028985,31.40096618357488,2.7901241648266564,12,154.83,22.19912253032432,True,True
2023,MediaTek,2454,TWN,country,False,fabless_mobile,Fabless,AI expansion,False,2010,13,13.32,17.0,2.26,1.6,1.33,2.2644,0.0044000000000004,False,12.012012012012011,9.984984984984983,False,2022,19.46,6.21,True,-31.551901336073996,-6.140000000000001,-63.60708534621578,70.79646017699116,58.84955752212391,2.0356078551234047,17,177.4,27.1108733858027,True,True
2024,MediaTek,2454,TWN,country,False,fabless_mobile,Fabless,AI expansion,False,2010,14,17.02,26.4,4.48,2.04,1.7,4.49328,0.013279999999999,False,11.985898942420684,9.9882491186839,False,2023,13.32,2.26,True,27.777777777777768,3.6999999999999993,98.23008849557526,45.535714285714285,37.94642857142856,2.0542902318620175,13,284.01,34.27961038490784,True,True
2025,MediaTek,2454,TWN,country,False,fabless_mobile,Fabless,AI expansion,True,2010,15,18.62,30.9,5.76,2.23,1.86,5.75358,0.0064199999999994,False,11.976369495166487,9.989258861439312,False,2024,17.02,4.48,True,9.400705052878976,1.6000000000000014,28.57142857142856,38.71527777777778,32.29166666666667,1.8471489226617992,13,371.74,36.87750486091822,True,True
2026,MediaTek,2454,TWN,country,False,fabless_mobile,Fabless,AI expansion,True,2010,16,21.74,31.8,6.92,2.61,2.17,6.91332,0.0066800000000002,False,12.005519779208832,9.98160073597056,False,2025,18.62,5.76,True,16.756176154672374,3.1199999999999974,20.138888888888886,37.716763005780344,31.358381502890172,1.889235528751314,13,455.02000000000004,39.5418560392099,True,True
2010,Microchip,MCHP,USA,country,False,idm_micro,IDM,Smart automobile expansion,False,2010,0,1.49,36.4,0.54,0.18,0.15,0.54236,0.0023599999999999,False,12.080536912751676,10.06711409395973,False,,,,False,,,,33.33333333333333,27.777777777777775,0.6340425531914894,29,145.92,62.09361702127659,False,True
2011,Microchip,MCHP,USA,country,False,idm_micro,IDM,Smart automobile expansion,False,2010,1,1.56,42.1,0.66,0.19,0.16,0.65676,0.00324,False,12.17948717948718,10.256410256410255,False,2010,1.49,0.54,True,4.697986577181212,0.07000000000000006,22.22222222222221,28.787878787878785,24.242424242424242,0.6244995996797438,30,151.0,60.448358686949554,True,True
2012,Microchip,MCHP,USA,country,False,idm_micro,IDM,Smart automobile expansion,False,2010,2,1.76,36.9,0.65,0.21,0.18,0.64944,0.00056,False,11.931818181818182,10.227272727272728,False,2011,1.56,0.66,True,12.82051282051282,0.19999999999999996,-1.5151515151515138,32.30769230769231,27.69230769230769,0.6599917501031237,31,161.35,60.50549368132898,True,True
2013,Microchip,MCHP,USA,country,False,idm_micro,IDM,Smart automobile expansion,False,2010,3,1.91,43.4,0.83,0.23,0.19,0.8289399999999999,0.00106,False,12.041884816753928,9.947643979057592,False,2012,1.76,0.65,True,8.52272727272727,0.1499999999999999,27.692307692307683,27.710843373493976,22.89156626506024,0.6720146365491522,29,165.43,58.204911688128924,True,True
2014,Microchip,MCHP,USA,country,False,idm_micro,IDM,Smart automobile expansion,False,2010,4,1.92,35.5,0.68,0.23,0.19,0.6816,0.0015999999999999,False,11.979166666666668,9.895833333333334,False,2013,1.91,0.83,True,0.5235602094240788,0.010000000000000009,-18.072289156626496,33.8235294117647,27.941176470588236,0.6558048980428323,30,168.2,57.45124158896062,True,True
2015,Microchip,MCHP,USA,country,False,idm_micro,IDM,Smart automobile expansion,False,2010,5,2.14,44.4,0.95,0.26,0.21,0.95016,0.00016,False,12.149532710280374,9.813084112149532,False,2014,1.92,0.68,True,11.458333333333348,0.2200000000000002,39.70588235294117,27.368421052631582,22.105263157894736,0.6869542886492039,31,172.79,55.46674370826913,True,True
2016,Microchip,MCHP,USA,country,False,idm_micro,IDM,Smart automobile expansion,False,2010,6,2.82,42.3,1.19,0.34,0.28,1.1928599999999998,0.0028599999999998,False,12.056737588652483,9.929078014184398,False,2015,2.14,0.95,True,31.77570093457942,0.6799999999999997,25.263157894736832,28.571428571428577,23.529411764705884,0.7636688601836055,27,211.93,57.3916104747204,True,True
2017,Microchip,MCHP,USA,country,False,idm_micro,IDM,Smart automobile expansion,False,2010,7,3.29,36.6,1.2,0.39,0.33,1.20414,0.00414,False,11.854103343465043,10.030395136778116,False,2016,2.82,1.19,True,16.666666666666675,0.4700000000000002,0.8403361344537785,32.5,27.500000000000004,0.7644940164981991,27,247.23000000000002,57.448588358313,True,True
2018,Microchip,MCHP,USA,country,False,idm_micro,IDM,Smart automobile expansion,False,2010,8,4.05,40.2,1.63,0.49,0.41,1.6281,0.0018999999999997,False,12.098765432098766,10.123456790123456,False,2017,3.29,1.2,True,23.100303951367774,0.7599999999999998,35.83333333333334,30.061349693251536,25.153374233128833,0.8504829903401931,26,274.37,57.616547669046625,True,True
2019,Microchip,MCHP,USA,country,False,idm_micro,IDM,Smart automobile expansion,False,2010,9,4.73,39.4,1.86,0.57,0.47,1.8636200000000005,0.0036200000000001,False,12.0507399577167,9.93657505285412,False,2018,4.05,1.63,True,16.79012345679014,0.6800000000000006,14.110429447852768,30.645161290322577,25.268817204301076,0.9554590445409554,27,273.07,55.16008483991516,True,True
2020,Microchip,MCHP,USA,country,False,idm_micro,IDM,Smart automobile expansion,False,2010,10,5.34,40.5,2.16,0.64,0.53,2.1627,0.0026999999999994,False,11.98501872659176,9.925093632958802,False,2019,4.73,1.86,True,12.896405919661724,0.6099999999999994,16.129032258064523,29.629629629629626,24.537037037037038,1.0601759018443884,24,258.64,51.349044054875016,True,True
2021,Microchip,MCHP,USA,country,False,idm_micro,IDM,Smart automobile expansion,False,2010,11,7.01,42.4,2.97,0.84,0.7,2.97224,0.0022399999999995,False,11.982881597717546,9.98573466476462,False,2020,5.34,2.16,True,31.273408239700373,1.67,37.5,28.28282828282828,23.569023569023567,1.1624628957099978,25,285.09999999999997,47.27791320498151,True,True
2022,Microchip,MCHP,USA,country,False,idm_micro,IDM,Transition Year,False,2010,12,8.0,33.3,2.66,0.96,0.8,2.664,0.0039999999999995,False,12.0,10.0,False,2021,7.01,2.97,True,14.122681883024256,0.9900000000000002,-10.437710437710434,36.09022556390977,30.075187969924812,1.1470191838958506,25,317.07,45.46067157973217,True,True
2023,Microchip,MCHP,USA,country,False,idm_micro,IDM,AI expansion,False,2010,13,7.83,43.6,3.41,0.94,0.78,3.41388,0.0038800000000001,False,12.005108556832694,9.96168582375479,False,2022,8.0,2.66,True,-2.124999999999999,-0.16999999999999993,28.19548872180451,27.56598240469208,22.87390029325513,1.196607320241461,24,256.74,39.235882937265984,True,True
2024,Microchip,MCHP,USA,country,False,idm_micro,IDM,AI expansion,False,2010,14,4.27,34.4,1.47,0.51,0.43,1.4688799999999995,0.0011200000000002,False,11.943793911007026,10.07025761124122,False,2023,7.83,3.41,True,-45.4661558109834,-3.5600000000000005,-56.89149560117303,34.69387755102041,29.25170068027211,0.5153830370182616,33,301.22,36.35683335143813,True,True
2025,Microchip,MCHP,USA,country,False,idm_micro,IDM,AI expansion,True,2010,15,5.47,42.8,2.34,0.66,0.55,2.34116,0.00116,False,12.06581352833638,10.054844606946984,False,2024,4.27,1.47,True,28.10304449648713,1.2000000000000002,59.183673469387756,28.20512820512821,23.504273504273506,0.5426371969366295,32,346.83,34.40637276298559,True,True
2026,Microchip,MCHP,USA,country,False,idm_micro,IDM,AI expansion,True,2010,16,6.86,41.5,2.85,0.82,0.69,2.8469,0.0031000000000003,False,11.9533527696793,10.058309037900871,False,2025,5.47,2.34,True,25.41133455210238,1.3900000000000006,21.794871794871806,28.771929824561397,24.210526315789473,0.596143317720056,31,387.14,33.642991839962455,True,True
2010,Micron,MU,USA,country,False,idm_memory,IDM,Smart automobile expansion,False,2010,0,8.78,16.5,1.45,0.88,3.07,1.4486999999999997,0.0013000000000003,False,10.022779043280185,34.96583143507973,False,,,,False,,,,60.689655172413794,211.72413793103448,3.7361702127659573,10,145.92,62.09361702127659,False,True
2011,Micron,MU,USA,country,False,idm_memory,IDM,Smart automobile expansion,False,2010,1,10.04,22.7,2.28,1.0,3.51,2.27908,0.0009199999999998,False,9.9601593625498,34.9601593625498,False,2010,8.78,1.45,True,14.350797266514803,1.2599999999999998,57.24137931034481,43.85964912280702,153.94736842105263,4.019215372297838,8,151.0,60.448358686949554,True,True
2012,Micron,MU,USA,country,False,idm_memory,IDM,Smart automobile expansion,False,2010,2,11.66,15.7,1.83,1.17,4.08,1.83062,0.0006199999999998,False,10.034305317324185,34.99142367066895,False,2011,10.04,2.28,True,16.135458167330686,1.620000000000001,-19.736842105263154,63.93442622950819,222.95081967213113,4.372445344433194,7,161.35,60.50549368132898,True,True
2013,Micron,MU,USA,country,False,idm_memory,IDM,Smart automobile expansion,False,2010,3,13.16,11.7,1.55,1.32,4.6,1.5397199999999998,0.0102800000000002,False,10.030395136778116,34.954407294832826,False,2012,11.66,1.83,True,12.86449399656946,1.5,-15.300546448087438,85.16129032258065,296.7741935483871,4.630216029836043,7,165.43,58.204911688128924,True,True
2014,Micron,MU,USA,country,False,idm_memory,IDM,Smart automobile expansion,False,2010,4,14.64,10.5,1.54,1.46,5.12,1.5372,0.0028000000000001,False,9.972677595628417,34.97267759562842,False,2013,13.16,1.55,True,11.246200607902734,1.4800000000000004,-0.6451612903225823,94.8051948051948,332.46753246753246,5.0005123475765965,6,168.2,57.45124158896062,True,True
2015,Micron,MU,USA,country,False,idm_memory,IDM,Smart automobile expansion,False,2010,5,15.83,15.5,2.46,1.58,5.54,2.45365,0.0063499999999998,False,9.98104864181933,34.99684144030322,False,2014,14.64,1.54,True,8.128415300546443,1.1899999999999995,59.74025974025974,64.22764227642277,225.2032520325203,5.081535695942476,6,172.79,55.46674370826913,True,True
2016,Micron,MU,USA,country,False,idm_memory,IDM,Smart automobile expansion,False,2010,6,20.41,21.2,4.32,2.04,7.14,4.32692,0.00692,False,9.995100440960314,34.98285154336109,False,2015,15.83,2.46,True,28.932406822488943,4.58,75.609756097561,47.22222222222222,165.27777777777777,5.527121076718932,6,211.93,57.3916104747204,True,True
2017,Micron,MU,USA,country,False,idm_memory,IDM,Smart automobile expansion,False,2010,7,26.52,26.1,6.92,2.65,9.28,6.9217200000000005,0.0017200000000006,False,9.992458521870288,34.99245852187028,False,2016,20.41,4.32,True,29.93630573248407,6.109999999999999,60.18518518518516,38.29479768786127,134.10404624277456,6.16242593238062,5,247.23000000000002,57.448588358313,True,True
2018,Micron,MU,USA,country,False,idm_memory,IDM,Smart automobile expansion,False,2010,8,30.14,32.2,9.71,3.01,10.55,9.705080000000002,0.0049199999999984,False,9.986728599867286,35.00331785003318,False,2017,26.52,6.92,True,13.650075414781293,3.620000000000001,40.31791907514452,30.99897013388259,108.6508753861998,6.329273414531709,5,274.37,57.616547669046625,True,True
2019,Micron,MU,USA,country,False,idm_memory,IDM,Smart automobile expansion,False,2010,9,25.66,38.6,9.9,2.57,8.98,9.90476,0.0047599999999992,False,10.015588464536243,34.996102883865944,False,2018,30.14,9.71,True,-14.863968148639684,-4.48,1.9567456230690006,25.959595959595955,90.7070707070707,5.183314816685184,5,273.07,55.16008483991516,True,True
2020,Micron,MU,USA,country,False,idm_memory,IDM,Smart automobile expansion,False,2010,10,20.26,38.0,7.69,2.03,7.09,7.698800000000001,0.0088000000000008,False,10.019743336623888,34.99506416584403,False,2019,25.66,9.9,True,-21.044427123928287,-5.399999999999999,-22.32323232323232,26.39791937581274,92.19765929778933,4.022315312990133,7,258.64,51.349044054875016,True,True
2021,Micron,MU,USA,country,False,idm_memory,IDM,Smart automobile expansion,False,2010,11,24.59,35.5,8.73,2.46,8.61,8.72945,0.0005500000000004,False,10.00406669377796,35.01423342822285,False,2020,20.26,7.69,True,21.372161895360307,4.329999999999998,13.524057217165142,28.1786941580756,98.6254295532646,4.077740742583288,7,285.09999999999997,47.27791320498151,True,True
2022,Micron,MU,USA,country,False,idm_memory,IDM,Transition Year,False,2010,12,32.09,41.3,13.26,3.21,11.23,13.25317,0.006829999999999,False,10.00311623558741,34.99532564661888,False,2021,24.59,8.73,True,30.5002033346889,7.5000000000000036,51.89003436426116,24.20814479638009,84.69079939668175,4.600980701402231,7,317.07,45.46067157973217,True,True
2023,Micron,MU,USA,country,False,idm_memory,IDM,AI expansion,False,2010,13,15.17,20.6,3.13,1.52,5.31,3.12502,0.0049799999999997,False,10.01977587343441,35.00329597890573,False,2022,32.09,13.26,True,-52.72670613898411,-16.92,-76.39517345399697,48.56230031948882,169.6485623003195,2.3183311683349888,15,256.74,39.235882937265984,True,True
2024,Micron,MU,USA,country,False,idm_memory,IDM,AI expansion,False,2010,14,22.96,28.4,6.52,2.3,8.04,6.520639999999999,0.0006399999999997,False,10.017421602787454,35.01742160278745,False,2023,15.17,3.13,True,51.35135135135136,7.790000000000001,108.30670926517571,35.2760736196319,123.31288343558282,2.771239936753932,11,301.22,36.35683335143813,True,True
2025,Micron,MU,USA,country,False,idm_memory,IDM,AI expansion,True,2010,15,33.93,25.4,8.63,3.39,11.87,8.618219999999999,0.0117800000000016,False,9.991158267020335,34.983790156203945,False,2024,22.96,6.52,True,47.7787456445993,10.969999999999999,32.36196319018407,39.28157589803013,137.54345307068363,3.365937859608746,9,346.83,34.40637276298559,True,True
2026,Micron,MU,USA,country,False,idm_memory,IDM,AI expansion,True,2010,16,37.37,19.8,7.38,3.74,13.08,7.399259999999999,0.0192599999999991,False,10.00802782981001,35.001337971635,False,2025,33.93,8.63,True,10.138520483348067,3.4399999999999977,-14.484356894553896,50.67750677506775,177.2357723577236,3.2475037584837447,10,387.14,33.642991839962455,True,True
2010,NVIDIA,NVDA,USA,country,False,fabless_gpu,Fabless,Smart automobile expansion,False,2010,0,3.43,56.3,1.93,0.86,0.07,1.93109,0.0010900000000002,False,25.07288629737609,2.0408163265306123,False,,,,False,,,,44.55958549222798,3.6269430051813476,1.4595744680851064,19,31.060000000000002,13.217021276595744,False,True
2011,NVIDIA,NVDA,USA,country,False,fabless_gpu,Fabless,Smart automobile expansion,False,2010,1,3.75,51.3,1.92,0.94,0.07,1.92375,0.0037500000000001,False,25.066666666666663,1.866666666666667,False,2010,3.43,1.93,True,9.329446064139946,0.31999999999999984,-0.5181347150259086,48.95833333333333,3.6458333333333335,1.5012009607686148,19,36.25,14.511609287429945,True,True
2012,NVIDIA,NVDA,USA,country,False,fabless_gpu,Fabless,Smart automobile expansion,False,2010,2,3.95,55.5,2.19,0.99,0.08,2.19225,0.00225,False,25.063291139240505,2.0253164556962027,False,2011,3.75,1.92,True,5.3333333333333455,0.20000000000000018,14.0625,45.205479452054796,3.652968036529681,1.4812314846064423,21,39.980000000000004,14.99231259609255,True,True
2013,NVIDIA,NVDA,USA,country,False,fabless_gpu,Fabless,Smart automobile expansion,False,2010,3,4.61,55.5,2.56,1.15,0.09,2.5585500000000003,0.0014499999999997,False,24.94577006507592,1.952277657266811,False,2012,3.95,2.19,True,16.70886075949367,0.6600000000000001,16.894977168949787,44.92187499999999,3.515625,1.621982970938006,19,47.26,16.627964253043416,True,True
2014,NVIDIA,NVDA,USA,country,False,fabless_gpu,Fabless,Smart automobile expansion,False,2010,4,4.68,55.9,2.62,1.17,0.09,2.61612,0.0038800000000005,False,25.0,1.9230769230769231,False,2013,4.61,2.56,True,1.5184381778741818,0.0699999999999994,2.34375,44.65648854961832,3.435114503816793,1.5985244389794036,18,48.88,16.695699696007107,True,True
2015,NVIDIA,NVDA,USA,country,False,fabless_gpu,Fabless,Smart automobile expansion,False,2010,5,5.2,55.7,2.89,1.3,0.1,2.8964000000000003,0.0064000000000001,False,25.0,1.9230769230769231,False,2014,4.68,2.62,True,11.111111111111116,0.5200000000000005,10.305343511450381,44.982698961937714,3.4602076124567476,1.669234720082178,18,56.49,18.133667180277353,True,True
2016,NVIDIA,NVDA,USA,country,False,fabless_gpu,Fabless,Smart automobile expansion,False,2010,6,6.49,58.3,3.78,1.62,0.13,3.78367,0.0036700000000005,False,24.961479198767336,2.0030816640986133,False,2015,5.2,2.89,True,24.807692307692307,1.29,30.795847750865036,42.85714285714286,3.4391534391534395,1.757521596663688,19,61.019999999999996,16.524494272483548,True,True
2017,NVIDIA,NVDA,USA,country,False,fabless_gpu,Fabless,Smart automobile expansion,False,2010,7,8.24,59.6,4.91,2.06,0.16,4.911040000000001,0.0010400000000005,False,25.0,1.9417475728155336,False,2016,6.49,3.78,True,26.964560862865937,1.75,29.894179894179906,41.955193482688394,3.2586558044806515,1.9147205762751247,15,71.42,16.59579412106425,True,True
2018,NVIDIA,NVDA,USA,country,False,fabless_gpu,Fabless,Smart automobile expansion,False,2010,8,9.75,51.3,5.01,2.44,0.2,5.00175,0.0082500000000003,False,25.025641025641026,2.051282051282051,False,2017,8.24,4.91,True,18.3252427184466,1.5099999999999998,2.0366598778003953,48.70259481037924,3.992015968063873,2.0474590508189836,14,77.11,16.19277614447711,True,True
2019,NVIDIA,NVDA,USA,country,False,fabless_gpu,Fabless,Smart automobile expansion,False,2010,9,12.67,60.0,7.6,3.17,0.25,7.602,0.0020000000000006,False,25.0197316495659,1.973164956590371,False,2018,9.75,5.01,True,29.948717948717942,2.92,51.69660678642713,41.71052631578947,3.289473684210526,2.559337440662559,12,88.03,17.782042217957784,True,True
2020,NVIDIA,NVDA,USA,country,False,fabless_gpu,Fabless,Smart automobile expansion,False,2010,10,17.59,54.5,9.58,4.4,0.35,9.58655,0.0065499999999989,False,25.01421262080728,1.9897669130187607,False,2019,12.67,7.6,True,38.83188634569849,4.92,26.05263157894737,45.92901878914405,3.653444676409186,3.4922273620679385,8,99.9,19.833627826639404,True,True
2021,NVIDIA,NVDA,USA,country,False,fabless_gpu,Fabless,Smart automobile expansion,False,2010,11,21.6,59.4,12.83,5.4,0.43,12.8304,0.000399999999999,False,25.0,1.9907407407407405,False,2020,17.59,9.58,True,22.797043774872105,4.010000000000002,33.92484342379958,42.08885424785659,3.3515198752922837,3.5819113476941453,9,127.36,21.12001061307066,True,True
2022,NVIDIA,NVDA,USA,country,False,fabless_gpu,Fabless,Transition Year,False,2010,12,26.12,52.3,13.66,6.53,0.52,13.66076,0.0007599999999996,False,25.0,1.9908116385911176,False,2021,21.6,12.83,True,20.925925925925924,4.52,6.469212782540912,47.80380673499268,3.806734992679356,3.7450176354199525,9,154.83,22.19912253032432,True,True
2023,NVIDIA,NVDA,USA,country,False,fabless_gpu,Fabless,AI expansion,False,2010,13,62.09,58.8,36.52,15.52,1.24,36.50892,0.0110800000000068,False,24.99597358672894,1.9971009824448376,False,2022,26.12,13.66,True,137.7105666156202,35.97,167.34992679355787,42.4972617743702,3.3953997809419496,9.488805685030947,2,177.4,27.1108733858027,True,True
2024,NVIDIA,NVDA,USA,country,False,fabless_gpu,Fabless,AI expansion,False,2010,14,130.48,59.5,77.65,32.62,2.61,77.6356,0.014400000000009,False,25.0,2.000306560392397,False,2023,62.09,36.52,True,110.14656144306647,68.38999999999999,112.62322015334063,42.00901481004507,3.361236316806181,15.748753786918684,1,284.01,34.27961038490784,True,True
2025,NVIDIA,NVDA,USA,country,False,fabless_gpu,Fabless,AI expansion,True,2010,15,192.19,64.2,123.43,48.05,3.84,123.38598,0.0440200000000032,True,25.001300796087207,1.998022789947448,False,2024,130.48,77.65,True,47.29460453709382,61.71000000000001,58.95685769478429,38.92894758162521,3.1110751032974155,19.065711678108013,1,371.74,36.87750486091822,True,True
2026,NVIDIA,NVDA,USA,country,False,fabless_gpu,Fabless,AI expansion,True,2010,16,250.68,61.9,155.25,62.67,5.01,155.17092,0.0790800000000047,True,25.0,1.9985639061752036,False,2025,192.19,123.43,True,30.43342525625683,58.49000000000001,25.77979421534473,40.367149758454104,3.227053140096618,21.78443249067983,1,455.02000000000004,39.5418560392099,True,True
2010,NXP Semiconductors,NXPI,NLD,country,False,idm_automotive,IDM,Smart automobile expansion,False,2010,0,4.48,14.8,0.66,0.54,0.67,0.6630400000000002,0.0030400000000001,False,12.053571428571429,14.955357142857142,False,,,,False,,,,81.81818181818183,101.51515151515152,1.9063829787234043,15,145.92,62.09361702127659,False,True
2011,NXP Semiconductors,NXPI,NLD,country,False,idm_automotive,IDM,Smart automobile expansion,False,2010,1,4.76,18.8,0.9,0.57,0.71,0.89488,0.00512,False,11.974789915966385,14.915966386554622,False,2010,4.48,0.66,True,6.249999999999978,0.27999999999999936,36.36363636363635,63.33333333333333,78.88888888888889,1.9055244195356282,14,151.0,60.448358686949554,True,True
2012,NXP Semiconductors,NXPI,NLD,country,False,idm_automotive,IDM,Smart automobile expansion,False,2010,2,5.37,19.5,1.05,0.64,0.81,1.04715,0.00285,False,11.91806331471136,15.083798882681563,False,2011,4.76,0.9,True,12.815126050420167,0.6100000000000003,16.666666666666675,60.95238095238095,77.14285714285715,2.0137248284396443,13,161.35,60.50549368132898,True,True
2013,NXP Semiconductors,NXPI,NLD,country,False,idm_automotive,IDM,Smart automobile expansion,False,2010,3,5.7,16.7,0.95,0.68,0.85,0.9519,0.0019,False,11.92982456140351,14.912280701754383,False,2012,5.37,1.05,True,6.145251396648055,0.33000000000000007,-9.523809523809534,71.57894736842107,89.47368421052632,2.0054887059320246,13,165.43,58.204911688128924,True,True
2014,NXP Semiconductors,NXPI,NLD,country,False,idm_automotive,IDM,Smart automobile expansion,False,2010,4,5.86,21.0,1.23,0.7,0.88,1.2306,0.0005999999999999,False,11.945392491467576,15.01706484641638,False,2013,5.7,0.95,True,2.807017543859658,0.16000000000000014,29.47368421052632,56.91056910569105,71.54471544715447,2.0015711992348946,14,168.2,57.45124158896062,True,True
2015,NXP Semiconductors,NXPI,NLD,country,False,idm_automotive,IDM,Smart automobile expansion,False,2010,5,5.94,20.5,1.22,0.71,0.89,1.2177,0.0022999999999999,False,11.952861952861952,14.98316498316498,False,2014,5.86,1.23,True,1.3651877133105783,0.08000000000000007,-0.8130081300813052,58.19672131147541,72.95081967213115,1.9067796610169492,16,172.79,55.46674370826913,True,True
2016,NXP Semiconductors,NXPI,NLD,country,False,idm_automotive,IDM,Smart automobile expansion,False,2010,6,7.47,19.0,1.42,0.9,1.12,1.4193,0.0006999999999999,False,12.048192771084338,14.993306559571623,False,2015,5.94,1.22,True,25.757575757575736,1.5299999999999994,16.393442622950815,63.38028169014085,78.87323943661973,2.022910065805508,13,211.93,57.3916104747204,True,True
2017,NXP Semiconductors,NXPI,NLD,country,False,idm_automotive,IDM,Smart automobile expansion,False,2010,7,7.89,19.9,1.57,0.95,1.18,1.57011,0.0001099999999998,False,12.040557667934094,14.955640050697086,False,2016,7.47,1.42,True,5.622489959839361,0.41999999999999993,10.563380281690149,60.509554140127385,75.1592356687898,1.833391425583827,17,247.23000000000002,57.448588358313,True,True
2018,NXP Semiconductors,NXPI,NLD,country,False,idm_automotive,IDM,Smart automobile expansion,False,2010,8,9.15,19.0,1.74,1.1,1.37,1.7385,0.0015,False,12.021857923497269,14.972677595628417,False,2017,7.89,1.57,True,15.969581749049432,1.2600000000000007,10.828025477707005,63.2183908045977,78.73563218390805,1.921461570768585,16,274.37,57.616547669046625,True,True
2019,NXP Semiconductors,NXPI,NLD,country,False,idm_automotive,IDM,Smart automobile expansion,False,2010,9,8.98,14.9,1.34,1.08,1.35,1.3380200000000002,0.0019799999999998,False,12.026726057906458,15.033407572383071,False,2018,9.15,1.74,True,-1.857923497267755,-0.16999999999999993,-22.988505747126432,80.59701492537313,100.74626865671641,1.8139581860418141,18,273.07,55.16008483991516,True,True
2020,NXP Semiconductors,NXPI,NLD,country,False,idm_automotive,IDM,Smart automobile expansion,False,2010,10,8.19,21.4,1.76,0.98,1.23,1.75266,0.0073400000000001,False,11.965811965811966,15.018315018315018,False,2019,8.98,1.34,True,-8.797327394209365,-0.7900000000000009,31.343283582089555,55.68181818181818,69.88636363636364,1.6260001191208877,19,258.64,51.349044054875016,True,True
2021,NXP Semiconductors,NXPI,NLD,country,False,idm_automotive,IDM,Smart automobile expansion,False,2010,11,10.73,12.3,1.32,1.29,1.61,1.3197900000000002,0.0002099999999998,False,12.022367194780989,15.00465983224604,False,2020,8.19,1.76,True,31.01343101343104,2.540000000000001,-25.0,97.72727272727273,121.96969696969697,1.7793476278128784,19,285.09999999999997,47.27791320498151,True,True
2022,NXP Semiconductors,NXPI,NLD,country,False,idm_automotive,IDM,Transition Year,False,2010,12,13.51,20.8,2.81,1.62,2.03,2.81008,7.999999999963592e-05,False,11.991117690599555,15.025906735751294,False,2021,10.73,1.32,True,25.90866728797763,2.7799999999999994,112.87878787878789,57.65124555160143,72.24199288256227,1.9370286468041176,19,317.07,45.46067157973217,True,True
2023,NXP Semiconductors,NXPI,NLD,country,False,idm_automotive,IDM,AI expansion,False,2010,13,13.02,6.0,0.79,1.56,1.95,0.7812,0.0088,False,11.981566820276498,14.97695852534562,False,2022,13.51,2.81,True,-3.626943005181349,-0.4900000000000002,-71.88612099644128,197.46835443037975,246.83544303797467,1.9897608313593642,18,256.74,39.235882937265984,True,True
2024,NXP Semiconductors,NXPI,NLD,country,False,idm_automotive,IDM,AI expansion,False,2010,14,12.92,21.0,2.72,1.55,1.94,2.7132,0.0068000000000001,False,11.9969040247678,15.01547987616099,False,2023,13.02,0.79,True,-0.7680491551459223,-0.09999999999999964,244.30379746835445,56.98529411764706,71.3235294117647,1.5594259574416725,18,301.22,36.35683335143813,True,True
2025,NXP Semiconductors,NXPI,NLD,country,False,idm_automotive,IDM,AI expansion,True,2010,15,15.09,21.3,3.21,1.81,2.26,3.21417,0.0041700000000002,False,11.994698475811797,14.976805831676607,False,2024,12.92,2.72,True,16.79566563467492,2.17,18.01470588235292,56.38629283489097,70.40498442367601,1.496964406174358,19,346.83,34.40637276298559,True,True
2026,NXP Semiconductors,NXPI,NLD,country,False,idm_automotive,IDM,AI expansion,True,2010,16,15.68,19.5,3.06,1.88,2.35,3.0576,0.0024000000000001,False,11.989795918367346,14.987244897959185,False,2025,15.09,3.21,True,3.9098740888005246,0.5899999999999999,-4.672897196261683,61.43790849673202,76.79738562091504,1.3626132976458423,19,387.14,33.642991839962455,True,True
2010,Onsemi,ON,USA,country,False,idm_power,IDM,Smart automobile expansion,False,2010,0,2.27,22.3,0.51,0.27,0.23,0.50621,0.0037899999999999,False,11.894273127753303,10.132158590308372,False,,,,False,,,,52.94117647058824,45.09803921568628,0.9659574468085106,25,145.92,62.09361702127659,False,True
2011,Onsemi,ON,USA,country,False,idm_power,IDM,Smart automobile expansion,False,2010,1,2.54,24.1,0.61,0.3,0.25,0.61214,0.00214,False,11.811023622047244,9.842519685039369,False,2010,2.27,0.51,True,11.894273127753308,0.27,19.6078431372549,49.18032786885246,40.98360655737705,1.0168134507606084,25,151.0,60.448358686949554,True,True
2012,Onsemi,ON,USA,country,False,idm_power,IDM,Smart automobile expansion,False,2010,2,2.7,31.1,0.84,0.32,0.27,0.8397000000000001,0.0002999999999998,False,11.851851851851851,10.0,False,2011,2.54,0.61,True,6.299212598425208,0.16000000000000014,37.704918032786885,38.0952380952381,32.142857142857146,1.0124873439082012,25,161.35,60.50549368132898,True,True
2013,Onsemi,ON,USA,country,False,idm_power,IDM,Smart automobile expansion,False,2010,3,3.19,28.4,0.91,0.38,0.32,0.90596,0.0040400000000001,False,11.912225705329153,10.031347962382446,False,2012,2.7,0.84,True,18.148148148148135,0.48999999999999977,8.333333333333348,41.75824175824176,35.16483516483516,1.1223699950742385,23,165.43,58.204911688128924,True,True
2014,Onsemi,ON,USA,country,False,idm_power,IDM,Smart automobile expansion,False,2010,4,3.17,27.6,0.87,0.38,0.32,0.87492,0.00492,False,11.987381703470032,10.094637223974765,False,2013,3.19,0.91,True,-0.6269592476489061,-0.020000000000000018,-4.395604395604402,43.67816091954023,36.7816091954023,1.0827612118728012,25,168.2,57.45124158896062,True,True
2015,Onsemi,ON,USA,country,False,idm_power,IDM,Smart automobile expansion,False,2010,5,3.57,26.3,0.94,0.43,0.36,0.93891,0.0010899999999999,False,12.044817927170868,10.084033613445378,False,2014,3.17,0.87,True,12.618296529968443,0.3999999999999999,8.045977011494255,45.744680851063826,38.297872340425535,1.1459938366718028,24,172.79,55.46674370826913,True,True
2016,Onsemi,ON,USA,country,False,idm_power,IDM,Smart automobile expansion,False,2010,6,4.46,26.9,1.2,0.54,0.45,1.1997399999999998,0.0002600000000001,False,12.10762331838565,10.089686098654708,False,2015,3.57,0.94,True,24.92997198879552,0.8900000000000001,27.65957446808511,45.00000000000001,37.5,1.2077883391556314,24,211.93,57.3916104747204,True,True
2017,Onsemi,ON,USA,country,False,idm_power,IDM,Smart automobile expansion,False,2010,7,5.21,26.9,1.4,0.63,0.52,1.40149,0.0014899999999999,False,12.092130518234164,9.98080614203455,False,2016,4.46,1.2,True,16.816143497757842,0.75,16.666666666666675,45.0,37.142857142857146,1.210642500290461,23,247.23000000000002,57.448588358313,True,True
2018,Onsemi,ON,USA,country,False,idm_power,IDM,Smart automobile expansion,False,2010,8,5.96,19.6,1.17,0.72,0.6,1.16816,0.0018399999999998,False,12.080536912751676,10.06711409395973,False,2017,5.21,1.4,True,14.39539347408829,0.75,-16.428571428571427,61.53846153846154,51.28205128205129,1.2515749685006299,24,274.37,57.616547669046625,True,True
2019,Onsemi,ON,USA,country,False,idm_power,IDM,Smart automobile expansion,False,2010,9,5.61,23.3,1.31,0.67,0.56,1.30713,0.0028699999999999,False,11.942959001782532,9.98217468805704,False,2018,5.96,1.17,True,-5.872483221476498,-0.34999999999999964,11.965811965811968,51.14503816793893,42.74809160305344,1.1332188667811331,23,273.07,55.16008483991516,True,True
2020,Onsemi,ON,USA,country,False,idm_power,IDM,Smart automobile expansion,False,2010,10,5.1,30.0,1.53,0.61,0.51,1.53,0.0,False,11.96078431372549,10.0,False,2019,5.61,1.31,True,-9.090909090909104,-0.5100000000000007,16.793893129771,39.869281045751634,33.33333333333333,1.0125275467053148,25,258.64,51.349044054875016,True,True
2021,Onsemi,ON,USA,country,False,idm_power,IDM,Smart automobile expansion,False,2010,11,7.16,29.1,2.08,0.86,0.72,2.0835600000000003,0.0035600000000002,False,12.011173184357542,10.055865921787708,False,2020,5.1,1.53,True,40.39215686274511,2.0600000000000005,35.94771241830066,41.34615384615385,34.61538461538461,1.187337280068985,24,285.09999999999997,47.27791320498151,True,True
2022,Onsemi,ON,USA,country,False,idm_power,IDM,Transition Year,False,2010,12,8.36,29.1,2.43,1.0,0.84,2.43276,0.0027599999999998,False,11.961722488038278,10.047846889952153,False,2021,7.16,2.08,True,16.75977653631284,1.1999999999999993,16.826923076923084,41.15226337448559,34.5679012345679,1.1986350471711638,24,317.07,45.46067157973217,True,True
2023,Onsemi,ON,USA,country,False,idm_power,IDM,AI expansion,False,2010,13,8.3,25.6,2.13,1.0,0.83,2.1248,0.0051999999999998,False,12.048192771084336,10.0,False,2022,8.36,2.43,True,-0.7177033492822837,-0.05999999999999872,-12.34567901234569,46.948356807511736,38.967136150234744,1.2684343241384581,23,256.74,39.235882937265984,True,True
2024,Onsemi,ON,USA,country,False,idm_power,IDM,AI expansion,False,2010,14,6.87,26.2,1.8,0.82,0.69,1.79994,5.999999999994898e-05,False,11.935953420669575,10.04366812227074,False,2023,8.3,2.13,True,-17.228915662650614,-1.4300000000000006,-15.492957746478863,45.55555555555555,38.33333333333333,0.8291994061628708,26,301.22,36.35683335143813,True,True
2025,Onsemi,ON,USA,country,False,idm_power,IDM,AI expansion,True,2010,15,8.06,21.1,1.7,0.97,0.81,1.7006600000000005,0.0006600000000003,False,12.034739454094291,10.049627791563276,False,2024,6.87,1.8,True,17.321688500727817,1.1900000000000004,-5.555555555555558,57.05882352941176,47.64705882352941,0.7995714455775565,26,346.83,34.40637276298559,True,True
2026,Onsemi,ON,USA,country,False,idm_power,IDM,AI expansion,True,2010,16,8.99,24.8,2.23,1.08,0.9,2.22952,0.00048,False,12.013348164627365,10.011123470522804,False,2025,8.06,1.7,True,11.538461538461542,0.9299999999999997,31.176470588235293,48.4304932735426,40.35874439461883,0.7812432108313853,25,387.14,33.642991839962455,True,True
2010,Qualcomm,QCOM,USA,country,False,fabless_mobile,Fabless,Smart automobile expansion,False,2010,0,10.65,28.4,3.03,1.28,1.07,3.0246,0.0053999999999998,False,12.018779342723004,10.046948356807512,False,,,,False,,,,42.24422442244225,35.31353135313532,4.531914893617022,6,31.060000000000002,13.217021276595744,False,True
2011,Qualcomm,QCOM,USA,country,False,fabless_mobile,Fabless,Smart automobile expansion,False,2010,1,13.44,29.7,3.99,1.61,1.34,3.99168,0.0016799999999994,False,11.979166666666668,9.970238095238097,False,2010,10.65,3.03,True,26.197183098591537,2.789999999999999,31.68316831683169,40.35087719298245,33.583959899749374,5.380304243394715,5,36.25,14.511609287429945,True,True
2012,Qualcomm,QCOM,USA,country,False,fabless_mobile,Fabless,Smart automobile expansion,False,2010,2,15.75,25.6,4.03,1.89,1.57,4.032,0.0019999999999997,False,12.0,9.968253968253968,False,2011,13.44,3.99,True,17.1875,2.3100000000000005,1.0025062656641603,46.89826302729528,38.95781637717122,5.9061761727978395,4,39.980000000000004,14.99231259609255,True,True
2013,Qualcomm,QCOM,USA,country,False,fabless_mobile,Fabless,Smart automobile expansion,False,2010,3,20.68,26.1,5.41,2.48,2.07,5.397480000000001,0.0125199999999994,False,11.992263056092844,10.009671179883943,False,2012,15.75,4.03,True,31.301587301587297,4.93,34.243176178660036,45.84103512014787,38.262476894639555,7.2760537611709255,4,47.26,16.627964253043416,True,True
2014,Qualcomm,QCOM,USA,country,False,fabless_mobile,Fabless,Smart automobile expansion,False,2010,4,21.48,35.5,7.63,2.58,2.15,7.6254,0.0045999999999999,False,12.011173184357542,10.009310986964618,False,2013,20.68,5.41,True,3.868471953578334,0.8000000000000007,41.035120147874295,33.81389252948886,28.178243774574046,7.3368172968541865,4,48.88,16.695699696007107,True,True
2015,Qualcomm,QCOM,USA,country,False,fabless_mobile,Fabless,Smart automobile expansion,False,2010,5,27.28,26.5,7.22,3.27,2.73,7.2292,0.0092000000000007,False,11.986803519061583,10.00733137829912,False,2014,21.48,7.63,True,27.001862197392935,5.800000000000001,-5.373525557011794,45.29085872576177,37.81163434903047,8.757062146892656,4,56.49,18.133667180277353,True,True
2016,Qualcomm,QCOM,USA,country,False,fabless_mobile,Fabless,Smart automobile expansion,False,2010,6,23.97,31.0,7.44,2.88,2.4,7.430699999999999,0.0093000000000014,False,12.015018773466831,10.012515644555696,False,2015,27.28,7.22,True,-12.133431085044,-3.3100000000000023,3.0470914127423976,38.70967741935484,32.25806451612903,6.491185311560646,4,61.019999999999996,16.524494272483548,True,True
2017,Qualcomm,QCOM,USA,country,False,fabless_mobile,Fabless,Smart automobile expansion,False,2010,7,24.72,27.0,6.68,2.97,2.47,6.6744,0.0056000000000002,False,12.014563106796118,9.991909385113267,False,2016,23.97,7.44,True,3.1289111389236623,0.75,-10.215053763440874,44.46107784431138,36.976047904191624,5.744161728825374,6,71.42,16.59579412106425,True,True
2018,Qualcomm,QCOM,USA,country,False,fabless_mobile,Fabless,Smart automobile expansion,False,2010,8,22.53,32.3,7.29,2.7,2.25,7.277189999999999,0.0128100000000008,False,11.984021304926763,9.986684420772304,False,2017,24.72,6.68,True,-8.859223300970864,-2.1899999999999977,9.13173652694612,37.03703703703704,30.864197530864196,4.731205375892483,6,77.11,16.19277614447711,True,True
2019,Qualcomm,QCOM,USA,country,False,fabless_mobile,Fabless,Smart automobile expansion,False,2010,9,23.4,28.9,6.76,2.81,2.34,6.762599999999999,0.0025999999999992,False,12.008547008547009,10.0,False,2018,22.53,7.29,True,3.8615179760319363,0.8699999999999974,-7.2702331961591256,41.56804733727811,34.61538461538461,4.7267952732047265,6,88.03,17.782042217957784,True,True
2020,Qualcomm,QCOM,USA,country,False,fabless_mobile,Fabless,Smart automobile expansion,False,2010,10,23.41,25.9,6.06,2.81,2.34,6.06319,0.00319,False,12.003417343015805,9.995728321230244,False,2019,23.4,6.76,True,0.04273504273504258,0.010000000000001563,-10.355029585798825,46.36963696369637,38.613861386138616,4.647699974190474,6,99.9,19.833627826639404,True,True
2021,Qualcomm,QCOM,USA,country,False,fabless_mobile,Fabless,Smart automobile expansion,False,2010,11,33.61,29.2,9.81,4.03,3.36,9.81412,0.0041199999999985,False,11.990479024099972,9.99702469503124,False,2020,23.41,6.06,True,43.571123451516435,10.2,61.88118811881189,41.08053007135576,34.25076452599388,5.573520388703713,4,127.36,21.12001061307066,True,True
2022,Qualcomm,QCOM,USA,country,False,fabless_mobile,Fabless,Transition Year,False,2010,12,44.51,28.3,12.61,5.34,4.45,12.59633,0.0136699999999994,False,11.997303976634464,9.997753313862054,False,2021,33.61,9.81,True,32.43082415947634,10.899999999999999,28.542303771661558,42.34734337827121,35.289452815226014,6.381727984400539,4,154.83,22.19912253032432,True,True
2023,Qualcomm,QCOM,USA,country,False,fabless_mobile,Fabless,AI expansion,False,2010,13,36.31,23.0,8.37,4.36,3.63,8.351300000000002,0.0186999999999972,False,12.00771137427706,9.997245937758192,False,2022,44.51,12.61,True,-18.422826331161524,-8.199999999999996,-33.624107850911976,52.09080047789726,43.369175627240146,5.549018109574387,5,177.4,27.1108733858027,True,True
2024,Qualcomm,QCOM,USA,country,False,fabless_mobile,Fabless,AI expansion,False,2010,14,39.18,31.1,12.17,4.7,3.92,12.18498,0.0149800000000013,False,11.995916283818277,10.005104645227156,False,2023,36.31,8.37,True,7.9041586339851255,2.8699999999999974,45.40023894862606,38.61955628594906,32.21035332785539,4.728971285802223,7,284.01,34.27961038490784,True,True
2025,Qualcomm,QCOM,USA,country,False,fabless_mobile,Fabless,AI expansion,True,2010,15,43.07,30.0,12.92,5.17,4.31,12.921,0.0009999999999994,False,12.003714882749012,10.006965405154398,False,2024,39.18,12.17,True,9.928534966819802,3.8900000000000006,6.162695152013153,40.015479876160995,33.35913312693498,4.272647910797191,7,371.74,36.87750486091822,True,True
2026,Qualcomm,QCOM,USA,country,False,fabless_mobile,Fabless,AI expansion,True,2010,16,45.99,30.9,14.23,5.52,4.6,14.210909999999998,0.019090000000002,False,12.002609262883231,10.00217438573603,False,2025,43.07,12.92,True,6.779661016949157,2.9200000000000017,10.139318885448922,38.791286015460294,32.326071679550246,3.996593466755886,7,455.02000000000004,39.5418560392099,True,True
2010,Renesas,6723,JPN,country,False,idm_automotive,IDM,Smart automobile expansion,False,2010,0,12.3,21.9,2.69,1.48,1.84,2.6937,0.0037000000000002,False,12.03252032520325,14.959349593495936,False,,,,False,,,,55.01858736059479,68.4014869888476,5.23404255319149,5,145.92,62.09361702127659,False,True
2011,Renesas,6723,JPN,country,False,idm_automotive,IDM,Smart automobile expansion,False,2010,1,11.42,18.4,2.11,1.37,1.71,2.10128,0.0087199999999998,False,11.996497373029772,14.973730297723291,False,2010,12.3,2.69,True,-7.154471544715458,-0.8800000000000008,-21.561338289962826,64.92890995260665,81.04265402843602,4.571657325860688,7,151.0,60.448358686949554,True,True
2012,Renesas,6723,JPN,country,False,idm_automotive,IDM,Smart automobile expansion,False,2010,2,9.87,18.6,1.83,1.18,1.48,1.83582,0.0058199999999999,False,11.955420466058763,14.994934143870314,False,2011,11.42,2.11,True,-13.572679509632234,-1.5500000000000007,-13.27014218009478,64.48087431693989,80.87431693989072,3.701203734953312,8,161.35,60.50549368132898,True,True
2013,Renesas,6723,JPN,country,False,idm_automotive,IDM,Smart automobile expansion,False,2010,3,9.22,24.5,2.26,1.11,1.38,2.2589,0.0010999999999996,False,12.039045553145336,14.96746203904555,False,2012,9.87,1.83,True,-6.585612968591681,-0.6499999999999986,23.497267759562824,49.11504424778762,61.061946902654874,3.243965941876012,8,165.43,58.204911688128924,True,True
2014,Renesas,6723,JPN,country,False,idm_automotive,IDM,Smart automobile expansion,False,2010,4,7.89,18.7,1.48,0.95,1.18,1.4754299999999998,0.0045700000000001,False,12.040557667934094,14.955640050697086,False,2013,9.22,2.26,True,-14.425162689804782,-1.330000000000001,-34.51327433628318,64.1891891891892,79.72972972972973,2.694948252894764,9,168.2,57.45124158896062,True,True
2015,Renesas,6723,JPN,country,False,idm_automotive,IDM,Smart automobile expansion,False,2010,5,7.07,19.3,1.36,0.85,1.06,1.36451,0.00451,False,12.022630834512022,14.992927864214996,False,2014,7.89,1.48,True,-10.392902408111526,-0.8199999999999994,-8.108108108108103,62.499999999999986,77.94117647058823,2.269517205957884,10,172.79,55.46674370826913,True,True
2016,Renesas,6723,JPN,country,False,idm_automotive,IDM,Smart automobile expansion,False,2010,6,7.2,13.2,0.95,0.86,1.08,0.9504,0.0003999999999999,False,11.944444444444445,15.0,False,2015,7.07,1.36,True,1.8387553041018467,0.1299999999999999,-30.147058823529417,90.52631578947368,113.68421052631581,1.9497928345113331,16,211.93,57.3916104747204,True,True
2017,Renesas,6723,JPN,country,False,idm_automotive,IDM,Smart automobile expansion,False,2010,7,6.83,17.7,1.21,0.82,1.02,1.20891,0.00109,False,12.005856515373353,14.93411420204978,False,2016,7.2,0.95,True,-5.138888888888893,-0.3700000000000001,27.368421052631575,67.76859504132231,84.29752066115704,1.5870802834901825,19,247.23000000000002,57.448588358313,True,True
2018,Renesas,6723,JPN,country,False,idm_automotive,IDM,Smart automobile expansion,False,2010,8,6.53,17.1,1.12,0.78,0.98,1.11663,0.00337,False,11.944869831546708,15.007656967840736,False,2017,6.83,1.21,True,-4.392386530014636,-0.2999999999999998,-7.438016528925607,69.64285714285714,87.49999999999999,1.371272574548509,20,274.37,57.616547669046625,True,True
2019,Renesas,6723,JPN,country,False,idm_automotive,IDM,Smart automobile expansion,False,2010,9,6.62,19.4,1.28,0.79,0.99,1.28428,0.0042799999999998,False,11.933534743202417,14.954682779456194,False,2018,6.53,1.12,True,1.3782542113323082,0.08999999999999986,14.28571428571428,61.71875,77.34375,1.3372386627613373,21,273.07,55.16008483991516,True,True
2020,Renesas,6723,JPN,country,False,idm_automotive,IDM,Smart automobile expansion,False,2010,10,6.82,19.3,1.31,0.82,1.02,1.31626,0.0062599999999999,False,12.023460410557185,14.95601173020528,False,2019,6.62,1.28,True,3.0211480362537735,0.20000000000000018,2.34375,62.59541984732824,77.86259541984732,1.3540074252020093,20,258.64,51.349044054875016,True,True
2021,Renesas,6723,JPN,country,False,idm_automotive,IDM,Smart automobile expansion,False,2010,11,8.53,19.8,1.69,1.02,1.28,1.68894,0.0010599999999998,False,11.957796014067997,15.00586166471278,False,2020,6.82,1.31,True,25.07331378299118,1.709999999999999,29.00763358778624,60.355029585798825,75.7396449704142,1.4145233238810673,21,285.09999999999997,47.27791320498151,True,True
2022,Renesas,6723,JPN,country,False,idm_automotive,IDM,Transition Year,False,2010,12,11.35,17.1,1.94,1.36,1.7,1.94085,0.0008500000000002,False,11.982378854625551,14.977973568281936,False,2021,8.53,1.69,True,33.05978898007034,2.8200000000000003,14.792899408284033,70.10309278350516,87.62886597938144,1.627333467152238,21,317.07,45.46067157973217,True,True
2023,Renesas,6723,JPN,country,False,idm_automotive,IDM,AI expansion,False,2010,13,10.31,11.7,1.2,1.24,1.55,1.20627,0.0062699999999999,False,12.027158098933077,15.033947623666345,False,2022,11.35,1.94,True,-9.162995594713653,-1.0399999999999991,-38.144329896907216,103.33333333333334,129.16666666666669,1.5756093833575304,21,256.74,39.235882937265984,True,True
2024,Renesas,6723,JPN,country,False,idm_automotive,IDM,AI expansion,False,2010,14,9.34,21.9,2.05,1.12,1.4,2.04546,0.0045399999999999,False,11.991434689507496,14.989293361884368,False,2023,10.31,1.2,True,-9.408341416100875,-0.9700000000000006,70.83333333333333,54.63414634146343,68.29268292682927,1.1273249568502492,22,301.22,36.35683335143813,True,True
2025,Renesas,6723,JPN,country,False,idm_automotive,IDM,AI expansion,True,2010,15,10.45,22.1,2.31,1.25,1.57,2.30945,0.00055,False,11.961722488038278,15.02392344497608,False,2024,9.34,2.05,True,11.884368308351178,1.1099999999999994,12.682926829268304,54.112554112554115,67.96536796536796,1.0366652116979485,23,346.83,34.40637276298559,True,True
2026,Renesas,6723,JPN,country,False,idm_automotive,IDM,AI expansion,True,2010,16,11.15,20.0,2.23,1.34,1.67,2.23,0.0,False,12.017937219730944,14.977578475336324,False,2025,10.45,2.31,True,6.698564593301448,0.7000000000000011,-3.463203463203468,60.08968609865472,74.8878923766816,0.9689501446907615,24,387.14,33.642991839962455,True,True
2010,SCREEN Holdings,7735,JPN,country,False,equipment_cleaning,Equipment,Smart automobile expansion,False,2010,0,1.83,16.5,0.3,0.22,0.18,0.30195,0.00195,False,12.021857923497269,9.836065573770492,False,,,,False,,,,73.33333333333334,60.0,0.7787234042553192,26,29.060000000000002,12.365957446808512,False,True
2011,SCREEN Holdings,7735,JPN,country,False,equipment_cleaning,Equipment,Smart automobile expansion,False,2010,1,1.86,24.1,0.45,0.22,0.19,0.4482600000000001,0.0017399999999999,False,11.82795698924731,10.21505376344086,False,2010,1.83,0.3,True,1.6393442622950838,0.030000000000000027,50.0,48.888888888888886,42.22222222222222,0.744595676541233,27,29.450000000000003,11.789431545236189,True,True
2012,SCREEN Holdings,7735,JPN,country,False,equipment_cleaning,Equipment,Smart automobile expansion,False,2010,2,1.97,26.7,0.53,0.24,0.2,0.52599,0.00401,False,12.182741116751268,10.152284263959393,False,2011,1.86,0.45,True,5.913978494623651,0.10999999999999988,17.777777777777782,45.283018867924525,37.735849056603776,0.7387407657404281,28,29.73,11.14861064236697,True,True
2013,SCREEN Holdings,7735,JPN,country,False,equipment_cleaning,Equipment,Smart automobile expansion,False,2010,3,2.1,21.2,0.45,0.25,0.21,0.4452,0.0047999999999999,False,11.904761904761903,10.0,False,2012,1.97,0.53,True,6.598984771573613,0.13000000000000012,-15.094339622641506,55.55555555555556,46.666666666666664,0.7388642600802197,27,30.119999999999997,10.597424530293436,True,True
2014,SCREEN Holdings,7735,JPN,country,False,equipment_cleaning,Equipment,Smart automobile expansion,False,2010,4,2.31,20.4,0.47,0.28,0.23,0.4712399999999999,0.0012399999999999,False,12.12121212121212,9.956709956709958,False,2013,2.1,0.45,True,10.000000000000009,0.20999999999999996,4.444444444444429,59.57446808510639,48.93617021276596,0.7890152679577825,28,30.520000000000003,10.424565358472524,True,True
2015,SCREEN Holdings,7735,JPN,country,False,equipment_cleaning,Equipment,Smart automobile expansion,False,2010,5,2.23,19.7,0.44,0.27,0.22,0.43931,0.00069,False,12.10762331838565,9.865470852017935,False,2014,2.31,0.47,True,-3.463203463203468,-0.08000000000000007,-6.382978723404253,61.36363636363637,50.0,0.7158448895737032,29,31.93,10.24974319465845,True,True
2016,SCREEN Holdings,7735,JPN,country,False,equipment_cleaning,Equipment,Smart automobile expansion,False,2010,6,2.5,15.9,0.4,0.3,0.25,0.3975,0.0025,False,12.0,10.0,False,2015,2.23,0.44,True,12.107623318385642,0.27,-9.090909090909083,74.99999999999999,62.5,0.6770114008719907,31,40.64,11.005497332575082,True,True
2017,SCREEN Holdings,7735,JPN,country,False,equipment_cleaning,Equipment,Smart automobile expansion,False,2010,7,2.68,17.8,0.48,0.32,0.27,0.4770400000000001,0.0029599999999999,False,11.940298507462686,10.07462686567164,False,2016,2.5,0.4,True,7.200000000000006,0.18000000000000016,19.999999999999996,66.66666666666667,56.250000000000014,0.6227489252933659,30,50.03,11.62542116881608,True,True
2018,SCREEN Holdings,7735,JPN,country,False,equipment_cleaning,Equipment,Smart automobile expansion,False,2010,8,2.98,20.1,0.6,0.36,0.3,0.5989800000000001,0.0010199999999999,False,12.080536912751676,10.06711409395973,False,2017,2.68,0.48,True,11.194029850746269,0.2999999999999998,25.0,60.0,50.0,0.6257874842503149,29,57.620000000000005,12.099958000839985,True,True
2019,SCREEN Holdings,7735,JPN,country,False,equipment_cleaning,Equipment,Smart automobile expansion,False,2010,9,2.78,19.7,0.55,0.33,0.28,0.5476599999999999,0.0023400000000001,False,11.870503597122305,10.071942446043169,False,2018,2.98,0.6,True,-6.711409395973156,-0.20000000000000018,-8.333333333333325,60.0,50.909090909090914,0.5615594384405614,30,59.07,11.932128067871933,True,True
2020,SCREEN Holdings,7735,JPN,country,False,equipment_cleaning,Equipment,Smart automobile expansion,False,2010,10,2.72,21.9,0.59,0.33,0.27,0.59568,0.00568,False,12.132352941176473,9.926470588235292,False,2019,2.78,0.55,True,-2.1582733812949506,-0.05999999999999961,7.272727272727253,55.93220338983051,45.76271186440678,0.5400146915761679,30,63.11,12.529532053445571,True,True
2021,SCREEN Holdings,7735,JPN,country,False,equipment_cleaning,Equipment,Smart automobile expansion,False,2010,11,3.2,16.9,0.54,0.38,0.32,0.5408,0.0007999999999999,False,11.875,10.0,False,2020,2.72,0.59,True,17.647058823529417,0.48,-8.474576271186429,70.37037037037037,59.25925925925925,0.5306535329917251,32,81.85,13.573122398553968,True,True
2022,SCREEN Holdings,7735,JPN,country,False,equipment_cleaning,Equipment,Transition Year,False,2010,12,4.03,18.8,0.76,0.48,0.4,0.7576400000000001,0.0023599999999999,False,11.910669975186105,9.925558312655086,False,2021,3.2,0.54,True,25.937499999999993,0.8300000000000001,40.74074074074075,63.1578947368421,52.63157894736842,0.5778109138875348,30,97.25999999999999,13.944885728213801,True,True
2023,SCREEN Holdings,7735,JPN,country,False,equipment_cleaning,Equipment,AI expansion,False,2010,13,4.22,21.3,0.9,0.51,0.42,0.89886,0.00114,False,12.08530805687204,9.95260663507109,False,2022,4.03,0.76,True,4.714640198511155,0.1899999999999995,18.421052631578938,56.666666666666664,46.666666666666664,0.6449148009475051,31,104.75,16.00825246427753,True,True
2024,SCREEN Holdings,7735,JPN,country,False,equipment_cleaning,Equipment,AI expansion,False,2010,14,4.26,15.4,0.66,0.51,0.43,0.65604,0.00396,False,11.971830985915494,10.093896713615024,False,2023,4.22,0.9,True,0.9478672985782088,0.040000000000000036,-26.66666666666666,77.27272727272727,65.15151515151516,0.51417605098309,34,101.83,12.290738796152128,True,True
2025,SCREEN Holdings,7735,JPN,country,False,equipment_cleaning,Equipment,AI expansion,True,2010,15,4.88,22.2,1.08,0.59,0.49,1.08336,0.0033599999999998,False,12.09016393442623,10.040983606557376,False,2024,4.26,0.66,True,14.553990610328649,0.6200000000000001,63.63636363636365,54.629629629629626,45.37037037037037,0.4841077735010515,34,121.27,12.030276576326337,True,True
2026,SCREEN Holdings,7735,JPN,country,False,equipment_cleaning,Equipment,AI expansion,True,2010,16,5.56,21.9,1.22,0.67,0.56,1.2176399999999998,0.0023600000000001,False,12.050359712230216,10.071942446043169,False,2025,4.88,1.08,True,13.934426229508201,0.6799999999999997,12.962962962962955,54.91803278688525,45.9016393442623,0.4831715519713573,33,130.6,11.349317389830803,True,True
2010,SK Hynix,660,KOR,country,False,idm_memory,IDM,Smart automobile expansion,False,2010,0,10.61,23.9,2.54,1.06,3.72,2.53579,0.00421,False,9.990574929311972,35.0612629594722,False,,,,False,,,,41.73228346456693,146.45669291338584,4.514893617021276,7,145.92,62.09361702127659,False,True
2011,SK Hynix,660,KOR,country,False,idm_memory,IDM,Smart automobile expansion,False,2010,1,11.58,10.4,1.21,1.16,4.05,1.20432,0.0056799999999999,False,10.017271157167528,34.9740932642487,False,2010,10.61,2.54,True,9.142318567389252,0.9700000000000006,-52.362204724409445,95.86776859504131,334.7107438016529,4.6357085668534825,6,151.0,60.448358686949554,True,True
2012,SK Hynix,660,KOR,country,False,idm_memory,IDM,Smart automobile expansion,False,2010,2,13.32,10.4,1.38,1.33,4.66,1.3852800000000005,0.0052800000000003,False,9.984984984984983,34.98498498498498,False,2011,11.58,1.21,True,15.025906735751304,1.7400000000000002,14.049586776859503,96.37681159420292,337.6811594202899,4.994937563280459,6,161.35,60.50549368132898,True,True
2013,SK Hynix,660,KOR,country,False,idm_memory,IDM,Smart automobile expansion,False,2010,3,14.58,11.2,1.63,1.46,5.1,1.63296,0.00296,False,10.013717421124827,34.97942386831275,False,2012,13.32,1.38,True,9.459459459459453,1.2599999999999998,18.1159420289855,89.57055214723927,312.8834355828221,5.12982900569981,5,165.43,58.204911688128924,True,True
2014,SK Hynix,660,KOR,country,False,idm_memory,IDM,Smart automobile expansion,False,2010,4,15.24,12.1,1.84,1.52,5.33,1.84404,0.0040399999999998,False,9.973753280839896,34.9737532808399,False,2013,14.58,1.63,True,4.526748971193406,0.6600000000000001,12.8834355828221,82.6086956521739,289.67391304347825,5.205451378214981,5,168.2,57.45124158896062,True,True
2015,SK Hynix,660,KOR,country,False,idm_memory,IDM,Smart automobile expansion,False,2010,5,17.49,20.5,3.58,1.75,6.12,3.58545,0.0054499999999997,False,10.005717552887363,34.99142367066896,False,2014,15.24,1.84,True,14.763779527559052,2.2499999999999982,94.56521739130434,48.882681564245814,170.94972067039106,5.614406779661016,5,172.79,55.46674370826913,True,True
2016,SK Hynix,660,KOR,country,False,idm_memory,IDM,Smart automobile expansion,False,2010,6,22.88,19.6,4.49,2.29,8.01,4.4844800000000005,0.0055199999999997,False,10.008741258741258,35.00874125874126,False,2015,17.49,3.58,True,30.817610062893095,5.390000000000001,25.418994413407823,51.0022271714922,178.39643652561244,6.196008340780459,5,211.93,57.3916104747204,True,True
2017,SK Hynix,660,KOR,country,False,idm_memory,IDM,Smart automobile expansion,False,2010,7,30.12,22.5,6.77,3.01,10.54,6.777,0.0070000000000005,False,9.9933598937583,34.993359893758296,False,2016,22.88,4.49,True,31.643356643356647,7.240000000000002,50.7795100222717,44.46085672082718,155.68685376661742,6.998954339491112,4,247.23000000000002,57.448588358313,True,True
2018,SK Hynix,660,KOR,country,False,idm_memory,IDM,Smart automobile expansion,False,2010,8,35.86,30.8,11.03,3.59,12.55,11.04488,0.0148800000000015,False,10.011154489682095,34.99721137757948,False,2017,30.12,6.77,True,19.057104913678625,5.739999999999998,62.924667651403254,32.547597461468726,113.78059836808706,7.53044939101218,3,274.37,57.616547669046625,True,True
2019,SK Hynix,660,KOR,country,False,idm_memory,IDM,Smart automobile expansion,False,2010,9,32.3,33.3,10.74,3.23,11.31,10.7559,0.0158999999999984,False,10.0,35.015479876160995,False,2018,35.86,11.03,True,-9.92749581706638,-3.5600000000000023,-2.6291931097008114,30.074487895716945,105.3072625698324,6.524593475406523,4,273.07,55.16008483991516,True,True
2020,SK Hynix,660,KOR,country,False,idm_memory,IDM,Smart automobile expansion,False,2010,10,27.17,32.8,8.9,2.72,9.51,8.91176,0.0117599999999988,False,10.01104158998896,35.00184026499816,False,2019,32.3,10.74,True,-15.882352941176459,-5.1299999999999955,-17.132216014897573,30.56179775280899,106.85393258426966,5.394190871369295,4,258.64,51.349044054875016,True,True
2021,SK Hynix,660,KOR,country,False,idm_memory,IDM,Smart automobile expansion,False,2010,11,30.7,38.6,11.86,3.07,10.75,11.8502,0.0098000000000002,False,10.0,35.01628664495114,False,2020,27.17,8.9,True,12.992270887007717,3.5299999999999976,33.258426966292134,25.88532883642496,90.64080944350759,5.090957332139363,5,285.09999999999997,47.27791320498151,True,True
2022,SK Hynix,660,KOR,country,False,idm_memory,IDM,Transition Year,False,2010,12,34.69,44.5,15.42,3.47,12.14,15.43705,0.0170499999999993,False,10.002882675122516,34.99567598731623,False,2021,30.7,11.86,True,12.996742671009764,3.9899999999999984,30.0168634064081,22.50324254215305,78.72892347600519,4.973761936168382,5,317.07,45.46067157973217,True,True
2023,SK Hynix,660,KOR,country,False,idm_memory,IDM,AI expansion,False,2010,13,25.33,22.2,5.63,2.53,8.86,5.623259999999999,0.0067400000000006,False,9.988156336360047,34.978286616660085,False,2022,34.69,15.42,True,-26.98183914672816,-9.36,-63.48897535667963,44.93783303730017,157.37122557726465,3.871017039810499,9,256.74,39.235882937265984,True,True
2024,SK Hynix,660,KOR,country,False,idm_memory,IDM,AI expansion,False,2010,14,51.53,28.8,14.84,5.15,18.04,14.84064,0.0006400000000006,False,9.99417814865127,35.00873277702309,False,2023,25.33,5.63,True,103.43466245558628,26.200000000000003,163.58792184724692,34.703504043126685,121.5633423180593,6.2195990392391165,6,301.22,36.35683335143813,True,True
2025,SK Hynix,660,KOR,country,False,idm_memory,IDM,AI expansion,True,2010,15,59.99,24.7,14.8,6.0,21.0,14.81753,0.0175299999999989,False,10.001666944490747,35.00583430571762,False,2024,51.53,14.84,True,16.41762080341549,8.46,-0.26954177897573484,40.54054054054054,141.89189189189187,5.951152732034443,5,346.83,34.40637276298559,True,True
2026,SK Hynix,660,KOR,country,False,idm_memory,IDM,AI expansion,True,2010,16,71.31,17.3,12.37,7.13,24.96,12.33663,0.0333699999999996,True,9.998597672135745,35.00210349179638,False,2025,59.99,14.8,True,18.869811635272548,11.32,-16.418918918918923,57.639450282942605,201.77849636216655,6.196935858107462,4,387.14,33.642991839962455,True,True
2010,SMIC,981,CHN,country,False,foundry,Foundry,Smart automobile expansion,False,2010,0,1.62,42.5,0.69,0.13,0.73,0.6885000000000001,0.0014999999999998,False,8.024691358024691,45.06172839506172,False,,,,False,,,,18.84057971014493,105.79710144927536,0.6893617021276597,28,26.67,11.348936170212767,False,True
2011,SMIC,981,CHN,country,False,foundry,Foundry,Smart automobile expansion,False,2010,1,1.83,48.7,0.89,0.15,0.82,0.8912100000000001,0.00121,False,8.19672131147541,44.8087431693989,False,2010,1.62,0.69,True,12.962962962962955,0.20999999999999996,28.98550724637683,16.853932584269664,92.13483146067415,0.732586068855084,28,30.44,12.185748598879103,True,True
2012,SMIC,981,CHN,country,False,foundry,Foundry,Smart automobile expansion,False,2010,2,1.86,37.0,0.69,0.15,0.84,0.6882,0.0017999999999999,False,8.064516129032258,45.16129032258064,False,2011,1.83,0.89,True,1.6393442622950838,0.030000000000000027,-22.47191011235956,21.73913043478261,121.73913043478262,0.697491281358983,29,32.669999999999995,12.251096861289232,True,True
2013,SMIC,981,CHN,country,False,foundry,Foundry,Smart automobile expansion,False,2010,3,1.84,40.8,0.75,0.15,0.83,0.75072,0.00072,False,8.152173913043477,45.10869565217391,False,2012,1.86,0.69,True,-1.0752688172043001,-0.020000000000000018,8.69565217391306,20.0,110.66666666666667,0.6473858278798115,30,38.12,13.412145521075225,True,True
2014,SMIC,981,CHN,country,False,foundry,Foundry,Smart automobile expansion,False,2010,4,2.03,38.8,0.79,0.16,0.91,0.7876399999999998,0.0023600000000002,False,7.881773399014779,44.82758620689656,False,2013,1.84,0.75,True,10.32608695652173,0.18999999999999972,5.3333333333333455,20.253164556962027,115.18987341772151,0.6933770536598695,29,41.589999999999996,14.205690473750726,True,True
2015,SMIC,981,CHN,country,False,foundry,Foundry,Smart automobile expansion,False,2010,5,2.16,39.6,0.85,0.17,0.97,0.8553600000000001,0.0053600000000001,False,7.87037037037037,44.907407407407405,False,2014,2.03,0.79,True,6.403940886699533,0.13000000000000034,7.594936708860756,20.0,114.11764705882352,0.6933744221879816,30,46.3,14.86260914227016,True,True
2016,SMIC,981,CHN,country,False,foundry,Foundry,Smart automobile expansion,False,2010,6,2.68,40.5,1.09,0.21,1.21,1.0854,0.0045999999999999,False,7.835820895522387,45.14925373134328,False,2015,2.16,0.85,True,24.07407407407407,0.52,28.23529411764707,19.266055045871557,111.00917431192659,0.725756221734774,28,51.36,13.908522219514177,True,True
2017,SMIC,981,CHN,country,False,foundry,Foundry,Smart automobile expansion,False,2010,7,2.99,36.9,1.1,0.24,1.34,1.10331,0.0033099999999999,False,8.026755852842808,44.81605351170568,False,2016,2.68,1.09,True,11.567164179104484,0.31000000000000005,0.917431192660545,21.818181818181813,121.81818181818183,0.6947833159056582,28,56.93,13.22876728244452,True,True
2018,SMIC,981,CHN,country,False,foundry,Foundry,Smart automobile expansion,False,2010,8,3.23,38.5,1.25,0.26,1.46,1.24355,0.00645,False,8.04953560371517,45.20123839009288,False,2017,2.99,1.1,True,8.026755852842804,0.23999999999999977,13.636363636363624,20.8,116.8,0.6782864342713145,27,61.879999999999995,12.994540109197816,True,True
2019,SMIC,981,CHN,country,False,foundry,Foundry,Smart automobile expansion,False,2010,9,3.64,45.3,1.65,0.29,1.64,1.64892,0.0010799999999999,False,7.967032967032966,45.05494505494505,False,2018,3.23,1.25,True,12.693498452012397,0.41000000000000014,31.999999999999986,17.575757575757574,99.39393939393939,0.7352792647207353,28,69.02,13.94202605797394,True,True
2020,SMIC,981,CHN,country,False,foundry,Foundry,Smart automobile expansion,False,2010,10,3.92,42.9,1.68,0.31,1.76,1.6816799999999998,0.0016799999999999,False,7.908163265306123,44.89795918367347,False,2019,3.64,1.65,True,7.692307692307687,0.2799999999999998,1.81818181818183,18.452380952380953,104.76190476190477,0.7782564672715361,27,75.64,15.017173261331374,True,True
2021,SMIC,981,CHN,country,False,foundry,Foundry,Smart automobile expansion,False,2010,11,5.52,36.4,2.01,0.44,2.48,2.0092799999999995,0.0007200000000002,False,7.971014492753624,44.92753623188406,False,2020,3.92,1.68,True,40.816326530612244,1.5999999999999996,19.64285714285714,21.890547263681594,123.38308457711445,0.9153773444107258,28,101.05,16.75704359650432,True,True
2022,SMIC,981,CHN,country,False,foundry,Foundry,Transition Year,False,2010,12,7.09,37.8,2.68,0.57,3.19,2.6800199999999994,1.999999999924285e-05,False,8.039492242595205,44.99294781382229,False,2021,5.52,2.01,True,28.44202898550725,1.5700000000000003,33.33333333333335,21.268656716417908,119.02985074626864,1.0165457517276977,26,119.96000000000001,17.19955266251828,True,True
2023,SMIC,981,CHN,country,False,foundry,Foundry,AI expansion,False,2010,13,6.72,37.5,2.52,0.54,3.02,2.52,0.0,False,8.035714285714286,44.94047619047619,False,2022,7.09,2.68,True,-5.218617771509171,-0.3700000000000001,-5.97014925373135,21.42857142857143,119.84126984126983,1.0269733323145105,27,105.72000000000001,16.156491174447925,True,True
2024,SMIC,981,CHN,country,False,foundry,Foundry,AI expansion,False,2010,14,8.2,37.3,3.06,0.66,3.69,3.0586,0.0014000000000002,False,8.04878048780488,45.0,False,2023,6.72,2.52,True,22.02380952380951,1.4799999999999995,21.42857142857142,21.568627450980394,120.58823529411764,0.9897285488406898,24,131.07,15.819965962993807,True,True
2025,SMIC,981,CHN,country,False,foundry,Foundry,AI expansion,True,2010,15,10.28,41.2,4.23,0.82,4.63,4.23536,0.0053599999999995,False,7.976653696498054,45.038910505836576,False,2024,8.2,3.06,True,25.365853658536587,2.08,38.23529411764708,19.385342789598106,109.4562647754137,1.0198008015554938,24,156.43,15.518233403436374,True,True
2026,SMIC,981,CHN,country,False,foundry,Foundry,AI expansion,True,2010,16,11.94,39.9,4.76,0.96,5.37,4.76406,0.0040599999999999,False,8.040201005025125,44.9748743718593,False,2025,10.28,4.23,True,16.147859922179,1.6600000000000001,12.529550827423153,20.168067226890756,112.81512605042016,1.037602217722663,22,164.83,14.323950883352307,True,True
2010,STMicroelectronics,STM,EUR,region,True,idm_diversified,IDM,Smart automobile expansion,False,2010,0,9.87,21.3,2.11,1.18,0.99,2.10231,0.0076899999999997,False,11.955420466058763,10.030395136778116,False,,,,False,,,,55.92417061611374,46.91943127962085,4.199999999999999,8,145.92,62.09361702127659,False,True
2011,STMicroelectronics,STM,EUR,region,True,idm_diversified,IDM,Smart automobile expansion,False,2010,1,9.41,16.2,1.52,1.13,0.94,1.52442,0.00442,False,12.008501594048884,9.989373007438894,False,2010,9.87,2.11,True,-4.660587639311031,-0.4599999999999991,-27.96208530805687,74.34210526315789,61.84210526315789,3.7670136108887107,10,151.0,60.448358686949554,True,True
2012,STMicroelectronics,STM,EUR,region,True,idm_diversified,IDM,Smart automobile expansion,False,2010,2,9.17,20.7,1.9,1.1,0.92,1.89819,0.00181,False,11.995637949836423,10.032715376226829,False,2011,9.41,1.52,True,-2.5504782146652527,-0.2400000000000002,25.0,57.89473684210527,48.42105263157895,3.4387070161622977,10,161.35,60.50549368132898,True,True
2013,STMicroelectronics,STM,EUR,region,True,idm_diversified,IDM,Smart automobile expansion,False,2010,3,8.17,24.4,1.99,0.98,0.82,1.99348,0.0034799999999999,False,11.995104039167687,10.03671970624235,False,2012,9.17,1.9,True,-10.905125408942206,-1.0,4.736842105263173,49.246231155778894,41.20603015075376,2.874533811835902,10,165.43,58.204911688128924,True,True
2014,STMicroelectronics,STM,EUR,region,True,idm_diversified,IDM,Smart automobile expansion,False,2010,4,7.56,20.1,1.52,0.91,0.76,1.5195599999999998,0.0004400000000002,False,12.037037037037038,10.052910052910054,False,2013,8.17,1.99,True,-7.466340269277849,-0.6100000000000003,-23.61809045226131,59.86842105263158,50.0,2.582231786043652,10,168.2,57.45124158896062,True,True
2015,STMicroelectronics,STM,EUR,region,True,idm_diversified,IDM,Smart automobile expansion,False,2010,5,7.06,18.1,1.28,0.85,0.71,1.27786,0.00214,False,12.039660056657224,10.056657223796034,False,2014,7.56,1.52,True,-6.613756613756616,-0.5,-15.789473684210531,66.40625,55.46875,2.2663071391884952,11,172.79,55.46674370826913,True,True
2016,STMicroelectronics,STM,EUR,region,True,idm_diversified,IDM,Smart automobile expansion,False,2010,6,7.98,18.4,1.47,0.96,0.8,1.4683199999999998,0.0016800000000001,False,12.030075187969924,10.025062656641603,False,2015,7.06,1.28,True,13.031161473087828,0.9200000000000008,14.84375,65.3061224489796,54.421768707483,2.1610203915833943,12,211.93,57.3916104747204,True,True
2017,STMicroelectronics,STM,EUR,region,True,idm_diversified,IDM,Smart automobile expansion,False,2010,7,8.63,24.1,2.08,1.04,0.86,2.0798300000000003,0.0001699999999997,False,12.05098493626883,9.96523754345307,False,2016,7.98,1.47,True,8.1453634085213,0.6500000000000004,41.49659863945578,50.0,41.34615384615385,2.005344487045428,14,247.23000000000002,57.448588358313,True,True
2018,STMicroelectronics,STM,EUR,region,True,idm_diversified,IDM,Smart automobile expansion,False,2010,8,9.3,12.8,1.19,1.12,0.93,1.1904,0.0004000000000001,False,12.043010752688172,10.0,False,2017,8.63,2.08,True,7.763615295480886,0.6699999999999999,-42.78846153846154,94.11764705882354,78.15126050420169,1.9529609407811848,15,274.37,57.616547669046625,True,True
2019,STMicroelectronics,STM,EUR,region,True,idm_diversified,IDM,Smart automobile expansion,False,2010,9,10.39,27.6,2.87,1.25,1.04,2.86764,0.0023599999999999,False,12.030798845043307,10.009624639076034,False,2018,9.3,1.19,True,11.72043010752688,1.0899999999999999,141.17647058823533,43.55400696864111,36.23693379790941,2.098777901222099,14,273.07,55.16008483991516,True,True
2020,STMicroelectronics,STM,EUR,region,True,idm_diversified,IDM,Smart automobile expansion,False,2010,10,10.08,14.2,1.43,1.21,1.01,1.43136,0.00136,False,12.003968253968251,10.01984126984127,False,2019,10.39,2.87,True,-2.9836381135707413,-0.3100000000000005,-50.17421602787457,84.61538461538461,70.62937062937064,2.001230915841093,16,258.64,51.349044054875016,True,True
2021,STMicroelectronics,STM,EUR,region,True,idm_diversified,IDM,Smart automobile expansion,False,2010,11,13.03,19.1,2.49,1.56,1.3,2.4887300000000003,0.0012699999999998,False,11.97237145049885,9.976976208749042,False,2020,10.08,1.43,True,29.265873015873,2.9499999999999993,74.12587412587415,62.65060240963856,52.20883534136546,2.1607548546506807,17,285.09999999999997,47.27791320498151,True,True
2022,STMicroelectronics,STM,EUR,region,True,idm_diversified,IDM,Transition Year,False,2010,12,16.01,16.7,2.67,1.92,1.6,2.67367,0.00367,False,11.99250468457214,9.993753903810118,False,2021,13.03,2.49,True,22.87029930928628,2.980000000000002,7.228915662650581,71.91011235955057,59.925093632958806,2.2954721417715716,17,317.07,45.46067157973217,True,True
2023,STMicroelectronics,STM,EUR,region,True,idm_diversified,IDM,AI expansion,False,2010,13,17.6,21.6,3.8,2.11,1.76,3.801600000000001,0.0016000000000011,False,11.988636363636363,10.0,False,2022,16.01,2.67,True,9.931292941911307,1.5899999999999999,42.32209737827715,55.52631578947368,46.31578947368421,2.6896920608237185,11,256.74,39.235882937265984,True,True
2024,STMicroelectronics,STM,EUR,region,True,idm_diversified,IDM,AI expansion,False,2010,14,12.72,22.1,2.81,1.53,1.27,2.8111200000000003,0.0011200000000002,False,12.028301886792454,9.984276729559747,False,2023,17.6,3.8,True,-27.727272727272734,-4.880000000000001,-26.05263157894736,54.44839857651246,45.195729537366546,1.5352862367382412,19,301.22,36.35683335143813,True,True
2025,STMicroelectronics,STM,EUR,region,True,idm_diversified,IDM,AI expansion,True,2010,15,15.85,20.5,3.25,1.9,1.58,3.24925,0.00075,False,11.98738170347003,9.96845425867508,False,2024,12.72,2.81,True,24.606918238993703,3.129999999999999,15.658362989323837,58.46153846153845,48.61538461538461,1.572358239752391,16,346.83,34.40637276298559,True,True
2026,STMicroelectronics,STM,EUR,region,True,idm_diversified,IDM,AI expansion,True,2010,16,16.33,19.6,3.2,1.96,1.63,3.20068,0.0006799999999995,False,12.00244947948561,9.981628903857931,False,2025,15.85,3.25,True,3.0283911671924235,0.47999999999999865,-1.538461538461533,61.24999999999999,50.93749999999999,1.4190991805201914,18,387.14,33.642991839962455,True,True
2020,SambaNova,SN,USA,country,False,fabless_ai,Fabless,Smart automobile expansion,False,2020,0,0.0,7.4,0.0,0.0,0.0,0.0,0.0,False,,,True,,,,False,,,,,,0.0,35,99.9,19.833627826639404,False,False
2021,SambaNova,SN,USA,country,False,fabless_ai,Fabless,Smart automobile expansion,False,2020,1,0.02,10.9,0.0,0.01,0.0,0.00218,0.00218,False,50.0,0.0,False,2020,0.0,0.0,True,,0.02,,,,0.0033165845811982822,38,127.36,21.12001061307066,False,False
2022,SambaNova,SN,USA,country,False,fabless_ai,Fabless,Transition Year,False,2020,2,0.05,8.5,0.0,0.03,0.0,0.00425,0.00425,False,60.0,0.0,False,2021,0.02,0.0,True,150.0,0.030000000000000002,,,,0.007168869899349066,36,154.83,22.19912253032432,True,False
2023,SambaNova,SN,USA,country,False,fabless_ai,Fabless,AI expansion,False,2020,3,0.1,7.9,0.01,0.05,0.0,0.0079,0.0020999999999999,False,50.0,0.0,False,2022,0.05,0.0,True,100.0,0.05,,500.0,0.0,0.015282341254680218,36,177.4,27.1108733858027,True,True
2024,SambaNova,SN,USA,country,False,fabless_ai,Fabless,AI expansion,False,2020,4,0.37,5.9,0.02,0.18,0.0,0.02183,0.00183,False,48.648648648648646,0.0,False,2023,0.1,0.01,True,270.0,0.27,100.0,900.0,0.0,0.0446584833013482,38,284.01,34.27961038490784,True,True
2025,SambaNova,SN,USA,country,False,fabless_ai,Fabless,AI expansion,True,2020,5,0.9,3.3,0.03,0.45,0.01,0.0296999999999999,0.0003,False,50.0,1.1111111111111112,False,2024,0.37,0.02,True,143.24324324324326,0.53,50.0,1500.0000000000002,33.333333333333336,0.08928217134240705,38,371.74,36.87750486091822,True,True
2026,SambaNova,SN,USA,country,False,fabless_ai,Fabless,AI expansion,True,2020,6,1.45,14.0,0.2,0.72,0.01,0.203,0.003,False,49.6551724137931,0.6896551724137931,False,2025,0.9,0.03,True,61.11111111111109,0.5499999999999999,566.6666666666667,359.99999999999994,5.0,0.1260069694889331,37,455.02000000000004,39.5418560392099,True,True
2010,Samsung Foundry,5930,KOR,country,False,foundry,Foundry,Smart automobile expansion,False,2010,0,3.06,43.4,1.33,0.24,1.38,1.32804,0.0019599999999999,False,7.84313725490196,45.09803921568627,False,,,,False,,,,18.045112781954884,103.75939849624058,1.3021276595744682,21,26.67,11.348936170212767,False,True
2011,Samsung Foundry,5930,KOR,country,False,foundry,Foundry,Smart automobile expansion,False,2010,1,3.69,37.5,1.38,0.29,1.66,1.38375,0.0037500000000001,False,7.8590785907859075,44.986449864498645,False,2010,3.06,1.33,True,20.58823529411764,0.6299999999999999,3.7593984962405846,21.014492753623188,120.28985507246377,1.477181745396317,20,30.44,12.185748598879103,True,True
2012,Samsung Foundry,5930,KOR,country,False,foundry,Foundry,Smart automobile expansion,False,2010,2,4.29,42.0,1.8,0.34,1.93,1.8018,0.0018,False,7.925407925407926,44.98834498834498,False,2011,3.69,1.38,True,16.260162601626014,0.6000000000000001,30.434782608695677,18.88888888888889,107.22222222222221,1.608729890876364,19,32.669999999999995,12.251096861289232,True,True
2013,Samsung Foundry,5930,KOR,country,False,foundry,Foundry,Smart automobile expansion,False,2010,3,5.21,41.6,2.17,0.42,2.35,2.1673600000000004,0.0026399999999995,False,8.061420345489443,45.10556621880998,False,2012,4.29,1.8,True,21.445221445221453,0.9199999999999999,20.55555555555555,19.35483870967742,108.29493087557604,1.8330870452466401,16,38.12,13.412145521075225,True,True
2014,Samsung Foundry,5930,KOR,country,False,foundry,Foundry,Smart automobile expansion,False,2010,4,5.69,40.7,2.31,0.45,2.56,2.31583,0.00583,False,7.908611599297012,44.99121265377856,False,2013,5.21,2.17,True,9.213051823416517,0.4800000000000004,6.451612903225823,19.480519480519483,110.82251082251082,1.9435051405540187,15,41.589999999999996,14.205690473750726,True,True
2015,Samsung Foundry,5930,KOR,country,False,foundry,Foundry,Smart automobile expansion,False,2010,5,6.52,40.7,2.65,0.52,2.94,2.65364,0.0036399999999998,False,7.9754601226993875,45.0920245398773,False,2014,5.69,2.31,True,14.586994727592263,0.8299999999999992,14.71861471861471,19.622641509433965,110.94339622641509,2.0929635336415,13,46.3,14.86260914227016,True,True
2016,Samsung Foundry,5930,KOR,country,False,foundry,Foundry,Smart automobile expansion,False,2010,6,8.55,40.7,3.48,0.68,3.85,3.4798500000000008,0.0001499999999992,False,7.953216374269005,45.02923976608187,False,2015,6.52,2.65,True,31.134969325153385,2.030000000000001,31.320754716981124,19.54022988505747,110.63218390804599,2.3153789909822082,10,51.36,13.908522219514177,True,True
2017,Samsung Foundry,5930,KOR,country,False,foundry,Foundry,Smart automobile expansion,False,2010,7,10.38,40.2,4.17,0.83,4.67,4.17276,0.0027600000000003,False,7.996146435452793,44.99036608863198,False,2016,8.55,3.48,True,21.403508771929825,1.83,19.82758620689655,19.90407673860911,111.9904076738609,2.411990240501917,11,56.93,13.22876728244452,True,True
2018,Samsung Foundry,5930,KOR,country,False,foundry,Foundry,Smart automobile expansion,False,2010,8,12.1,41.9,5.07,0.97,5.45,5.0699,0.0001000000000006,False,8.016528925619834,45.0413223140496,False,2017,10.38,4.17,True,16.57032755298651,1.7199999999999989,21.58273381294964,19.132149901380668,107.49506903353057,2.5409491810163796,11,61.879999999999995,12.994540109197816,True,True
2019,Samsung Foundry,5930,KOR,country,False,foundry,Foundry,Smart automobile expansion,False,2010,9,12.78,39.0,4.99,1.02,5.75,4.9842,0.0058000000000006,False,7.981220657276995,44.99217527386541,False,2018,12.1,5.07,True,5.61983471074381,0.6799999999999997,-1.5779092702169595,20.440881763527052,115.23046092184369,2.581557418442581,11,69.02,13.94202605797394,True,True
2020,Samsung Foundry,5930,KOR,country,False,foundry,Foundry,Smart automobile expansion,False,2010,10,14.49,38.1,5.52,1.16,6.52,5.520690000000001,0.0006900000000014,False,8.00552104899931,44.996549344375424,False,2019,12.78,4.99,True,13.38028169014085,1.7100000000000009,10.621242484969917,21.014492753623188,118.1159420289855,2.8767694415215708,11,75.64,15.017173261331374,True,True
2021,Samsung Foundry,5930,KOR,country,False,foundry,Foundry,Smart automobile expansion,False,2010,11,16.46,44.5,7.32,1.32,7.41,7.3247,0.0046999999999997,False,8.019441069258809,45.01822600243013,False,2020,14.49,5.52,True,13.595583160800562,1.9700000000000006,32.60869565217392,18.0327868852459,101.22950819672131,2.7295491103261864,13,101.05,16.75704359650432,True,True
2022,Samsung Foundry,5930,KOR,country,False,foundry,Foundry,Transition Year,False,2010,12,18.03,42.9,7.73,1.44,8.11,7.73487,0.0048699999999994,False,7.986688851913477,44.98058790904048,False,2021,16.46,7.32,True,9.53827460510328,1.5700000000000003,5.601092896174875,18.628719275549805,104.91591203104784,2.5850944857052736,14,119.96000000000001,17.19955266251828,True,True
2023,Samsung Foundry,5930,KOR,country,False,foundry,Foundry,AI expansion,False,2010,13,12.36,39.0,4.82,0.99,5.56,4.820399999999999,0.000399999999999,False,8.009708737864079,44.98381877022653,False,2022,18.03,7.73,True,-31.447587354409322,-5.670000000000002,-37.64553686934023,20.539419087136928,115.35269709543567,1.8888973790784747,19,105.72000000000001,16.156491174447925,True,True
2024,Samsung Foundry,5930,KOR,country,False,foundry,Foundry,AI expansion,False,2010,14,18.09,41.8,7.55,1.45,8.14,7.56162,0.0116199999999997,False,8.015478164731896,44.99723604201217,False,2023,12.36,4.82,True,46.35922330097089,5.73,56.63900414937757,19.205298013245034,107.81456953642386,2.1834377376253755,12,131.07,15.819965962993807,True,True
2025,Samsung Foundry,5930,KOR,country,False,foundry,Foundry,AI expansion,True,2010,15,20.43,42.4,8.66,1.63,9.19,8.66232,0.0023199999999992,False,7.978463044542339,44.98286833088595,False,2024,18.09,7.55,True,12.935323383084585,2.34,14.7019867549669,18.82217090069284,106.12009237875289,2.0267052894726403,12,156.43,15.518233403436374,True,True
2026,Samsung Foundry,5930,KOR,country,False,foundry,Foundry,AI expansion,True,2010,16,21.77,38.6,8.41,1.74,9.8,8.40322,0.0067800000000008,False,7.99265043638034,45.016077170418015,False,2025,20.43,8.66,True,6.558981889378357,1.3399999999999999,-2.886836027713624,20.689655172413794,116.52794292508919,1.891842569499361,12,164.83,14.323950883352307,True,True
2010,Samsung Memory,5930,KOR,country,False,idm_memory,IDM,Smart automobile expansion,False,2010,0,31.08,16.1,5.0,3.11,10.88,5.0038800000000005,0.0038800000000005,False,10.006435006435009,35.00643500643501,False,,,,False,,,,62.2,217.60000000000002,13.225531914893615,2,145.92,62.09361702127659,False,True
2011,Samsung Memory,5930,KOR,country,False,idm_memory,IDM,Smart automobile expansion,False,2010,1,32.71,7.9,2.57,3.27,11.45,2.58409,0.0140899999999999,False,9.99694283093855,35.004585753592174,False,2010,31.08,5.0,True,5.244530244530243,1.6300000000000026,-48.6,127.23735408560313,445.5252918287938,13.09447558046437,2,151.0,60.448358686949554,True,True
2012,Samsung Memory,5930,KOR,country,False,idm_memory,IDM,Smart automobile expansion,False,2010,2,34.69,13.6,4.72,3.47,12.14,4.717839999999999,0.0021600000000008,False,10.002882675122516,34.99567598731623,False,2011,32.71,2.57,True,6.05319474166921,1.9799999999999969,83.65758754863812,73.51694915254238,257.2033898305085,13.008587392657589,2,161.35,60.50549368132898,True,True
2013,Samsung Memory,5930,KOR,country,False,idm_memory,IDM,Smart automobile expansion,False,2010,3,36.29,10.6,3.85,3.63,12.7,3.84674,0.0032600000000004,False,10.0027555800496,34.9958666299256,False,2012,34.69,4.72,True,4.612280196021912,1.6000000000000014,-18.432203389830505,94.28571428571428,329.8701298701298,12.76827809443389,2,165.43,58.204911688128924,True,True
2014,Samsung Memory,5930,KOR,country,False,idm_memory,IDM,Smart automobile expansion,False,2010,4,39.06,15.0,5.86,3.91,13.67,5.859000000000001,0.0009999999999994,False,10.010240655401946,34.99743983614951,False,2013,36.29,3.85,True,7.632956737393237,2.770000000000003,52.20779220779222,66.7235494880546,233.2764505119454,13.34153089455887,2,168.2,57.45124158896062,True,True
2015,Samsung Memory,5930,KOR,country,False,idm_memory,IDM,Smart automobile expansion,False,2010,5,38.92,18.3,7.12,3.89,13.62,7.122360000000001,0.0023600000000012,False,9.99486125385406,34.994861253854054,False,2014,39.06,5.86,True,-0.35842293906810374,-0.14000000000000057,21.501706484641623,54.634831460674164,191.29213483146066,12.493579866461225,2,172.79,55.46674370826913,True,True
2016,Samsung Memory,5930,KOR,country,False,idm_memory,IDM,Smart automobile expansion,False,2010,6,52.14,16.6,8.68,5.21,18.25,8.655240000000001,0.0247599999999987,True,9.992328346758724,35.001917913310315,False,2015,38.92,7.12,True,33.96711202466598,13.219999999999999,21.91011235955056,60.023041474654384,210.25345622119818,14.119749776586238,2,211.93,57.3916104747204,True,True
2017,Samsung Memory,5930,KOR,country,False,idm_memory,IDM,Smart automobile expansion,False,2010,7,63.85,20.6,13.13,6.39,22.35,13.153100000000002,0.0231000000000012,True,10.007830853563036,35.003915426781525,False,2016,52.14,8.68,True,22.45876486382816,11.71,51.26728110599079,48.66717440974866,170.22086824067023,14.836760776112465,2,247.23000000000002,57.448588358313,True,True
2018,Samsung Memory,5930,KOR,country,False,idm_memory,IDM,Smart automobile expansion,False,2010,8,75.95,29.8,22.61,7.59,26.58,22.6331,0.0230999999999994,True,9.99341672152732,34.996708360763655,False,2017,63.85,13.13,True,18.950665622552854,12.100000000000001,72.20106626047217,33.56921716054843,117.55860238832373,15.949181016379674,1,274.37,57.616547669046625,True,True
2019,Samsung Memory,5930,KOR,country,False,idm_memory,IDM,Smart automobile expansion,False,2010,9,74.27,40.9,30.39,7.43,25.99,30.37643,0.0135700000000049,False,10.004039316009155,34.99394102598627,False,2018,75.95,22.61,True,-2.211981566820287,-1.6800000000000068,34.40955329500221,24.448831852583087,85.52155314248108,15.002524997475,1,273.07,55.16008483991516,True,True
2020,Samsung Memory,5930,KOR,country,False,idm_memory,IDM,Smart automobile expansion,False,2010,10,64.28,40.2,25.81,6.43,22.5,25.84056,0.0305600000000012,True,10.003111387678905,35.003111387678906,False,2019,74.27,30.39,True,-13.450922310488755,-9.989999999999995,-15.070746956235615,24.912824486633088,87.17551336691204,12.761817784748555,2,258.64,51.349044054875016,True,True
2021,Samsung Memory,5930,KOR,country,False,idm_memory,IDM,Smart automobile expansion,False,2010,11,69.3,41.4,28.7,6.93,24.26,28.6902,0.0097999999999984,False,10.0,35.00721500721501,False,2020,64.28,25.81,True,7.809583074051019,5.019999999999996,11.197210383572266,24.146341463414632,84.52961672473869,11.491965573852047,2,285.09999999999997,47.27791320498151,True,True
2022,Samsung Memory,5930,KOR,country,False,idm_memory,IDM,Transition Year,False,2010,12,75.7,33.1,25.09,7.57,26.5,25.0567,0.0333000000000005,True,10.0,35.006605019815055,False,2021,69.3,28.7,True,9.23520923520924,6.400000000000006,-12.578397212543557,30.171383021123955,105.61976883220407,10.853669027614487,1,317.07,45.46067157973217,True,True
2023,Samsung Memory,5930,KOR,country,False,idm_memory,IDM,AI expansion,False,2010,13,50.38,23.3,11.75,5.04,17.63,11.73854,0.0114599999999995,False,10.00396982929734,34.99404525605399,False,2022,75.7,25.09,True,-33.44782034346103,-25.32,-53.16859306496613,42.8936170212766,150.04255319148936,7.699243524107893,4,256.74,39.235882937265984,True,True
2024,Samsung Memory,5930,KOR,country,False,idm_memory,IDM,AI expansion,False,2010,14,74.79,26.8,20.06,7.48,26.18,20.043720000000004,0.0162799999999947,False,10.001337077149351,35.004679770022726,False,2023,50.38,11.75,True,48.451766574037315,24.410000000000004,70.72340425531914,37.288135593220346,130.5084745762712,9.027048557048197,3,301.22,36.35683335143813,True,True
2025,Samsung Memory,5930,KOR,country,False,idm_memory,IDM,AI expansion,True,2010,15,83.84,25.4,21.3,8.38,29.34,21.29536,0.0046399999999984,False,9.995229007633588,34.99522900763359,False,2024,74.79,20.06,True,12.100548201631224,9.049999999999997,6.181455633100708,39.34272300469484,137.74647887323943,8.317130272608232,3,346.83,34.40637276298559,True,True
2026,Samsung Memory,5930,KOR,country,False,idm_memory,IDM,AI expansion,True,2010,16,94.46,19.3,18.28,9.45,33.06,18.23078,0.0492200000000018,True,10.004234596654667,34.99894135083634,False,2025,83.84,21.3,True,12.666984732824416,10.61999999999999,-14.17840375586854,51.69584245076586,180.85339168490154,8.208702302016981,3,387.14,33.642991839962455,True,True
2010,Synopsys,SNPS,USA,country,False,eda_software,EDA Software,Smart automobile expansion,False,2010,0,1.34,41.0,0.55,0.47,0.01,0.5494,0.0006,False,35.07462686567164,0.7462686567164178,False,,,,False,,,,85.45454545454544,1.8181818181818181,0.5702127659574469,30,2.29,0.9744680851063829,False,True
2011,Synopsys,SNPS,USA,country,False,eda_software,EDA Software,Smart automobile expansion,False,2010,1,1.55,38.6,0.6,0.54,0.02,0.5983,0.0016999999999999,False,34.83870967741935,1.2903225806451613,False,2010,1.34,0.55,True,15.671641791044767,0.20999999999999996,9.090909090909083,90.00000000000001,3.3333333333333335,0.6204963971176942,31,2.66,1.0648518815052042,True,True
2012,Synopsys,SNPS,USA,country,False,eda_software,EDA Software,Smart automobile expansion,False,2010,2,1.77,44.4,0.78,0.62,0.02,0.7858799999999999,0.0058799999999998,False,35.02824858757062,1.1299435028248588,False,2011,1.55,0.6,True,14.193548387096765,0.21999999999999997,30.000000000000004,79.48717948717949,2.564102564102564,0.6637417032287096,30,2.94,1.1024862189222633,True,True
2013,Synopsys,SNPS,USA,country,False,eda_software,EDA Software,Smart automobile expansion,False,2010,3,1.98,43.9,0.87,0.69,0.02,0.86922,0.00078,False,34.848484848484844,1.0101010101010102,False,2012,1.77,0.78,True,11.864406779661007,0.20999999999999996,11.538461538461542,79.31034482758619,2.2988505747126435,0.6966434452184928,28,3.29,1.1575540074590107,True,True
2014,Synopsys,SNPS,USA,country,False,eda_software,EDA Software,Smart automobile expansion,False,2010,4,2.03,41.1,0.83,0.71,0.02,0.8343299999999999,0.0043299999999999,False,34.97536945812808,0.9852216748768474,False,2013,1.98,0.87,True,2.525252525252508,0.04999999999999982,-4.597701149425292,85.54216867469879,2.4096385542168677,0.6933770536598695,29,3.58,1.222802882809031,True,True
2015,Synopsys,SNPS,USA,country,False,eda_software,EDA Software,Smart automobile expansion,False,2010,5,2.25,40.4,0.91,0.79,0.02,0.909,0.0010000000000001,False,35.111111111111114,0.8888888888888888,False,2014,2.03,0.83,True,10.83743842364533,0.2200000000000002,9.63855421686748,86.81318681318682,2.1978021978021975,0.7222650231124808,28,4.01,1.28723677452491,True,True
2016,Synopsys,SNPS,USA,country,False,eda_software,EDA Software,Smart automobile expansion,False,2010,6,2.51,42.5,1.07,0.88,0.03,1.06675,0.0032500000000001,False,35.0597609561753,1.195219123505976,False,2015,2.25,0.91,True,11.555555555555541,0.2599999999999998,17.582417582417587,82.2429906542056,2.8037383177570088,0.6797194464754787,30,4.32,1.1698757007068,True,True
2017,Synopsys,SNPS,USA,country,False,eda_software,EDA Software,Smart automobile expansion,False,2010,7,2.8,37.8,1.06,0.98,0.03,1.0583999999999998,0.0016000000000002,False,35.0,1.0714285714285714,False,2016,2.51,1.07,True,11.55378486055778,0.29000000000000004,-0.9345794392523366,92.45283018867923,2.830188679245283,0.6506332055303822,29,4.74,1.1014290693621471,True,True
2018,Synopsys,SNPS,USA,country,False,eda_software,EDA Software,Smart automobile expansion,False,2010,8,3.06,41.9,1.28,1.07,0.03,1.28214,0.00214,False,34.96732026143791,0.9803921568627452,False,2017,2.8,1.06,True,9.285714285714297,0.26000000000000023,20.75471698113207,83.59375,2.34375,0.6425871482570349,28,5.220000000000001,1.0961780764384714,True,True
2019,Synopsys,SNPS,USA,country,False,eda_software,EDA Software,Smart automobile expansion,False,2010,9,3.4,41.0,1.39,1.19,0.03,1.394,0.0040000000000002,False,35.0,0.8823529411764706,False,2018,3.06,1.28,True,11.111111111111116,0.33999999999999986,8.59375,85.61151079136691,2.158273381294964,0.6867993132006868,29,5.859999999999999,1.1837188162811836,True,True
2020,Synopsys,SNPS,USA,country,False,eda_software,EDA Software,Smart automobile expansion,False,2010,10,3.78,38.9,1.47,1.32,0.04,1.4704199999999998,0.0004199999999998,False,34.920634920634924,1.0582010582010584,False,2019,3.4,1.39,True,11.176470588235299,0.3799999999999999,5.755395683453246,89.79591836734696,2.72108843537415,0.7504615934404097,28,6.4,1.2706228037086305,True,True
2021,Synopsys,SNPS,USA,country,False,eda_software,EDA Software,Smart automobile expansion,False,2010,11,4.45,41.1,1.83,1.56,0.04,1.82895,0.0010499999999999,False,35.056179775280896,0.8988764044943819,False,2020,3.78,1.47,True,17.724867724867742,0.6700000000000004,24.489795918367353,85.24590163934425,2.185792349726776,0.7379400693166178,30,7.67,1.2719101868895413,True,True
2022,Synopsys,SNPS,USA,country,False,eda_software,EDA Software,Transition Year,False,2010,12,4.82,44.3,2.14,1.69,0.05,2.13526,0.0047399999999999,False,35.06224066390041,1.0373443983402488,False,2021,4.45,1.83,True,8.314606741573026,0.3700000000000001,16.93989071038251,78.97196261682242,2.336448598130841,0.69107905829725,28,8.34,1.1957674992114242,True,True
2023,Synopsys,SNPS,USA,country,False,eda_software,EDA Software,AI expansion,False,2010,13,5.71,35.0,2.0,2.0,0.06,1.9985,0.0015,False,35.02626970227671,1.0507880910683012,False,2022,4.82,2.14,True,18.464730290456433,0.8899999999999997,-6.542056074766355,100.0,3.0,0.8726216856422404,28,9.74,1.488500038205853,True,True
2024,Synopsys,SNPS,USA,country,False,eda_software,EDA Software,AI expansion,False,2010,14,5.91,36.9,2.18,2.07,0.06,2.18079,0.0007899999999998,False,35.025380710659896,1.015228426395939,False,2023,5.71,2.0,True,3.5026269702276736,0.20000000000000018,9.000000000000007,94.95412844036696,2.7522935779816513,0.7133287467863997,29,10.379999999999999,1.2528515045080928,True,True
2025,Synopsys,SNPS,USA,country,False,eda_software,EDA Software,AI expansion,True,2010,15,6.81,39.2,2.67,2.38,0.07,2.66952,0.00048,False,34.948604992657856,1.0279001468428783,False,2024,5.91,2.18,True,15.228426395939088,0.8999999999999995,22.477064220183472,89.13857677902621,2.6217228464419478,0.6755684298242133,30,11.77,1.1676123963334788,True,True
2026,Synopsys,SNPS,USA,country,False,eda_software,EDA Software,AI expansion,True,2010,16,7.42,41.9,3.11,2.6,0.07,3.10898,0.00102,False,35.04043126684636,0.9433962264150944,False,2025,6.81,2.67,True,8.957415565345084,0.6100000000000003,16.479400749063664,83.60128617363345,2.250803858520901,0.6448080783502645,29,13.14,1.1418838476445388,True,True
2010,TSMC,TSM,TWN,country,False,foundry,Foundry,Smart automobile expansion,False,2010,0,13.42,36.9,4.95,1.07,6.04,4.95198,0.0019799999999996,False,7.97317436661699,45.00745156482861,False,,,,False,,,,21.616161616161616,122.020202020202,5.7106382978723405,3,26.67,11.348936170212767,False,True
2011,TSMC,TSM,TWN,country,False,foundry,Foundry,Smart automobile expansion,False,2010,1,16.32,42.8,6.99,1.31,7.35,6.98496,0.0050400000000001,False,8.026960784313726,45.03676470588235,False,2010,13.42,4.95,True,21.60953800298062,2.9000000000000004,41.21212121212121,18.741058655221746,105.15021459227466,6.533226581265011,3,30.44,12.185748598879103,True,True
2012,TSMC,TSM,TWN,country,False,foundry,Foundry,Smart automobile expansion,False,2010,2,17.56,36.1,6.34,1.4,7.9,6.33916,0.0008400000000001,False,7.972665148063782,44.98861047835992,False,2011,16.32,6.99,True,7.59803921568627,1.2399999999999984,-9.298998569384842,22.082018927444793,124.60567823343848,6.5849176885288925,3,32.669999999999995,12.251096861289232,True,True
2013,TSMC,TSM,TWN,country,False,foundry,Foundry,Smart automobile expansion,False,2010,3,21.36,39.1,8.34,1.71,9.61,8.35176,0.0117600000000006,False,8.00561797752809,44.99063670411984,False,2012,17.56,6.34,True,21.64009111617313,3.8000000000000007,31.54574132492114,20.503597122302157,115.22781774580335,7.515305045387377,3,38.12,13.412145521075225,True,True
2014,TSMC,TSM,TWN,country,False,foundry,Foundry,Smart automobile expansion,False,2010,4,23.93,37.4,8.96,1.91,10.77,8.949819999999999,0.0101800000000018,False,7.98161303802758,45.0062682824906,False,2013,21.36,8.34,True,12.031835205992515,2.5700000000000003,7.434052757793785,21.31696428571428,120.20089285714283,8.173651671960926,3,41.589999999999996,14.205690473750726,True,True
2015,TSMC,TSM,TWN,country,False,foundry,Foundry,Smart automobile expansion,False,2010,5,27.31,42.3,11.56,2.18,12.29,11.55213,0.0078700000000004,False,7.98242402050531,45.00183083119737,False,2014,23.93,8.96,True,14.124529878813208,3.379999999999999,29.01785714285714,18.858131487889274,106.31487889273355,8.766692347200822,3,46.3,14.86260914227016,True,True
2016,TSMC,TSM,TWN,country,False,foundry,Foundry,Smart automobile expansion,False,2010,6,29.19,43.4,12.66,2.34,13.14,12.66846,0.0084599999999994,False,8.016443987667008,45.01541623843782,False,2015,27.31,11.56,True,6.883925302087168,1.8800000000000026,9.515570934256058,18.48341232227488,103.7914691943128,7.9047851165813645,3,51.36,13.908522219514177,True,True
2017,TSMC,TSM,TWN,country,False,foundry,Foundry,Smart automobile expansion,False,2010,7,32.11,37.4,12.02,2.57,14.45,12.00914,0.0108599999999992,False,8.003737153534724,45.00155714730613,False,2016,29.19,12.66,True,10.003425830763945,2.919999999999998,-5.055292259083732,21.381031613976706,120.21630615640599,7.4613686534216335,3,56.93,13.22876728244452,True,True
2018,TSMC,TSM,TWN,country,False,foundry,Foundry,Smart automobile expansion,False,2010,8,34.58,37.1,12.84,2.77,15.56,12.82918,0.0108200000000007,False,8.01041064198959,44.9971081550029,False,2017,32.11,12.02,True,7.692307692307687,2.469999999999999,6.821963394342756,21.573208722741434,121.18380062305296,7.261654766904662,4,61.879999999999995,12.994540109197816,True,True
2019,TSMC,TSM,TWN,country,False,foundry,Foundry,Smart automobile expansion,False,2010,9,40.91,39.9,16.3,3.27,18.41,16.323089999999997,0.0230899999999962,True,7.993155707650942,45.00122219506233,False,2018,34.58,12.84,True,18.305378831694608,6.329999999999998,26.947040498442366,20.061349693251532,112.94478527607362,8.263811736188263,3,69.02,13.94202605797394,True,True
2020,TSMC,TSM,TWN,country,False,foundry,Foundry,Smart automobile expansion,False,2010,10,45.25,38.0,17.18,3.62,20.36,17.195,0.0150000000000005,False,8.0,44.99447513812155,False,2019,40.91,16.3,True,10.608653141041312,4.340000000000003,5.39877300613496,21.071012805587895,118.50989522700814,8.983700291846175,3,75.64,15.017173261331374,True,True
2021,TSMC,TSM,TWN,country,False,foundry,Foundry,Smart automobile expansion,False,2010,11,62.97,39.5,24.9,5.04,28.34,24.87315,0.0268499999999995,True,8.00381133873273,45.00555820231856,False,2020,45.25,17.18,True,39.16022099447514,17.72,44.9359720605355,20.240963855421686,113.81526104417672,10.442266553902792,3,101.05,16.75704359650432,True,True
2022,TSMC,TSM,TWN,country,False,foundry,Foundry,Transition Year,False,2010,12,74.93,38.9,29.18,5.99,33.72,29.14777,0.0322299999999984,True,7.994127852662484,45.00200186841051,False,2021,62.97,24.9,True,18.993171351437212,11.960000000000008,17.188755020080325,20.527758738862232,115.55860178204249,10.74326843116451,2,119.96000000000001,17.19955266251828,True,True
2023,TSMC,TSM,TWN,country,False,foundry,Foundry,AI expansion,False,2010,13,70.42,41.1,28.94,5.63,31.69,28.94262,0.0026200000000002,False,7.994887815961374,45.00142005112184,False,2022,74.93,29.18,True,-6.018951020952901,-4.510000000000005,-0.8224811514736086,19.454042847270216,109.5024187975121,10.76182471154581,1,105.72000000000001,16.156491174447925,True,True
2024,TSMC,TSM,TWN,country,False,foundry,Foundry,AI expansion,False,2010,14,88.89,41.3,36.71,7.11,40.0,36.71157,0.0015699999999938,False,7.998650016874789,44.99943750703116,False,2023,70.42,28.94,True,26.228344220391932,18.47,26.848652384243255,19.36801961318442,108.96213565785888,10.728898866640113,2,131.07,15.819965962993807,True,True
2025,TSMC,TSM,TWN,country,False,foundry,Foundry,AI expansion,True,2010,15,108.13,38.8,41.93,8.65,48.66,41.95444,0.0244399999999984,True,7.999630074909832,45.00138721908814,False,2024,88.89,36.71,True,21.64472944088198,19.239999999999995,14.219558703350588,20.629620796565707,116.05056045790603,10.726756874727194,2,156.43,15.518233403436374,True,True
2026,TSMC,TSM,TWN,country,False,foundry,Foundry,AI expansion,True,2010,16,113.25,37.6,42.53,9.06,50.96,42.582,0.0519999999999996,True,8.0,44.99779249448124,False,2025,108.13,41.93,True,4.735041154166275,5.1200000000000045,1.4309563558311478,21.30260992240771,119.82130260992241,9.841578823877018,2,164.83,14.323950883352307,True,True
2020,Tenstorrent,TNS,USA,country,False,fabless_ai,Fabless,Smart automobile expansion,False,2020,0,0.0,13.9,0.0,0.0,0.0,0.0,0.0,False,,,True,,,,False,,,,,,0.0,35,99.9,19.833627826639404,False,False
2021,Tenstorrent,TNS,USA,country,False,fabless_ai,Fabless,Smart automobile expansion,False,2020,1,0.01,12.3,0.0,0.01,0.0,0.00123,0.00123,False,100.0,0.0,False,2020,0.0,0.0,True,,0.01,,,,0.0016582922905991411,39,127.36,21.12001061307066,False,False
2022,Tenstorrent,TNS,USA,country,False,fabless_ai,Fabless,Transition Year,False,2020,2,0.05,11.6,0.01,0.02,0.0,0.0058,0.0042,False,40.0,0.0,False,2021,0.01,0.0,True,400.0,0.04,,200.0,0.0,0.007168869899349066,36,154.83,22.19912253032432,True,True
2023,Tenstorrent,TNS,USA,country,False,fabless_ai,Fabless,AI expansion,False,2020,3,0.1,8.3,0.01,0.05,0.0,0.0083,0.0017,False,50.0,0.0,False,2022,0.05,0.01,True,100.0,0.05,0.0,500.0,0.0,0.015282341254680218,36,177.4,27.1108733858027,True,True
2024,Tenstorrent,TNS,USA,country,False,fabless_ai,Fabless,AI expansion,False,2020,4,0.31,11.7,0.04,0.15,0.0,0.03627,0.00373,False,48.38709677419354,0.0,False,2023,0.1,0.01,True,209.99999999999997,0.21,300.0,375.0,0.0,0.037416567090318764,39,284.01,34.27961038490784,True,True
2025,Tenstorrent,TNS,USA,country,False,fabless_ai,Fabless,AI expansion,True,2020,5,0.74,6.6,0.05,0.37,0.01,0.0488399999999999,0.00116,False,50.0,1.351351351351351,False,2024,0.31,0.04,True,138.70967741935485,0.43,25.0,740.0,20.0,0.07340978532597914,39,371.74,36.87750486091822,True,True
2026,Tenstorrent,TNS,USA,country,False,fabless_ai,Fabless,AI expansion,True,2020,6,1.16,10.3,0.12,0.58,0.01,0.11948,0.0005199999999999,False,50.0,0.8620689655172415,False,2025,0.74,0.05,True,56.75675675675676,0.41999999999999993,140.0,483.3333333333333,8.333333333333334,0.10080557559114649,38,455.02000000000004,39.5418560392099,True,True
2010,Texas Instruments,TXN,USA,country,False,idm_analog,IDM,Smart automobile expansion,False,2010,0,13.26,44.1,5.85,1.59,1.59,5.847659999999999,0.0023400000000002,False,11.990950226244344,11.990950226244344,False,,,,False,,,,27.179487179487182,27.179487179487182,5.642553191489362,4,145.92,62.09361702127659,False,True
2011,Texas Instruments,TXN,USA,country,False,idm_analog,IDM,Smart automobile expansion,False,2010,1,13.76,44.7,6.16,1.65,1.65,6.15072,0.0092800000000003,False,11.99127906976744,11.99127906976744,False,2010,13.26,5.85,True,3.7707390648567207,0.5,5.2991452991453025,26.785714285714285,26.785714285714285,5.508406725380304,4,151.0,60.448358686949554,True,True
2012,Texas Instruments,TXN,USA,country,False,idm_analog,IDM,Smart automobile expansion,False,2010,2,13.87,46.0,6.38,1.66,1.66,6.380199999999999,0.0001999999999995,False,11.968276856524875,11.968276856524875,False,2011,13.76,6.16,True,0.7994186046511587,0.10999999999999943,3.5714285714285587,26.018808777429463,26.018808777429463,5.201184985187685,5,161.35,60.50549368132898,True,True
2013,Texas Instruments,TXN,USA,country,False,idm_analog,IDM,Smart automobile expansion,False,2010,3,13.63,42.9,5.85,1.64,1.64,5.84727,0.0027299999999996,False,12.032281731474686,12.032281731474686,False,2012,13.87,6.38,True,-1.7303532804614163,-0.23999999999999844,-8.307210031347967,28.034188034188034,28.034188034188034,4.795580888044474,6,165.43,58.204911688128924,True,True
2014,Texas Instruments,TXN,USA,country,False,idm_analog,IDM,Smart automobile expansion,False,2010,4,13.54,49.9,6.75,1.62,1.62,6.75646,0.0064599999999996,False,11.964549483013297,11.964549483013297,False,2013,13.63,5.85,True,-0.6603081438004477,-0.09000000000000163,15.384615384615397,24.000000000000004,24.000000000000004,4.624790791406223,7,168.2,57.45124158896062,True,True
2015,Texas Instruments,TXN,USA,country,False,idm_analog,IDM,Smart automobile expansion,False,2010,5,12.63,42.3,5.35,1.52,1.52,5.342490000000001,0.007509999999999,False,12.034837688044338,12.034837688044338,False,2014,13.54,6.75,True,-6.7208271787296825,-0.9099999999999984,-20.740740740740748,28.41121495327103,28.41121495327103,4.054314329738059,7,172.79,55.46674370826913,True,True
2016,Texas Instruments,TXN,USA,country,False,idm_analog,IDM,Smart automobile expansion,False,2010,6,14.5,44.4,6.44,1.74,1.74,6.438,0.0020000000000006,False,12.0,12.0,False,2015,12.63,5.35,True,14.80601741884402,1.8699999999999992,20.373831775700957,27.018633540372665,27.018633540372665,3.9266661250575465,7,211.93,57.3916104747204,True,True
2017,Texas Instruments,TXN,USA,country,False,idm_analog,IDM,Smart automobile expansion,False,2010,7,15.51,43.7,6.77,1.86,1.86,6.77787,0.0078700000000004,False,11.992263056092844,11.992263056092844,False,2016,14.5,6.44,True,6.965517241379304,1.0099999999999998,5.124223602484457,27.474150664697195,27.474150664697195,3.6040432206343667,8,247.23000000000002,57.448588358313,True,True
2018,Texas Instruments,TXN,USA,country,False,idm_analog,IDM,Smart automobile expansion,False,2010,8,16.5,45.4,7.49,1.98,1.98,7.491,0.0010000000000003,False,12.0,12.0,False,2017,15.51,6.77,True,6.382978723404253,0.9900000000000002,10.635155096011829,26.43524699599466,26.43524699599466,3.4649307013859723,8,274.37,57.616547669046625,True,True
2019,Texas Instruments,TXN,USA,country,False,idm_analog,IDM,Smart automobile expansion,False,2010,9,15.27,49.7,7.59,1.83,1.83,7.589189999999999,0.0008100000000004,False,11.984282907662084,11.984282907662084,False,2018,16.5,7.49,True,-7.454545454545459,-1.2300000000000004,1.3351134846461887,24.110671936758894,24.110671936758894,3.0845369154630844,9,273.07,55.16008483991516,True,True
2020,Texas Instruments,TXN,USA,country,False,idm_analog,IDM,Smart automobile expansion,False,2010,10,14.34,42.2,6.05,1.72,1.72,6.051480000000001,0.0014800000000008,False,11.99442119944212,11.99442119944212,False,2019,15.27,7.59,True,-6.090373280943028,-0.9299999999999997,-20.28985507246377,28.429752066115704,28.429752066115704,2.84698921955965,12,258.64,51.349044054875016,True,True
2021,Texas Instruments,TXN,USA,country,False,idm_analog,IDM,Smart automobile expansion,False,2010,11,17.02,46.4,7.89,2.04,2.04,7.897279999999999,0.0072799999999997,False,11.985898942420684,11.985898942420684,False,2020,14.34,6.05,True,18.688981868898182,2.6799999999999997,30.41322314049586,25.85551330798479,25.85551330798479,2.822413478599738,12,285.09999999999997,47.27791320498151,True,True
2022,Texas Instruments,TXN,USA,country,False,idm_analog,IDM,Transition Year,False,2010,12,19.08,46.9,8.95,2.29,2.29,8.948519999999998,0.0014800000000008,False,12.002096436058702,12.002096436058702,False,2021,17.02,7.89,True,12.103407755581653,2.0599999999999987,13.434727503168563,25.58659217877095,25.58659217877095,2.7356407535916034,13,317.07,45.46067157973217,True,True
2023,Texas Instruments,TXN,USA,country,False,idm_analog,IDM,AI expansion,False,2010,13,17.22,48.4,8.34,2.07,2.07,8.33448,0.0055200000000006,False,12.020905923344948,12.020905923344948,False,2022,19.08,8.95,True,-9.748427672955973,-1.8599999999999994,-6.815642458100557,24.820143884892083,24.820143884892083,2.631619164055933,13,256.74,39.235882937265984,True,True
2024,Texas Instruments,TXN,USA,country,False,idm_analog,IDM,AI expansion,False,2010,14,14.89,42.6,6.35,1.79,1.79,6.343140000000001,0.0068599999999987,False,12.021490933512425,12.021490933512425,False,2023,17.22,8.34,True,-13.530778164924495,-2.3299999999999983,-23.86091127098322,28.188976377952756,28.188976377952756,1.7972022063704722,15,301.22,36.35683335143813,True,True
2025,Texas Instruments,TXN,USA,country,False,idm_analog,IDM,AI expansion,True,2010,15,16.64,42.5,7.07,2.0,2.0,7.072,0.0019999999999997,False,12.019230769230768,12.019230769230768,False,2024,14.89,6.35,True,11.752854264607127,1.75,11.338582677165366,28.28854314002829,28.28854314002829,1.650728145708504,15,346.83,34.40637276298559,True,True
2026,Texas Instruments,TXN,USA,country,False,idm_analog,IDM,AI expansion,True,2010,16,19.14,44.5,8.51,2.3,2.3,8.5173,0.0073000000000007,False,12.016718913270635,12.016718913270635,False,2025,16.64,7.07,True,15.024038461538458,2.5,20.36775106082036,27.027027027027025,27.027027027027025,1.663291997253917,14,387.14,33.642991839962455,True,True
2010,Tokyo Electron,8035,JPN,country,False,equipment_diversified,Equipment,Smart automobile expansion,False,2010,0,6.88,24.4,1.67,0.83,0.69,1.6787199999999998,0.0087199999999998,False,12.063953488372093,10.02906976744186,False,,,,False,,,,49.700598802395206,41.31736526946108,2.927659574468085,11,29.060000000000002,12.365957446808512,False,True
2011,Tokyo Electron,8035,JPN,country,False,equipment_diversified,Equipment,Smart automobile expansion,False,2010,1,6.28,27.4,1.72,0.75,0.63,1.72072,0.00072,False,11.94267515923567,10.03184713375796,False,2010,6.88,1.67,True,-8.720930232558132,-0.5999999999999996,2.9940119760479167,43.604651162790695,36.627906976744185,2.514011208967174,12,29.450000000000003,11.789431545236189,True,True
2012,Tokyo Electron,8035,JPN,country,False,equipment_diversified,Equipment,Smart automobile expansion,False,2010,2,6.1,28.3,1.73,0.73,0.61,1.7263,0.0037,False,11.9672131147541,10.0,False,2011,6.28,1.72,True,-2.866242038216571,-0.1800000000000006,0.5813953488372103,42.19653179190752,35.26011560693642,2.287471406607417,12,29.73,11.14861064236697,True,True
2013,Tokyo Electron,8035,JPN,country,False,equipment_diversified,Equipment,Smart automobile expansion,False,2010,3,5.79,35.6,2.06,0.69,0.58,2.06124,0.0012400000000001,False,11.917098445595856,10.017271157167528,False,2012,6.1,1.73,True,-5.081967213114746,-0.3099999999999996,19.075144508670515,33.495145631067956,28.155339805825243,2.0371543170783197,12,30.119999999999997,10.597424530293436,True,True
2014,Tokyo Electron,8035,JPN,country,False,equipment_diversified,Equipment,Smart automobile expansion,False,2010,4,5.53,31.2,1.73,0.66,0.55,1.72536,0.0046399999999999,False,11.93490054249548,9.945750452079563,False,2013,5.79,2.06,True,-4.490500863557855,-0.2599999999999998,-16.019417475728158,38.150289017341045,31.79190751445087,1.8888547323837828,16,30.520000000000003,10.424565358472524,True,True
2015,Tokyo Electron,8035,JPN,country,False,equipment_diversified,Equipment,Smart automobile expansion,False,2010,5,5.26,30.2,1.59,0.63,0.53,1.58852,0.0014800000000001,False,11.977186311787074,10.076045627376429,False,2014,5.53,1.73,True,-4.882459312839071,-0.27000000000000046,-8.092485549132943,39.62264150943396,33.33333333333333,1.6884951206985104,17,31.93,10.24974319465845,True,True
2016,Tokyo Electron,8035,JPN,country,False,equipment_diversified,Equipment,Smart automobile expansion,False,2010,6,7.3,31.3,2.29,0.88,0.73,2.2849,0.0051000000000001,False,12.054794520547944,10.0,False,2015,5.26,1.59,True,38.78326996197718,2.04,44.025157232704395,38.427947598253276,31.877729257641917,1.976873290546213,14,40.64,11.005497332575082,True,True
2017,Tokyo Electron,8035,JPN,country,False,equipment_diversified,Equipment,Smart automobile expansion,False,2010,7,9.63,34.9,3.37,1.16,0.96,3.36087,0.0091300000000003,False,12.045690550363446,9.96884735202492,False,2016,7.3,2.29,True,31.91780821917809,2.330000000000001,47.161572052401745,34.4213649851632,28.486646884272993,2.2377134890205648,12,50.03,11.62542116881608,True,True
2018,Tokyo Electron,8035,JPN,country,False,equipment_diversified,Equipment,Smart automobile expansion,False,2010,8,11.41,31.8,3.62,1.37,1.14,3.62838,0.0083800000000002,False,12.007011393514462,9.991235758106924,False,2017,9.63,3.37,True,18.483904465212863,1.7799999999999994,7.41839762611276,37.84530386740332,31.491712707182316,2.3960520789584208,12,57.620000000000005,12.099958000839985,True,True
2019,Tokyo Electron,8035,JPN,country,False,equipment_diversified,Equipment,Smart automobile expansion,False,2010,9,10.82,29.7,3.22,1.3,1.08,3.21354,0.0064600000000001,False,12.01478743068392,9.981515711645102,False,2018,11.41,3.62,True,-5.170902716914982,-0.5899999999999999,-11.049723756906072,40.37267080745342,33.54037267080746,2.1856378143621855,13,59.07,11.932128067871933,True,True
2020,Tokyo Electron,8035,JPN,country,False,equipment_diversified,Equipment,Smart automobile expansion,False,2010,10,11.42,32.6,3.72,1.37,1.14,3.72292,0.00292,False,11.996497373029772,9.98248686514886,False,2019,10.82,3.22,True,5.5452865064695045,0.5999999999999996,15.527950310559003,36.82795698924731,30.645161290322577,2.2672675653675873,13,63.11,12.529532053445571,True,True
2021,Tokyo Electron,8035,JPN,country,False,equipment_diversified,Equipment,Smart automobile expansion,False,2010,11,13.79,32.7,4.5,1.65,1.38,4.50933,0.0093300000000002,False,11.965192168237854,10.007251631617113,False,2020,11.42,3.72,True,20.753064798598952,2.369999999999999,20.967741935483875,36.666666666666664,30.666666666666664,2.2867850687362155,16,81.85,13.573122398553968,True,True
2022,Tokyo Electron,8035,JPN,country,False,equipment_diversified,Equipment,Transition Year,False,2010,12,16.54,33.6,5.56,1.99,1.65,5.557440000000001,0.002559999999999,False,12.031438935912938,9.975816203143893,False,2021,13.79,4.5,True,19.941986947063086,2.75,23.55555555555555,35.79136690647483,29.676258992805753,2.3714621627046713,15,97.25999999999999,13.944885728213801,True,True
2023,Tokyo Electron,8035,JPN,country,False,equipment_diversified,Equipment,AI expansion,False,2010,13,14.63,28.9,4.23,1.76,1.46,4.22807,0.0019300000000006,False,12.030075187969924,9.979494190020503,False,2022,16.54,5.56,True,-11.5477629987908,-1.9099999999999984,-23.9208633093525,41.60756501182033,34.515366430260045,2.235806525559716,16,104.75,16.00825246427753,True,True
2024,Tokyo Electron,8035,JPN,country,False,equipment_diversified,Equipment,AI expansion,False,2010,14,13.64,21.2,2.89,1.64,1.36,2.89168,0.0016799999999999,False,12.023460410557185,9.97067448680352,False,2023,14.63,4.23,True,-6.766917293233088,-0.9900000000000002,-31.678486997635936,56.74740484429065,47.05882352941176,1.6463289519740256,17,101.83,12.290738796152128,True,True
2025,Tokyo Electron,8035,JPN,country,False,equipment_diversified,Equipment,AI expansion,True,2010,15,15.68,19.1,2.99,1.88,1.57,2.99488,0.0048799999999999,False,11.989795918367346,10.012755102040815,False,2024,13.64,2.89,True,14.956011730205265,2.039999999999999,3.460207612456756,62.876254180602,52.508361204013376,1.555493829609936,18,121.27,12.030276576326337,True,True
2026,Tokyo Electron,8035,JPN,country,False,equipment_diversified,Equipment,AI expansion,True,2010,16,16.62,31.4,5.21,1.99,1.66,5.218680000000001,0.0086800000000009,False,11.973525872442838,9.987966305655837,False,2025,15.68,2.99,True,5.994897959183687,0.9400000000000013,74.24749163879598,38.1957773512476,31.86180422264875,1.4443005744179782,17,130.6,11.349317389830803,True,True
2010,UMC,UMC,TWN,country,False,foundry,Foundry,Smart automobile expansion,False,2010,0,4.35,42.2,1.84,0.35,1.96,1.8357,0.0043000000000001,False,8.045977011494253,45.05747126436782,False,,,,False,,,,19.02173913043478,106.52173913043477,1.8510638297872337,16,26.67,11.348936170212767,False,True
2011,UMC,UMC,TWN,country,False,foundry,Foundry,Smart automobile expansion,False,2010,1,4.32,39.4,1.7,0.35,1.94,1.70208,0.00208,False,8.101851851851851,44.907407407407405,False,2010,4.35,1.84,True,-0.6896551724137834,-0.02999999999999936,-7.608695652173925,20.588235294117645,114.11764705882352,1.7293835068054444,16,30.44,12.185748598879103,True,True
2012,UMC,UMC,TWN,country,False,foundry,Foundry,Smart automobile expansion,False,2010,2,4.35,39.0,1.7,0.35,1.96,1.6964999999999997,0.0035000000000002,False,8.045977011494253,45.05747126436782,False,2011,4.32,1.7,True,0.6944444444444198,0.02999999999999936,0.0,20.588235294117645,115.29411764705881,1.6312296096298793,18,32.669999999999995,12.251096861289232,True,True
2013,UMC,UMC,TWN,country,False,foundry,Foundry,Smart automobile expansion,False,2010,3,4.64,34.8,1.61,0.37,2.09,1.6147199999999995,0.0047199999999996,False,7.974137931034483,45.043103448275865,False,2012,4.35,1.7,True,6.666666666666665,0.29000000000000004,-5.294117647058815,22.981366459627328,129.81366459627327,1.6325381746534375,18,38.12,13.412145521075225,True,True
2014,UMC,UMC,TWN,country,False,foundry,Foundry,Smart automobile expansion,False,2010,4,4.62,40.7,1.88,0.37,2.08,1.88034,0.0003400000000002,False,8.008658008658008,45.02164502164502,False,2013,4.64,1.61,True,-0.4310344827586077,-0.019999999999999574,16.770186335403704,19.680851063829788,110.63829787234043,1.578030535915565,20,41.589999999999996,14.205690473750726,True,True
2015,UMC,UMC,TWN,country,False,foundry,Foundry,Smart automobile expansion,False,2010,5,4.52,35.7,1.61,0.36,2.03,1.61364,0.0036399999999998,False,7.964601769911504,44.91150442477876,False,2014,4.62,1.88,True,-2.16450216450218,-0.10000000000000053,-14.361702127659559,22.360248447204967,126.08695652173911,1.4509501797637392,21,46.3,14.86260914227016,True,True
2016,UMC,UMC,TWN,country,False,foundry,Foundry,Smart automobile expansion,False,2010,6,4.71,38.4,1.81,0.38,2.12,1.80864,0.00136,False,8.067940552016985,45.010615711252655,False,2015,4.52,1.61,True,4.2035398230088505,0.1900000000000004,12.422360248447205,20.994475138121548,117.12707182320443,1.2754894792428304,23,51.36,13.908522219514177,True,True
2017,UMC,UMC,TWN,country,False,foundry,Foundry,Smart automobile expansion,False,2010,7,4.83,40.1,1.94,0.39,2.18,1.9368300000000005,0.0031699999999996,False,8.074534161490684,45.13457556935818,False,2016,4.71,1.81,True,2.547770700636942,0.1200000000000001,7.182320441988943,20.103092783505154,112.37113402061856,1.1223422795399094,25,56.93,13.22876728244452,True,True
2018,UMC,UMC,TWN,country,False,foundry,Foundry,Smart automobile expansion,False,2010,8,5.14,39.3,2.02,0.41,2.31,2.02002,1.999999999968693e-05,False,7.976653696498054,44.94163424124514,False,2017,4.83,1.94,True,6.418219461697716,0.3099999999999996,4.123711340206193,20.297029702970296,114.35643564356435,1.0793784124317514,25,61.879999999999995,12.994540109197816,True,True
2019,UMC,UMC,TWN,country,False,foundry,Foundry,Smart automobile expansion,False,2010,9,5.29,40.5,2.14,0.42,2.38,2.14245,0.00245,False,7.939508506616256,44.99054820415879,False,2018,5.14,2.02,True,2.9182879377432025,0.15000000000000036,5.940594059405946,19.626168224299064,111.21495327102802,1.0685789314210687,25,69.02,13.94202605797394,True,True
2020,UMC,UMC,TWN,country,False,foundry,Foundry,Smart automobile expansion,False,2010,10,6.04,44.1,2.66,0.48,2.72,2.6636400000000005,0.0036400000000003,False,7.947019867549669,45.033112582781456,False,2019,5.29,2.14,True,14.177693761814748,0.75,24.29906542056075,18.045112781954884,102.25563909774435,1.19915027100002,21,75.64,15.017173261331374,True,True
2021,UMC,UMC,TWN,country,False,foundry,Foundry,Smart automobile expansion,False,2010,11,7.69,41.1,3.16,0.62,3.46,3.1605900000000005,0.0005900000000003,False,8.062418725617684,44.99349804941482,False,2020,6.04,2.66,True,27.31788079470199,1.6500000000000004,18.796992481203013,19.62025316455696,109.49367088607593,1.2752267714707395,22,101.05,16.75704359650432,True,True
2022,UMC,UMC,TWN,country,False,foundry,Foundry,Transition Year,False,2010,12,9.4,36.4,3.43,0.75,4.23,3.4216,0.0083999999999999,False,7.978723404255319,45.0,False,2021,7.69,3.16,True,22.23667100130038,1.71,8.544303797468356,21.865889212827987,123.32361516034986,1.3477475410776245,22,119.96000000000001,17.19955266251828,True,True
2023,UMC,UMC,TWN,country,False,foundry,Foundry,AI expansion,False,2010,13,6.87,37.2,2.56,0.55,3.09,2.5556400000000004,0.0043599999999996,False,8.005822416302767,44.97816593886463,False,2022,9.4,3.43,True,-26.914893617021274,-2.5300000000000002,-25.364431486880466,21.484375,120.703125,1.0498968441965308,26,105.72000000000001,16.156491174447925,True,True
2024,UMC,UMC,TWN,country,False,foundry,Foundry,AI expansion,False,2010,14,7.41,35.9,2.66,0.59,3.34,2.66019,0.0001899999999999,False,7.962213225371119,45.07422402159244,False,2023,6.87,2.56,True,7.860262008733621,0.54,3.90625,22.18045112781955,125.56390977443608,0.8943766520621357,25,131.07,15.819965962993807,True,True
2025,UMC,UMC,TWN,country,False,foundry,Foundry,AI expansion,True,2010,15,8.15,39.3,3.21,0.65,3.67,3.20295,0.00705,False,7.975460122699387,45.03067484662576,False,2024,7.41,2.66,True,9.986504723346833,0.7400000000000002,20.676691729323295,20.249221183800625,114.33021806853583,0.8084996627117973,25,156.43,15.518233403436374,True,True
2026,UMC,UMC,TWN,country,False,foundry,Foundry,AI expansion,True,2010,16,8.13,37.0,3.01,0.65,3.66,3.0081,0.0018999999999995,False,7.995079950799508,45.01845018450184,False,2025,8.15,3.21,True,-0.24539877300613355,-0.019999999999999574,-6.230529595015577,21.594684385382063,121.59468438538208,0.7065080427207078,28,164.83,14.323950883352307,True,True
2017,Yangtze Memory (YMTC),YMTC,CHN,country,False,idm_memory,IDM,Smart automobile expansion,False,2017,0,0.1,24.2,0.02,0.01,0.04,0.0242,0.0041999999999999,False,10.0,40.0,False,,,,False,,,,50.0,200.0,0.023236900197513653,34,247.23000000000002,57.448588358313,False,True
2018,Yangtze Memory (YMTC),YMTC,CHN,country,False,idm_memory,IDM,Smart automobile expansion,False,2017,1,0.29,30.9,0.09,0.03,0.1,0.0896099999999999,0.00039,False,10.344827586206897,34.48275862068966,False,2017,0.1,0.02,True,189.99999999999994,0.18999999999999997,350.0,33.33333333333333,111.11111111111111,0.06089878202435951,34,274.37,57.616547669046625,True,True
2019,Yangtze Memory (YMTC),YMTC,CHN,country,False,idm_memory,IDM,Smart automobile expansion,False,2017,2,0.51,36.3,0.19,0.05,0.18,0.18513,0.00487,False,9.803921568627452,35.29411764705882,False,2018,0.29,0.09,True,75.86206896551727,0.22000000000000003,111.11111111111111,26.31578947368421,94.73684210526315,0.10301989698010303,35,273.07,55.16008483991516,True,True
2020,Yangtze Memory (YMTC),YMTC,CHN,country,False,idm_memory,IDM,Smart automobile expansion,False,2017,3,1.23,42.7,0.52,0.12,0.43,0.52521,0.0052099999999999,False,9.75609756097561,34.959349593495936,False,2019,0.51,0.19,True,141.17647058823528,0.72,173.6842105263158,23.076923076923077,82.6923076923077,0.24419782008775237,33,258.64,51.349044054875016,True,True
2021,Yangtze Memory (YMTC),YMTC,CHN,country,False,idm_memory,IDM,Smart automobile expansion,False,2017,4,2.1,41.5,0.87,0.21,0.73,0.8715,0.0015,False,10.0,34.76190476190476,False,2020,1.23,0.52,True,70.73170731707319,0.8700000000000001,67.30769230769229,24.137931034482758,83.9080459770115,0.34824138102581964,34,285.09999999999997,47.27791320498151,True,True
2022,Yangtze Memory (YMTC),YMTC,CHN,country,False,idm_memory,IDM,Transition Year,False,2017,5,4.12,42.4,1.74,0.41,1.44,1.74688,0.0068799999999999,False,9.951456310679612,34.95145631067961,False,2021,2.1,0.87,True,96.19047619047618,2.02,100.0,23.563218390804597,82.75862068965517,0.590714879706363,29,317.07,45.46067157973217,True,True
2023,Yangtze Memory (YMTC),YMTC,CHN,country,False,idm_memory,IDM,AI expansion,False,2017,6,5.17,27.0,1.4,0.52,1.81,1.3959,0.0040999999999997,False,10.058027079303676,35.00967117988395,False,2022,4.12,1.74,True,25.485436893203882,1.0499999999999998,-19.54022988505748,37.142857142857146,129.2857142857143,0.7900970428669671,30,256.74,39.235882937265984,True,True
2024,Yangtze Memory (YMTC),YMTC,CHN,country,False,idm_memory,IDM,AI expansion,False,2017,7,6.62,31.6,2.09,0.66,2.32,2.09192,0.0019200000000001,False,9.969788519637463,35.0453172205438,False,2023,5.17,1.4,True,28.046421663442935,1.4500000000000002,49.28571428571429,31.578947368421055,111.00478468899522,0.7990247552835814,27,301.22,36.35683335143813,True,True
2025,Yangtze Memory (YMTC),YMTC,CHN,country,False,idm_memory,IDM,AI expansion,True,2017,8,7.5,26.2,1.97,0.75,2.62,1.965,0.0049999999999998,False,10.0,34.93333333333333,False,2024,6.62,2.09,True,13.293051359516618,0.8799999999999999,-5.741626794258369,38.07106598984772,132.99492385786803,0.7440180945200587,27,346.83,34.40637276298559,True,True
2026,Yangtze Memory (YMTC),YMTC,CHN,country,False,idm_memory,IDM,AI expansion,True,2017,9,8.64,16.0,1.38,0.86,3.02,1.3824,0.0024000000000001,False,9.953703703703704,34.9537037037037,False,2025,7.5,1.97,True,15.200000000000014,1.1400000000000006,-29.949238578680205,62.31884057971014,218.84057971014497,0.7508277354375049,27,387.14,33.642991839962455,True,True
