year,company_name,ticker,country_iso3,geo_code_type,country_code_review_flag,segment,value_chain_group,analysis_period,source_validation_caution,first_observed_year,years_since_first_observation,revenue_usd_bn,operating_margin_pct,operating_income_usd_bn,rd_spend_usd_bn,capex_usd_bn,calculated_operating_income_usd_bn,operating_income_abs_diff_usd_bn,operating_income_review_flag,rd_intensity_pct,capex_intensity_pct,zero_revenue_flag,previous_year,previous_revenue_usd_bn,previous_operating_income_usd_bn,consecutive_year_flag,revenue_growth_pct,absolute_revenue_change_usd_bn,operating_income_growth_pct,rd_to_operating_income_pct,capex_to_operating_income_pct,revenue_share_within_dataset_pct,revenue_rank_within_year,value_chain_revenue_usd_bn,value_chain_revenue_share_pct,growth_calculation_available,investment_ratio_available,recomputed_margin_pct,margin_difference_pp,extreme_flag
2015,AMD,AMD,USA,country,False,fabless_cpu_gpu,Fabless,Smart automobile expansion,False,2010,5,3.96,23.0,0.91,0.79,0.4,0.9108,0.0008,False,19.94949495,10.1010101,False,2014.0,4.5,0.84,True,-12.0,-0.54,8.333333333,86.81318681,43.95604396,1.271186441,22,56.49,18.13366718,True,True,22.97979797979798,0.020202020202020776,False
2016,AMD,AMD,USA,country,False,fabless_cpu_gpu,Fabless,Smart automobile expansion,False,2010,6,4.91,24.0,1.18,0.98,0.49,1.1784,0.0016,False,19.9592668,9.979633401,False,2015.0,3.96,0.91,True,23.98989899,0.95,29.67032967,83.05084746,41.52542373,1.329650391,22,61.02,16.52449427,True,True,24.032586558044805,-0.03258655804480526,False
2017,AMD,AMD,USA,country,False,fabless_cpu_gpu,Fabless,Smart automobile expansion,False,2010,7,5.64,17.9,1.01,1.13,0.56,1.00956,0.00044,False,20.03546099,9.929078014,False,2016.0,4.91,1.18,True,14.86761711,0.73,-14.40677966,111.8811881,55.44554455,1.310561171,22,71.42,16.59579412,True,True,17.907801418439718,-0.007801418439719043,False
2018,AMD,AMD,USA,country,False,fabless_cpu_gpu,Fabless,Smart automobile expansion,False,2010,8,6.46,20.7,1.34,1.29,0.65,1.33722,0.00278,False,19.96904025,10.0619195,False,2017.0,5.64,1.01,True,14.53900709,0.82,32.67326733,96.26865672,48.50746269,1.356572869,21,77.11,16.19277614,True,True,20.743034055727556,-0.043034055727556364,False
2019,AMD,AMD,USA,country,False,fabless_cpu_gpu,Fabless,Smart automobile expansion,False,2010,9,8.19,16.7,1.37,1.64,0.82,1.36773,0.00227,False,20.02442002,10.01221001,False,2018.0,6.46,1.34,True,26.78018576,1.73,2.23880597,119.7080292,59.8540146,1.654378346,20,88.03,17.78204222,True,True,16.72771672771673,-0.027716727716729395,False
2020,AMD,AMD,USA,country,False,fabless_cpu_gpu,Fabless,Smart automobile expansion,False,2010,10,9.83,20.7,2.03,1.97,0.98,2.03481,0.00481,False,20.04069176,9.96948118,False,2019.0,8.19,1.37,True,20.02442002,1.64,48.17518248,97.04433498,48.27586207,1.951597213,17,99.9,19.83362783,True,True,20.65106815869786,0.04893184130213868,False
2021,AMD,AMD,USA,country,False,fabless_cpu_gpu,Fabless,Smart automobile expansion,False,2010,11,18.01,25.6,4.62,3.6,1.8,4.61056,0.00944,False,19.98889506,9.994447529,False,2020.0,9.83,2.03,True,83.21464903,8.18,127.5862069,77.92207792,38.96103896,2.986584415,11,127.36,21.12001061,True,True,25.652415324819543,-0.05241532481954181,False
2022,AMD,AMD,USA,country,False,fabless_cpu_gpu,Fabless,Transition Year,False,2010,12,23.0,19.1,4.4,4.6,2.3,4.393,0.007,False,20.0,10.0,False,2021.0,18.01,4.62,True,27.70682954,4.99,-4.761904762,104.5454545,52.27272727,3.297680154,11,154.83,22.19912253,True,True,19.130434782608695,-0.030434782608693922,False
2023,AMD,AMD,USA,country,False,fabless_cpu_gpu,Fabless,AI expansion,False,2010,13,21.72,18.2,3.96,4.34,2.17,3.95304,0.00696,False,19.98158379,9.990791897,False,2022.0,23.0,4.4,True,-5.565217391,-1.28,-10.0,109.5959596,54.7979798,3.319324521,10,177.4,27.11087339,True,True,18.23204419889503,-0.0320441988950293,False
2024,AMD,AMD,USA,country,False,fabless_cpu_gpu,Fabless,AI expansion,False,2010,14,26.05,23.6,6.15,5.21,2.6,6.1478,0.0022,False,20.0,9.980806142,False,2023.0,21.72,3.96,True,19.93554328,4.33,55.3030303,84.71544715,42.27642276,3.144198622,10,284.01,34.27961038,True,True,23.608445297504797,-0.008445297504795946,False
2015,ASML,ASML,NLD,country,False,equipment_litho,Equipment,Smart automobile expansion,False,2010,5,7.11,36.2,2.57,1.14,0.43,2.57382,0.00382,False,16.03375527,6.047819972,False,2014.0,6.71,2.1,True,5.961251863,0.4,22.38095238,44.35797665,16.73151751,2.282357473,9,31.93,10.24974319,True,True,36.14627285513361,0.05372714486639296,False
2016,ASML,ASML,NLD,country,False,equipment_litho,Equipment,Smart automobile expansion,False,2010,6,8.21,34.6,2.84,1.31,0.49,2.84066,0.00066,False,15.95615104,5.968331303,False,2015.0,7.11,2.57,True,15.47116737,1.1,10.50583658,46.12676056,17.25352113,2.22330544,11,40.64,11.00549733,True,True,34.5919610231425,0.00803897685749888,False
2017,ASML,ASML,NLD,country,False,equipment_litho,Equipment,Smart automobile expansion,False,2010,7,10.65,38.2,4.06,1.7,0.64,4.0683,0.0083,False,15.96244131,6.009389671,False,2016.0,8.21,2.84,True,29.71985384,2.44,42.95774648,41.87192118,15.7635468,2.474729871,10,50.03,11.62542117,True,True,38.12206572769953,0.07793427230047456,False
2018,ASML,ASML,NLD,country,False,equipment_litho,Equipment,Smart automobile expansion,False,2010,8,12.38,35.1,4.35,1.98,0.74,4.34538,0.00462,False,15.99353796,5.977382876,False,2017.0,10.65,4.06,True,16.24413146,1.73,7.142857143,45.51724138,17.01149425,2.599748005,10,57.62,12.099958,True,True,35.1373182552504,-0.03731825525039767,False
2019,ASML,ASML,NLD,country,False,equipment_litho,Equipment,Smart automobile expansion,False,2010,9,13.65,31.7,4.33,2.18,0.82,4.32705,0.00295,False,15.97069597,6.007326007,False,2018.0,12.38,4.35,True,10.25848142,1.27,-0.459770115,50.34642032,18.93764434,2.757297243,10,59.07,11.93212807,True,True,31.72161172161172,-0.02161172161171976,False
2020,ASML,ASML,NLD,country,False,equipment_litho,Equipment,Smart automobile expansion,False,2010,10,16.17,36.1,5.84,2.59,0.97,5.83737,0.00263,False,16.01731602,5.998763142,False,2019.0,13.65,4.33,True,18.46153846,2.52,34.87297921,44.34931507,16.60958904,3.210307927,10,63.11,12.52953205,True,True,36.11626468769325,-0.01626468769325129,False
2021,ASML,ASML,NLD,country,False,equipment_litho,Equipment,Smart automobile expansion,False,2010,11,20.79,38.3,7.96,3.33,1.25,7.96257,0.00257,False,16.01731602,6.012506013,False,2020.0,16.17,5.84,True,28.57142857,4.62,36.30136986,41.83417085,15.70351759,3.447589672,10,81.85,13.5731224,True,True,38.28763828763829,0.012361712361709465,False
2022,ASML,ASML,NLD,country,False,equipment_litho,Equipment,Transition Year,False,2010,12,23.9,31.3,7.47,3.82,1.43,7.4807,0.0107,False,15.9832636,5.983263598,False,2021.0,20.79,7.96,True,14.95911496,3.11,-6.155778894,51.13788487,19.14323963,3.426719812,10,97.26,13.94488573,True,True,31.255230125523013,0.044769874476987326,False
2023,ASML,ASML,NLD,country,False,equipment_litho,Equipment,AI expansion,False,2010,13,30.31,35.7,10.81,4.85,1.82,10.82067,0.01067,False,16.0013197,6.004618938,False,2022.0,23.9,7.47,True,26.82008368,6.41,44.71218206,44.86586494,16.83626272,4.632077634,7,104.75,16.00825246,True,True,35.66479709666777,0.03520290333223386,False
2024,ASML,ASML,NLD,country,False,equipment_litho,Equipment,AI expansion,False,2010,14,31.81,33.3,10.58,5.09,1.91,10.59273,0.01273,False,16.00125747,6.004401132,False,2023.0,30.31,10.81,True,4.948861762,1.5,-2.127659574,48.10964083,18.05293006,3.839422578,8,101.83,12.2907388,True,True,33.259981138006914,0.04001886199308302,False
2015,Analog Devices,ADI,USA,country,False,idm_analog,IDM,Smart automobile expansion,False,2010,5,3.39,44.1,1.49,0.41,0.41,1.49499,0.00499,False,12.09439528,12.09439528,False,2014.0,3.33,1.7,True,1.801801802,0.06,-12.35294118,27.51677852,27.51677852,1.088212635,25,172.79,55.46674371,True,True,43.95280235988201,0.1471976401179944,False
2016,Analog Devices,ADI,USA,country,False,idm_analog,IDM,Smart automobile expansion,False,2010,6,4.24,41.9,1.78,0.51,0.51,1.77656,0.00344,False,12.02830189,12.02830189,False,2015.0,3.39,1.49,True,25.07374631,0.85,19.46308725,28.65168539,28.65168539,1.148211336,25,211.93,57.39161047,True,True,41.98113207547169,-0.0811320754716931,False
2017,Analog Devices,ADI,USA,country,False,idm_analog,IDM,Smart automobile expansion,False,2010,7,5.07,42.3,2.15,0.61,0.61,2.14461,0.00539,False,12.03155819,12.03155819,False,2016.0,4.24,1.78,True,19.5754717,0.83,20.78651685,28.37209302,28.37209302,1.17811084,24,247.23,57.44858836,True,True,42.40631163708086,-0.10631163708086433,False
2018,Analog Devices,ADI,USA,country,False,idm_analog,IDM,Smart automobile expansion,False,2010,8,6.19,46.0,2.85,0.74,0.74,2.8474,0.0026,False,11.95476575,11.95476575,False,2017.0,5.07,2.15,True,22.09072978,1.12,32.55813953,25.96491228,25.96491228,1.299874003,22,274.37,57.61654767,True,True,46.04200323101777,-0.042003231017773146,False
2019,Analog Devices,ADI,USA,country,False,idm_analog,IDM,Smart automobile expansion,False,2010,9,5.91,42.7,2.52,0.71,0.71,2.52357,0.00357,False,12.01353638,12.01353638,False,2018.0,6.19,2.85,True,-4.523424879,-0.28,-11.57894737,28.17460317,28.17460317,1.193818806,22,273.07,55.16008484,True,True,42.63959390862944,0.06040609137055952,False
2020,Analog Devices,ADI,USA,country,False,idm_analog,IDM,Smart automobile expansion,False,2010,10,5.75,47.2,2.72,0.69,0.69,2.714,0.006,False,12.0,12.0,False,2019.0,5.91,2.52,True,-2.707275804,-0.16,7.936507937,25.36764706,25.36764706,1.141575175,22,258.64,51.34904405,True,True,47.30434782608696,-0.1043478260869577,False
2021,Analog Devices,ADI,USA,country,False,idm_analog,IDM,Smart automobile expansion,False,2010,11,8.76,43.0,3.77,1.05,1.05,3.7668,0.0032,False,11.98630137,11.98630137,False,2020.0,5.75,2.72,True,52.34782609,3.01,38.60294118,27.85145889,27.85145889,1.452664047,20,285.1,47.2779132,True,True,43.0365296803653,-0.036529680365298134,False
2022,Analog Devices,ADI,USA,country,False,idm_analog,IDM,Transition Year,False,2010,12,12.2,45.6,5.56,1.46,1.46,5.5632,0.0032,False,11.96721311,11.96721311,False,2021.0,8.76,3.77,True,39.26940639,3.44,47.4801061,26.25899281,26.25899281,1.749204255,20,317.07,45.46067158,True,True,45.57377049180328,0.026229508196720985,False
2023,Analog Devices,ADI,USA,country,False,idm_analog,IDM,AI expansion,False,2010,13,11.78,44.8,5.28,1.41,1.41,5.27744,0.00256,False,11.96943973,11.96943973,False,2022.0,12.2,5.56,True,-3.442622951,-0.42,-5.035971223,26.70454545,26.70454545,1.8002598,20,256.74,39.23588294,True,True,44.82173174872666,-0.0217317487266655,False
2024,Analog Devices,ADI,USA,country,False,idm_analog,IDM,AI expansion,False,2010,14,9.47,42.3,4.01,1.14,1.14,4.00581,0.00419,False,12.03801478,12.03801478,False,2023.0,11.78,5.28,True,-19.60950764,-2.31,-24.0530303,28.42892768,28.42892768,1.143015775,21,301.22,36.35683335,True,True,42.344244984160504,-0.04424498416050682,False
2015,Applied Materials,AMAT,USA,country,False,equipment_diversified,Equipment,Smart automobile expansion,False,2010,5,9.41,29.6,2.79,1.13,0.94,2.78536,0.00464,False,12.00850159,9.989373007,False,2014.0,8.91,2.68,True,5.611672278,0.5,4.104477612,40.50179211,33.69175627,3.02067283,8,31.93,10.24974319,True,True,29.64930924548353,-0.049309245483527775,False
2016,Applied Materials,AMAT,USA,country,False,equipment_diversified,Equipment,Smart automobile expansion,False,2010,6,12.27,22.0,2.7,1.47,1.23,2.6994,0.0006,False,11.9804401,10.02444988,False,2015.0,9.41,2.79,True,30.39319872,2.86,-3.225806452,54.44444444,45.55555556,3.322771955,8,40.64,11.00549733,True,True,22.004889975550125,-0.004889975550124603,False
2017,Applied Materials,AMAT,USA,country,False,equipment_diversified,Equipment,Smart automobile expansion,False,2010,7,14.44,34.7,5.01,1.73,1.44,5.01068,0.00068,False,11.98060942,9.972299169,False,2016.0,12.27,2.7,True,17.68541157,2.17,85.55555556,34.53093812,28.74251497,3.355408389,9,50.03,11.62542117,True,True,34.69529085872576,0.00470914127424038,False
2018,Applied Materials,AMAT,USA,country,False,equipment_diversified,Equipment,Smart automobile expansion,False,2010,8,16.14,28.9,4.66,1.94,1.61,4.66446,0.00446,False,12.01982652,9.975216853,False,2017.0,14.44,5.01,True,11.77285319,1.7,-6.986027944,41.63090129,34.54935622,3.389332213,9,57.62,12.099958,True,True,28.872366790582404,0.027633209417594173,False
2019,Applied Materials,AMAT,USA,country,False,equipment_diversified,Equipment,Smart automobile expansion,False,2010,9,16.57,27.3,4.53,1.99,1.66,4.52361,0.00639,False,12.009656,10.01810501,False,2018.0,16.14,4.66,True,2.664188352,0.43,-2.789699571,43.92935982,36.64459161,3.347136653,8,59.07,11.93212807,True,True,27.338563669281836,-0.03856366928183519,False
2020,Applied Materials,AMAT,USA,country,False,equipment_diversified,Equipment,Smart automobile expansion,False,2010,10,17.03,34.3,5.84,2.04,1.7,5.84129,0.00129,False,11.97886083,9.982384028,False,2019.0,16.57,4.53,True,2.776101388,0.46,28.9183223,34.93150685,29.10958904,3.381047867,9,63.11,12.52953205,True,True,34.29242513211979,0.007574867880208558,False
2021,Applied Materials,AMAT,USA,country,False,equipment_diversified,Equipment,Smart automobile expansion,False,2010,11,22.72,29.0,6.59,2.73,2.27,6.5888,0.0012,False,12.01584507,9.991197183,False,2020.0,17.03,5.84,True,33.41162654,5.69,12.84246575,41.42640364,34.4461305,3.767640084,8,81.85,13.5731224,True,True,29.005281690140844,-0.00528169014084412,False
2022,Applied Materials,AMAT,USA,country,False,equipment_diversified,Equipment,Transition Year,False,2010,12,27.32,30.1,8.22,3.28,2.73,8.22332,0.00332,False,12.00585652,9.992679356,False,2021.0,22.72,6.59,True,20.24647887,4.6,24.73444613,39.9026764,33.21167883,3.917070513,8,97.26,13.94488573,True,True,30.08784773060029,0.012152269399710036,False
2023,Applied Materials,AMAT,USA,country,False,equipment_diversified,Equipment,AI expansion,False,2010,13,27.93,29.7,8.3,3.35,2.79,8.29521,0.00479,False,11.99427139,9.989258861,False,2022.0,27.32,8.22,True,2.232796486,0.61,0.97323601,40.36144578,33.61445783,4.268357912,8,104.75,16.00825246,True,True,29.7171500179019,-0.017150017901901293,False
2024,Applied Materials,AMAT,USA,country,False,equipment_diversified,Equipment,AI expansion,False,2010,14,27.31,31.1,8.49,3.28,2.73,8.49341,0.00341,False,12.01025265,9.996338338,False,2023.0,27.93,8.3,True,-2.219835303,-0.62,2.289156627,38.63368669,32.15547703,3.296278862,9,101.83,12.2907388,True,True,31.087513731233983,0.012486268766018327,False
2015,Broadcom,AVGO,USA,country,False,fabless_diversified,Fabless,Smart automobile expansion,False,2010,5,6.99,31.4,2.19,0.84,0.7,2.19486,0.00486,False,12.01716738,10.01430615,False,2014.0,6.13,1.52,True,14.02936378,0.86,44.07894737,38.35616438,31.96347032,2.243836672,12,56.49,18.13366718,True,True,31.330472103004293,0.06952789699570516,False
2016,Broadcom,AVGO,USA,country,False,fabless_diversified,Fabless,Smart automobile expansion,False,2010,6,11.09,28.6,3.17,1.33,1.11,3.17174,0.00174,False,11.99278629,10.00901713,False,2015.0,6.99,2.19,True,58.65522175,4.1,44.74885845,41.95583596,35.01577287,3.003222574,9,61.02,16.52449427,True,True,28.584310189359783,0.015689810640218127,False
2017,Broadcom,AVGO,USA,country,False,fabless_diversified,Fabless,Smart automobile expansion,False,2010,7,16.26,30.2,4.9,1.95,1.63,4.91052,0.01052,False,11.99261993,10.02460025,False,2016.0,11.09,3.17,True,46.61857529,5.17,54.57413249,39.79591837,33.26530612,3.778319972,7,71.42,16.59579412,True,True,30.135301353013528,0.06469864698647143,False
2018,Broadcom,AVGO,USA,country,False,fabless_diversified,Fabless,Smart automobile expansion,False,2010,8,20.62,29.7,6.12,2.47,2.06,6.12414,0.00414,False,11.97866149,9.990300679,False,2017.0,16.26,4.9,True,26.81426814,4.36,24.89795918,40.35947712,33.66013072,4.330113398,7,77.11,16.19277614,True,True,29.67992240543162,0.020077594568380874,False
2019,Broadcom,AVGO,USA,country,False,fabless_diversified,Fabless,Smart automobile expansion,False,2010,9,22.18,30.5,6.76,2.66,2.22,6.7649,0.0049,False,11.99278629,10.00901713,False,2018.0,20.62,6.12,True,7.565470417,1.56,10.45751634,39.34911243,32.84023669,4.48035552,7,88.03,17.78204222,True,True,30.47790802524797,0.02209197475202984,False
2020,Broadcom,AVGO,USA,country,False,fabless_diversified,Fabless,Smart automobile expansion,False,2010,10,24.98,22.3,5.57,3.0,2.5,5.57054,0.00054,False,12.00960769,10.00800641,False,2019.0,22.18,6.76,True,12.62398557,2.8,-17.6035503,53.85996409,44.88330341,4.959399631,5,99.9,19.83362783,True,True,22.297838270616495,0.002161729383505673,False
2021,Broadcom,AVGO,USA,country,False,fabless_diversified,Fabless,Smart automobile expansion,False,2010,11,28.35,30.5,8.65,3.4,2.83,8.64675,0.00325,False,11.99294533,9.982363316,False,2020.0,24.98,5.57,True,13.49079263,3.37,55.2962298,39.30635838,32.71676301,4.701258644,6,127.36,21.12001061,True,True,30.511463844797177,-0.011463844797177103,False
2022,Broadcom,AVGO,USA,country,False,fabless_diversified,Fabless,Transition Year,False,2010,12,33.5,28.9,9.68,4.02,3.35,9.6815,0.0015,False,12.0,10.0,False,2021.0,28.35,8.65,True,18.16578483,5.15,11.90751445,41.52892562,34.60743802,4.803142833,6,154.83,22.19912253,True,True,28.895522388059703,0.0044776119402953896,False
2023,Broadcom,AVGO,USA,country,False,fabless_diversified,Fabless,AI expansion,False,2010,13,33.96,31.0,10.52,4.08,3.4,10.5276,0.0076,False,12.01413428,10.01177856,False,2022.0,33.5,9.68,True,1.373134328,0.46,8.67768595,38.78326996,32.31939163,5.18988309,6,177.4,27.11087339,True,True,30.977620730270907,0.02237926972909321,False
2024,Broadcom,AVGO,USA,country,False,fabless_diversified,Fabless,AI expansion,False,2010,14,54.34,25.4,13.8,6.52,5.43,13.80236,0.00236,False,11.99852779,9.99263894,False,2023.0,33.96,10.52,True,60.01177856,20.38,31.17870722,47.24637681,39.34782609,6.558762115,5,284.01,34.27961038,True,True,25.395656974604343,0.004343025395655786,False
2015,Cadence,CDNS,USA,country,False,eda_software,EDA Software,Smart automobile expansion,False,2010,5,1.76,40.6,0.72,0.62,0.02,0.71456,0.00544,False,35.22727273,1.136363636,False,2014.0,1.55,0.67,True,13.5483871,0.21,7.462686567,86.11111111,2.777777778,0.564971751,32,4.01,1.287236775,True,True,40.90909090909091,-0.3090909090909051,False
2016,Cadence,CDNS,USA,country,False,eda_software,EDA Software,Smart automobile expansion,False,2010,6,1.81,41.5,0.75,0.63,0.02,0.75115,0.00115,False,34.80662983,1.104972376,False,2015.0,1.76,0.72,True,2.840909091,0.05,4.166666667,84.0,2.666666667,0.490156254,32,4.32,1.169875701,True,True,41.43646408839779,0.06353591160220873,False
2017,Cadence,CDNS,USA,country,False,eda_software,EDA Software,Smart automobile expansion,False,2010,7,1.94,40.0,0.77,0.68,0.02,0.776,0.006,False,35.05154639,1.030927835,False,2016.0,1.81,0.75,True,7.182320442,0.13,2.666666667,88.31168831,2.597402597,0.450795864,32,4.74,1.101429069,True,True,39.69072164948454,0.3092783505154628,False
2018,Cadence,CDNS,USA,country,False,eda_software,EDA Software,Smart automobile expansion,False,2010,8,2.16,38.3,0.83,0.76,0.02,0.82728,0.00272,False,35.18518519,0.925925926,False,2017.0,1.94,0.77,True,11.34020619,0.22,7.792207792,91.56626506,2.409638554,0.453590928,31,5.22,1.096178076,True,True,38.42592592592592,-0.12592592592591956,False
2019,Cadence,CDNS,USA,country,False,eda_software,EDA Software,Smart automobile expansion,False,2010,9,2.46,42.0,1.03,0.86,0.02,1.0332,0.0032,False,34.95934959,0.81300813,False,2018.0,2.16,0.83,True,13.88888889,0.3,24.09638554,83.49514563,1.941747573,0.496919503,32,5.86,1.183718816,True,True,41.86991869918699,0.13008130081301061,False
2020,Cadence,CDNS,USA,country,False,eda_software,EDA Software,Smart automobile expansion,False,2010,10,2.62,42.9,1.13,0.92,0.03,1.12398,0.00602,False,35.11450382,1.145038168,False,2019.0,2.46,1.03,True,6.504065041,0.16,9.708737864,81.4159292,2.654867257,0.52016121,31,6.4,1.270622804,True,True,43.1297709923664,-0.22977099236640441,False
2021,Cadence,CDNS,USA,country,False,eda_software,EDA Software,Smart automobile expansion,False,2010,11,3.22,40.3,1.3,1.13,0.03,1.29766,0.00234,False,35.0931677,0.931677019,False,2020.0,2.62,1.13,True,22.90076336,0.6,15.04424779,86.92307692,2.307692308,0.533970118,31,7.67,1.271910187,True,True,40.37267080745342,-0.07267080745342014,False
2022,Cadence,CDNS,USA,country,False,eda_software,EDA Software,Transition Year,False,2010,12,3.52,37.4,1.32,1.23,0.04,1.31648,0.00352,False,34.94318182,1.136363636,False,2021.0,3.22,1.3,True,9.316770186,0.3,1.538461538,93.18181818,3.03030303,0.504688441,31,8.34,1.195767499,True,True,37.5,-0.10000000000000142,False
2023,Cadence,CDNS,USA,country,False,eda_software,EDA Software,AI expansion,False,2010,13,4.03,41.6,1.68,1.41,0.04,1.67648,0.00352,False,34.98759305,0.992555831,False,2022.0,3.52,1.32,True,14.48863636,0.51,27.27272727,83.92857143,2.380952381,0.615878353,33,9.74,1.488500038,True,True,41.68734491315136,-0.08734491315135529,False
2024,Cadence,CDNS,USA,country,False,eda_software,EDA Software,AI expansion,False,2010,14,4.47,41.3,1.85,1.56,0.04,1.84611,0.00389,False,34.89932886,0.894854586,False,2023.0,4.03,1.68,True,10.91811414,0.44,10.11904762,84.32432432,2.162162162,0.539522758,32,10.38,1.252851505,True,True,41.38702460850112,-0.08702460850112459,False
2021,Cerebras Systems,CRBR,USA,country,False,fabless_ai,Fabless,Smart automobile expansion,False,2019,2,0.1,7.4,0.01,0.05,0.0,0.0074,0.0026,False,50.0,0.0,False,2020.0,0.0,0.0,True,,0.1,,500.0,0.0,0.016582923,36,127.36,21.12001061,False,True,10.0,-2.5999999999999996,False
2022,Cerebras Systems,CRBR,USA,country,False,fabless_ai,Fabless,Transition Year,False,2019,3,0.22,15.4,0.03,0.11,0.0,0.03388,0.00388,False,50.0,0.0,False,2021.0,0.1,0.01,True,120.0,0.12,200.0,366.6666667,0.0,0.031543028,35,154.83,22.19912253,True,True,13.636363636363635,1.7636363636363654,False
2023,Cerebras Systems,CRBR,USA,country,False,fabless_ai,Fabless,AI expansion,False,2019,4,0.3,8.9,0.03,0.15,0.0,0.0267,0.0033,False,50.0,0.0,False,2022.0,0.22,0.03,True,36.36363636,0.08,0.0,500.0,0.0,0.045847024,35,177.4,27.11087339,True,True,10.0,-1.0999999999999996,False
2024,Cerebras Systems,CRBR,USA,country,False,fabless_ai,Fabless,AI expansion,False,2019,5,0.77,4.3,0.03,0.39,0.01,0.03311,0.00311,False,50.64935065,1.298701299,False,2023.0,0.3,0.03,True,156.6666667,0.47,0.0,1300.0,33.33333333,0.092937925,36,284.01,34.27961038,True,True,3.896103896103896,0.40389610389610375,False
2018,ChangXin Memory (CXMT),CXMT,CHN,country,False,idm_memory,IDM,Smart automobile expansion,False,2018,0,0.31,33.4,0.1,0.03,0.11,0.10354,0.00354,False,9.677419355,35.48387097,False,,,,False,,,,30.0,110.0,0.065098698,33,274.37,57.61654767,False,True,32.25806451612904,1.1419354838709594,False
2019,ChangXin Memory (CXMT),CXMT,CHN,country,False,idm_memory,IDM,Smart automobile expansion,False,2018,1,0.94,34.9,0.33,0.09,0.33,0.32806,0.00194,False,9.574468085,35.10638298,False,2018.0,0.31,0.1,True,203.2258065,0.63,230.0,27.27272727,100.0,0.18987981,33,273.07,55.16008484,True,True,35.10638297872341,-0.20638297872341127,False
2020,ChangXin Memory (CXMT),CXMT,CHN,country,False,idm_memory,IDM,Smart automobile expansion,False,2018,2,1.45,38.3,0.55,0.14,0.51,0.55535,0.00535,False,9.655172414,35.17241379,False,2019.0,0.94,0.33,True,54.25531915,0.51,66.66666667,25.45454545,92.72727273,0.287875479,32,258.64,51.34904405,True,True,37.931034482758626,0.36896551724137083,False
2021,ChangXin Memory (CXMT),CXMT,CHN,country,False,idm_memory,IDM,Smart automobile expansion,False,2018,3,2.26,40.2,0.91,0.23,0.79,0.90852,0.00148,False,10.17699115,34.95575221,False,2020.0,1.45,0.55,True,55.86206897,0.81,65.45454545,25.27472527,86.81318681,0.374774058,33,285.1,47.2779132,True,True,40.26548672566372,-0.0654867256637175,False
2022,ChangXin Memory (CXMT),CXMT,CHN,country,False,idm_memory,IDM,Transition Year,False,2018,4,3.1,37.6,1.17,0.31,1.09,1.1656,0.0044,False,10.0,35.16129032,False,2021.0,2.26,0.91,True,37.16814159,0.84,28.57142857,26.4957265,93.16239316,0.444469934,32,317.07,45.46067158,True,True,37.74193548387096,-0.14193548387095944,False
2023,ChangXin Memory (CXMT),CXMT,CHN,country,False,idm_memory,IDM,AI expansion,False,2018,5,4.04,22.2,0.9,0.4,1.41,0.89688,0.00312,False,9.900990099,34.9009901,False,2022.0,3.1,1.17,True,30.32258065,0.94,-23.07692308,44.44444444,156.6666667,0.617406587,32,256.74,39.23588294,True,True,22.277227722772277,-0.07722772277227818,False
2024,ChangXin Memory (CXMT),CXMT,CHN,country,False,idm_memory,IDM,AI expansion,False,2018,6,5.07,30.0,1.52,0.51,1.77,1.521,0.001,False,10.0591716,34.9112426,False,2023.0,4.04,0.9,True,25.4950495,1.03,68.88888889,33.55263158,116.4473684,0.61194192,31,301.22,36.35683335,True,True,29.980276134122285,0.01972386587771524,False
2015,GlobalFoundries,GFS,USA,country,False,foundry,Foundry,Smart automobile expansion,False,2010,5,5.09,39.1,1.99,0.41,2.29,1.99019,0.00019,False,8.055009823,44.99017682,False,2014.0,4.64,1.88,True,9.698275862,0.45,5.85106383,20.60301508,115.0753769,1.633923986,20,46.3,14.86260914,True,True,39.09626719056975,0.0037328094302537806,False
2016,GlobalFoundries,GFS,USA,country,False,foundry,Foundry,Smart automobile expansion,False,2010,6,5.47,38.0,2.08,0.44,2.46,2.0786,0.0014,False,8.043875686,44.9725777,False,2015.0,5.09,1.99,True,7.465618861,0.38,4.522613065,21.15384615,118.2692308,1.481300945,20,51.36,13.90852222,True,True,38.0255941499086,-0.025594149908599206,False
2017,GlobalFoundries,GFS,USA,country,False,foundry,Foundry,Smart automobile expansion,False,2010,7,5.74,38.9,2.23,0.46,2.58,2.23286,0.00286,False,8.013937282,44.94773519,False,2016.0,5.47,2.08,True,4.936014625,0.27,7.211538462,20.62780269,115.6950673,1.333798071,21,56.93,13.22876728,True,True,38.850174216027874,0.04982578397212478,False
2018,GlobalFoundries,GFS,USA,country,False,foundry,Foundry,Smart automobile expansion,False,2010,8,5.98,41.5,2.48,0.48,2.69,2.4817,0.0017,False,8.026755853,44.98327759,False,2017.0,5.74,2.23,True,4.181184669,0.24,11.21076233,19.35483871,108.4677419,1.255774885,23,61.88,12.99454011,True,True,41.47157190635451,0.028428093645487706,False
2019,GlobalFoundries,GFS,USA,country,False,foundry,Foundry,Smart automobile expansion,False,2010,9,5.47,40.0,2.19,0.44,2.46,2.188,0.002,False,8.043875686,44.9725777,False,2018.0,5.98,2.48,True,-8.528428094,-0.51,-11.69354839,20.0913242,112.3287671,1.104938895,24,69.02,13.94202606,True,True,40.03656307129799,-0.036563071297990746,False
2020,GlobalFoundries,GFS,USA,country,False,foundry,Foundry,Smart automobile expansion,False,2010,10,4.97,41.3,2.06,0.4,2.24,2.05261,0.00739,False,8.048289738,45.07042254,False,2019.0,5.47,2.19,True,-9.140767824,-0.5,-5.936073059,19.41747573,108.7378641,0.986718021,26,75.64,15.01717326,True,True,41.44869215291751,-0.14869215291751203,False
2021,GlobalFoundries,GFS,USA,country,False,foundry,Foundry,Smart automobile expansion,False,2010,11,6.63,39.7,2.63,0.53,2.98,2.63211,0.00211,False,7.993966817,44.94720965,False,2020.0,4.97,2.06,True,33.40040241,1.66,27.66990291,20.15209125,113.3079848,1.099447789,27,101.05,16.7570436,True,True,39.66817496229261,0.03182503770739231,False
2022,GlobalFoundries,GFS,USA,country,False,foundry,Foundry,Transition Year,False,2010,12,8.0,39.8,3.18,0.64,3.6,3.184,0.004,False,8.0,45.0,False,2021.0,6.63,2.63,True,20.66365008,1.37,20.91254753,20.12578616,113.2075472,1.147019184,25,119.96,17.19955266,True,True,39.75,0.04999999999999716,False
2023,GlobalFoundries,GFS,USA,country,False,foundry,Foundry,AI expansion,False,2010,13,7.03,35.7,2.51,0.56,3.17,2.50971,0.00029,False,7.965860597,45.09246088,False,2022.0,8.0,3.18,True,-12.125,-0.97,-21.06918239,22.31075697,126.2948207,1.07434859,25,105.72,16.15649117,True,True,35.70412517780938,-0.0041251778093780445,False
2024,GlobalFoundries,GFS,USA,country,False,foundry,Foundry,AI expansion,False,2010,14,6.54,37.0,2.42,0.52,2.94,2.4198,0.0002,False,7.951070336,44.95412844,False,2023.0,7.03,2.51,True,-6.970128023,-0.49,-3.585657371,21.48760331,121.4876033,0.789368867,28,131.07,15.81996596,True,True,37.00305810397553,-0.0030581039755332995,False
2021,Graphcore,GPHC,GBR,country,False,fabless_ai,Fabless,Smart automobile expansion,False,2019,2,0.07,12.6,0.01,0.03,0.0,0.00882,0.00118,False,42.85714286,0.0,False,2020.0,0.0,0.0,True,,0.07,,300.0,0.0,0.011608046,37,127.36,21.12001061,False,True,14.285714285714285,-1.685714285714285,False
2022,Graphcore,GPHC,GBR,country,False,fabless_ai,Fabless,Transition Year,False,2019,3,0.05,11.9,0.01,0.02,0.0,0.00595,0.00405,False,40.0,0.0,False,2021.0,0.07,0.01,True,-28.57142857,-0.02,0.0,200.0,0.0,0.00716887,36,154.83,22.19912253,True,True,20.0,-8.1,False
2023,Graphcore,GPHC,GBR,country,False,fabless_ai,Fabless,AI expansion,False,2019,4,0.05,5.9,0.0,0.02,0.0,0.00295,0.00295,False,40.0,0.0,False,2022.0,0.05,0.01,True,0.0,0.0,-100.0,,,0.007641171,37,177.4,27.11087339,True,False,0.0,5.9,False
2024,Graphcore,GPHC,GBR,country,False,fabless_ai,Fabless,AI expansion,False,2019,5,0.05,11.1,0.01,0.02,0.0,0.00555,0.00445,False,40.0,0.0,False,2023.0,0.05,0.0,True,0.0,0.0,,200.0,0.0,0.00603493,40,284.01,34.27961038,True,True,20.0,-8.9,False
2022,Groq,GROQ,USA,country,False,fabless_ai,Fabless,Transition Year,False,2020,2,0.02,7.2,0.0,0.01,0.0,0.00144,0.00144,False,50.0,0.0,False,2021.0,0.0,0.0,True,,0.02,,,,0.002867548,37,154.83,22.19912253,False,False,0.0,7.2,False
2023,Groq,GROQ,USA,country,False,fabless_ai,Fabless,AI expansion,False,2020,3,0.04,6.8,0.0,0.02,0.0,0.00272,0.00272,False,50.0,0.0,False,2022.0,0.02,0.0,True,100.0,0.02,,,,0.006112937,38,177.4,27.11087339,True,False,0.0,6.8,False
2024,Groq,GROQ,USA,country,False,fabless_ai,Fabless,AI expansion,False,2020,4,0.48,8.5,0.04,0.24,0.0,0.0408,0.0008,False,50.0,0.0,False,2023.0,0.04,0.0,True,1100.0,0.44,,600.0,0.0,0.05793533,37,284.01,34.27961038,True,True,8.333333333333334,0.16666666666666607,False
2015,HiSilicon (Huawei),HUAWEI,CHN,country,False,fabless_diversified,Fabless,Smart automobile expansion,False,2010,5,3.92,29.8,1.17,0.47,0.39,1.16816,0.00184,False,11.98979592,9.948979592,False,2014.0,3.35,1.12,True,17.01492537,0.57,4.464285714,40.17094017,33.33333333,1.258346174,23,56.49,18.13366718,True,True,29.8469387755102,-0.04693877551019909,False
2016,HiSilicon (Huawei),HUAWEI,CHN,country,False,fabless_diversified,Fabless,Smart automobile expansion,False,2010,6,5.0,31.4,1.57,0.6,0.5,1.57,0.0,False,12.0,10.0,False,2015.0,3.92,1.17,True,27.55102041,1.08,34.18803419,38.21656051,31.84713376,1.354022802,21,61.02,16.52449427,True,True,31.4,0.0,False
2017,HiSilicon (Huawei),HUAWEI,CHN,country,False,fabless_diversified,Fabless,Smart automobile expansion,False,2010,7,6.61,29.8,1.97,0.79,0.66,1.96978,0.00022,False,11.9515885,9.984871407,False,2016.0,5.0,1.57,True,32.2,1.61,25.47770701,40.10152284,33.50253807,1.535959103,20,71.42,16.59579412,True,True,29.803328290468983,-0.003328290468981976,False
2018,HiSilicon (Huawei),HUAWEI,CHN,country,False,fabless_diversified,Fabless,Smart automobile expansion,False,2010,8,7.46,26.7,1.99,0.89,0.75,1.99182,0.00182,False,11.93029491,10.0536193,False,2017.0,6.61,1.97,True,12.85930408,0.85,1.015228426,44.72361809,37.68844221,1.566568669,19,77.11,16.19277614,True,True,26.675603217158177,0.024396782841822784,False
2019,HiSilicon (Huawei),HUAWEI,CHN,country,False,fabless_diversified,Fabless,Smart automobile expansion,False,2010,9,9.19,25.2,2.32,1.1,0.92,2.31588,0.00412,False,11.9695321,10.01088139,False,2018.0,7.46,1.99,True,23.19034853,1.73,16.58291457,47.4137931,39.65517241,1.856378144,17,88.03,17.78204222,True,True,25.244831338411316,-0.044831338411317034,False
2020,HiSilicon (Huawei),HUAWEI,CHN,country,False,fabless_diversified,Fabless,Smart automobile expansion,False,2010,10,10.7,30.7,3.28,1.28,1.07,3.2849,0.0049,False,11.96261682,10.0,False,2019.0,9.19,2.32,True,16.43090316,1.51,41.37931034,39.02439024,32.62195122,2.1243225,14,99.9,19.83362783,True,True,30.654205607476637,0.04579439252336215,False
2021,HiSilicon (Huawei),HUAWEI,CHN,country,False,fabless_diversified,Fabless,Smart automobile expansion,False,2010,11,6.76,38.4,2.6,0.81,0.68,2.59584,0.00416,False,11.98224852,10.0591716,False,2020.0,10.7,3.28,True,-36.82242991,-3.94,-20.73170732,31.15384615,26.15384615,1.121005588,26,127.36,21.12001061,True,True,38.46153846153847,-0.061538461538468425,False
2022,HiSilicon (Huawei),HUAWEI,CHN,country,False,fabless_diversified,Fabless,Transition Year,False,2010,12,1.97,34.3,0.67,0.24,0.2,0.67571,0.00571,False,12.18274112,10.15228426,False,2021.0,6.76,2.6,True,-70.85798817,-4.79,-74.23076923,35.82089552,29.85074627,0.282453474,34,154.83,22.19912253,True,True,34.01015228426396,0.2898477157360375,False
2023,HiSilicon (Huawei),HUAWEI,CHN,country,False,fabless_diversified,Fabless,AI expansion,False,2010,13,4.03,29.5,1.19,0.48,0.4,1.18885,0.00115,False,11.91066998,9.925558313,False,2022.0,1.97,0.67,True,104.5685279,2.06,77.6119403,40.33613445,33.61344538,0.615878353,33,177.4,27.11087339,True,True,29.528535980148877,-0.02853598014887737,False
2024,HiSilicon (Huawei),HUAWEI,CHN,country,False,fabless_diversified,Fabless,AI expansion,False,2010,14,9.12,30.2,2.75,1.09,0.91,2.75424,0.00424,False,11.95175439,9.978070175,False,2023.0,4.03,1.19,True,126.3027295,5.09,131.092437,39.63636364,33.09090909,1.100771264,23,284.01,34.27961038,True,True,30.153508771929825,0.04649122807017392,False
2015,Hua Hong,1347,CHN,country,False,foundry,Foundry,Smart automobile expansion,False,2010,5,0.7,40.1,0.28,0.06,0.32,0.2807,0.0007,False,8.571428571,45.71428571,False,2014.0,0.68,0.3,True,2.941176471,0.02,-6.666666667,21.42857143,114.2857143,0.224704674,33,46.3,14.86260914,True,True,40.00000000000001,0.09999999999999432,False
2016,Hua Hong,1347,CHN,country,False,foundry,Foundry,Smart automobile expansion,False,2010,6,0.76,40.0,0.31,0.06,0.34,0.304,0.006,False,7.894736842,44.73684211,False,2015.0,0.7,0.28,True,8.571428571,0.06,10.71428571,19.35483871,109.6774194,0.205811466,33,51.36,13.90852222,True,True,40.78947368421053,-0.7894736842105274,False
2017,Hua Hong,1347,CHN,country,False,foundry,Foundry,Smart automobile expansion,False,2010,7,0.88,33.0,0.29,0.07,0.39,0.2904,0.0004,False,7.954545455,44.31818182,False,2016.0,0.76,0.31,True,15.78947368,0.12,-6.451612903,24.13793103,134.4827586,0.204484722,33,56.93,13.22876728,True,True,32.95454545454545,0.045454545454546746,True
2018,Hua Hong,1347,CHN,country,False,foundry,Foundry,Smart automobile expansion,False,2010,8,0.85,38.4,0.33,0.07,0.38,0.3264,0.0036,False,8.235294118,44.70588235,False,2017.0,0.88,0.29,True,-3.409090909,-0.03,13.79310345,21.21212121,115.1515152,0.17849643,32,61.88,12.99454011,True,True,38.82352941176471,-0.4235294117647115,False
2019,Hua Hong,1347,CHN,country,False,foundry,Foundry,Smart automobile expansion,False,2010,9,0.93,42.1,0.39,0.07,0.42,0.39153,0.00153,False,7.52688172,45.16129032,False,2018.0,0.85,0.33,True,9.411764706,0.08,18.18181818,17.94871795,107.6923077,0.187859812,34,69.02,13.94202606,True,True,41.935483870967744,0.16451612903225765,False
2020,Hua Hong,1347,CHN,country,False,foundry,Foundry,Smart automobile expansion,False,2010,10,0.97,38.8,0.38,0.08,0.44,0.37636,0.00364,False,8.24742268,45.36082474,False,2019.0,0.93,0.39,True,4.301075269,0.04,-2.564102564,21.05263158,115.7894737,0.192578769,34,75.64,15.01717326,True,True,39.175257731958766,-0.37525773195876866,False
2021,Hua Hong,1347,CHN,country,False,foundry,Foundry,Smart automobile expansion,False,2010,11,1.78,43.1,0.77,0.14,0.8,0.76718,0.00282,False,7.865168539,44.94382022,False,2020.0,0.97,0.38,True,83.50515464,0.81,102.6315789,18.18181818,103.8961039,0.295176028,35,101.05,16.7570436,True,True,43.258426966292134,-0.15842696629213293,False
2022,Hua Hong,1347,CHN,country,False,foundry,Foundry,Transition Year,False,2010,12,2.51,42.9,1.08,0.2,1.13,1.07679,0.00321,False,7.96812749,45.01992032,False,2021.0,1.78,0.77,True,41.01123596,0.73,40.25974026,18.51851852,104.6296296,0.359877269,33,119.96,17.19955266,True,True,43.027888446215144,-0.12788844621514528,False
2023,Hua Hong,1347,CHN,country,False,foundry,Foundry,AI expansion,False,2010,13,2.32,38.3,0.89,0.19,1.04,0.88856,0.00144,False,8.189655172,44.82758621,False,2022.0,2.51,1.08,True,-7.569721116,-0.19,-17.59259259,21.34831461,116.8539326,0.354550317,34,105.72,16.15649117,True,True,38.362068965517246,-0.06206896551724839,False
2024,Hua Hong,1347,CHN,country,False,foundry,Foundry,AI expansion,False,2010,14,1.94,40.3,0.78,0.16,0.87,0.78182,0.00182,False,8.24742268,44.84536082,False,2023.0,2.32,0.89,True,-16.37931034,-0.38,-12.35955056,20.51282051,111.5384615,0.234155291,35,131.07,15.81996596,True,True,40.20618556701031,0.09381443298968861,False
2015,Infineon,IFX,DEU,country,False,idm_automotive,IDM,Smart automobile expansion,False,2010,5,6.04,24.8,1.5,0.73,0.91,1.49792,0.00208,False,12.08609272,15.06622517,False,2014.0,5.52,0.97,True,9.420289855,0.52,54.63917526,48.66666667,60.66666667,1.938880329,15,172.79,55.46674371,True,True,24.834437086092713,-0.03443708609271212,False
2016,Infineon,IFX,DEU,country,False,idm_automotive,IDM,Smart automobile expansion,False,2010,6,6.56,20.7,1.36,0.79,0.98,1.35792,0.00208,False,12.04268293,14.93902439,False,2015.0,6.04,1.5,True,8.609271523,0.52,-9.333333333,58.08823529,72.05882353,1.776477916,18,211.93,57.39161047,True,True,20.731707317073173,-0.03170731707317387,False
2017,Infineon,IFX,DEU,country,False,idm_automotive,IDM,Smart automobile expansion,False,2010,7,8.03,15.0,1.21,0.96,1.2,1.2045,0.0055,False,11.95516812,14.94396015,False,2016.0,6.56,1.36,True,22.40853659,1.47,-11.02941176,79.33884298,99.17355372,1.865923086,16,247.23,57.44858836,True,True,15.068493150684933,-0.06849315068493311,False
2018,Infineon,IFX,DEU,country,False,idm_automotive,IDM,Smart automobile expansion,False,2010,8,8.08,18.7,1.51,0.97,1.21,1.51096,0.00096,False,12.0049505,14.97524752,False,2017.0,8.03,1.21,True,0.622665006,0.05,24.79338843,64.2384106,80.13245033,1.696766065,17,274.37,57.61654767,True,True,18.68811881188119,0.011881188118810115,False
2019,Infineon,IFX,DEU,country,False,idm_automotive,IDM,Smart automobile expansion,False,2010,9,8.57,22.4,1.92,1.03,1.28,1.91968,0.00032,False,12.01866978,14.93582264,False,2018.0,8.08,1.51,True,6.064356436,0.49,27.15231788,53.64583333,66.66666667,1.731138269,19,273.07,55.16008484,True,True,22.403733955659273,-0.0037339556592748124,False
2020,Infineon,IFX,DEU,country,False,idm_automotive,IDM,Smart automobile expansion,False,2010,10,9.07,14.7,1.33,1.09,1.36,1.33329,0.00329,False,12.01764057,14.99448732,False,2019.0,8.57,1.92,True,5.834305718,0.5,-30.72916667,81.95488722,102.2556391,1.800710755,18,258.64,51.34904405,True,True,14.66372657111356,0.03627342888643881,False
2021,Infineon,IFX,DEU,country,False,idm_automotive,IDM,Smart automobile expansion,False,2010,11,11.78,18.3,2.15,1.41,1.77,2.15574,0.00574,False,11.96943973,15.02546689,False,2020.0,9.07,1.33,True,29.87872106,2.71,61.65413534,65.58139535,82.3255814,1.953468318,18,285.1,47.2779132,True,True,18.251273344651953,0.0487266553480481,False
2022,Infineon,IFX,DEU,country,False,idm_automotive,IDM,Transition Year,False,2010,12,14.75,18.1,2.67,1.77,2.21,2.66975,0.00025,False,12.0,14.98305085,False,2021.0,11.78,2.15,True,25.21222411,2.97,24.18604651,66.29213483,82.77153558,2.11481662,18,317.07,45.46067158,True,True,18.10169491525424,-0.0016949152542373724,False
2023,Infineon,IFX,DEU,country,False,idm_automotive,IDM,AI expansion,False,2010,13,16.68,11.6,1.94,2.0,2.5,1.93488,0.00512,False,11.99040767,14.98800959,False,2022.0,14.75,2.67,True,13.08474576,1.93,-27.34082397,103.0927835,128.8659794,2.549094521,14,256.74,39.23588294,True,True,11.630695443645084,-0.030695443645084808,False
2024,Infineon,IFX,DEU,country,False,idm_automotive,IDM,AI expansion,False,2010,14,15.35,21.3,3.28,1.84,2.3,3.26955,0.01045,False,11.98697068,14.98371336,False,2023.0,16.68,1.94,True,-7.973621103,-1.33,69.07216495,56.09756098,70.12195122,1.852723564,14,301.22,36.35683335,True,True,21.368078175895768,-0.06807817589576715,False
2015,Intel,INTC,USA,country,False,idm_cpu,IDM,Smart automobile expansion,False,2010,5,52.71,17.6,9.29,10.54,13.18,9.27696,0.01304,False,19.99620565,25.00474293,False,2014.0,50.47,8.2,True,4.438280166,2.24,13.29268293,113.4553283,141.8729817,16.92026194,1,172.79,55.46674371,True,True,17.62473913868336,-0.02473913868335842,False
2016,Intel,INTC,USA,country,False,idm_cpu,IDM,Smart automobile expansion,False,2010,6,61.27,21.6,13.22,12.25,15.32,13.23432,0.01432,False,19.99347152,25.0040803,False,2015.0,52.71,9.29,True,16.23980269,8.56,42.30355221,92.66263238,115.8850227,16.59219541,1,211.93,57.39161047,True,True,21.57662803982373,0.02337196017627008,False
2017,Intel,INTC,USA,country,False,idm_cpu,IDM,Smart automobile expansion,False,2010,7,66.18,15.8,10.43,13.24,16.54,10.45644,0.02644,True,20.00604412,24.99244485,False,2016.0,61.27,13.22,True,8.013709809,4.91,-21.10438729,126.9415149,158.5810163,15.37818055,1,247.23,57.44858836,True,True,15.760048352976726,0.03995164702327436,False
2018,Intel,INTC,USA,country,False,idm_cpu,IDM,Smart automobile expansion,False,2010,8,66.06,20.2,13.32,13.21,16.51,13.34412,0.02412,True,19.99697245,24.99243112,False,2017.0,66.18,10.43,True,-0.181323663,-0.12,27.70853308,99.17417417,123.9489489,13.87232255,2,274.37,57.61654767,True,True,20.16348773841962,0.03651226158038057,False
2019,Intel,INTC,USA,country,False,idm_cpu,IDM,Smart automobile expansion,False,2010,9,73.31,21.4,15.67,14.66,18.33,15.68834,0.01834,False,19.99727186,25.00341018,False,2018.0,66.06,13.32,True,10.97487133,7.25,17.64264264,93.55456286,116.9751117,14.80860519,2,273.07,55.16008484,True,True,21.374982949120174,0.025017050879824865,False
2020,Intel,INTC,USA,country,False,idm_cpu,IDM,Smart automobile expansion,False,2010,10,79.56,20.4,16.24,15.91,19.89,16.23024,0.00976,False,19.99748617,25.0,False,2019.0,73.31,15.67,True,8.525439913,6.25,3.637523931,97.9679803,122.4753695,15.79542973,1,258.64,51.34904405,True,True,20.412267471091,-0.01226747109100046,False
2021,Intel,INTC,USA,country,False,idm_cpu,IDM,Smart automobile expansion,False,2010,11,72.13,20.7,14.92,14.43,18.03,14.93091,0.01091,False,20.00554554,24.99653404,False,2020.0,79.56,16.24,True,-9.338863751,-7.43,-8.128078818,96.71581769,120.844504,11.96126229,1,285.1,47.2779132,True,True,20.68487453209483,0.015125467905168222,False
2022,Intel,INTC,USA,country,False,idm_cpu,IDM,Transition Year,False,2010,12,64.11,7.9,5.06,12.82,16.03,5.06469,0.00469,False,19.99688036,25.00389955,False,2021.0,72.13,14.92,True,-11.11881325,-8.02,-66.08579088,253.3596838,316.798419,9.191924985,3,317.07,45.46067158,True,True,7.892684448603961,0.007315551396039233,False
2023,Intel,INTC,USA,country,False,idm_cpu,IDM,AI expansion,False,2010,13,53.91,10.6,5.71,10.78,13.48,5.71446,0.00446,False,19.99629011,25.00463736,False,2022.0,64.11,5.06,True,-15.91015442,-10.2,12.8458498,188.7915937,236.0770578,8.23871017,3,256.74,39.23588294,True,True,10.591726952327955,0.008273047672044953,False
2024,Intel,INTC,USA,country,False,idm_cpu,IDM,AI expansion,False,2010,14,54.42,8.8,4.8,10.88,13.61,4.78896,0.01104,False,19.99264976,25.0091878,False,2023.0,53.91,5.71,True,0.946021146,0.51,-15.93695271,226.6666667,283.5416667,6.568418003,4,301.22,36.35683335,True,True,8.820286659316427,-0.020286659316425926,False
2015,KLA,KLAC,USA,country,False,equipment_inspection,Equipment,Smart automobile expansion,False,2010,5,2.77,43.1,1.2,0.33,0.28,1.19387,0.00613,False,11.9133574,10.10830325,False,2014.0,2.57,1.03,True,7.782101167,0.2,16.50485437,27.5,23.33333333,0.889188495,26,31.93,10.24974319,True,True,43.32129963898917,-0.22129963898916571,False
2016,KLA,KLAC,USA,country,False,equipment_inspection,Equipment,Smart automobile expansion,False,2010,6,3.14,37.4,1.17,0.38,0.31,1.17436,0.00436,False,12.10191083,9.872611465,False,2015.0,2.77,1.2,True,13.35740072,0.37,-2.5,32.47863248,26.4957265,0.850326319,26,40.64,11.00549733,True,True,37.261146496815286,0.13885350318471268,False
2017,KLA,KLAC,USA,country,False,equipment_inspection,Equipment,Smart automobile expansion,False,2010,7,3.65,35.4,1.29,0.44,0.37,1.2921,0.0021,False,12.05479452,10.1369863,False,2016.0,3.14,1.17,True,16.24203822,0.51,10.25641026,34.10852713,28.68217054,0.848146857,26,50.03,11.62542117,True,True,35.342465753424655,0.05753424657534367,False
2018,KLA,KLAC,USA,country,False,equipment_inspection,Equipment,Smart automobile expansion,False,2010,8,4.05,40.3,1.63,0.49,0.4,1.63215,0.00215,False,12.09876543,9.87654321,False,2017.0,3.65,1.29,True,10.95890411,0.4,26.35658915,30.06134969,24.5398773,0.85048299,26,57.62,12.099958,True,True,40.24691358024691,0.053086419753086034,False
2019,KLA,KLAC,USA,country,False,equipment_inspection,Equipment,Smart automobile expansion,False,2010,9,4.88,44.8,2.18,0.59,0.49,2.18624,0.00624,False,12.09016393,10.04098361,False,2018.0,4.05,1.63,True,20.49382716,0.83,33.74233129,27.06422018,22.47706422,0.985759014,26,59.07,11.93212807,True,True,44.67213114754099,0.12786885245900947,False
2020,KLA,KLAC,USA,country,False,equipment_inspection,Equipment,Smart automobile expansion,False,2010,10,5.69,46.2,2.63,0.68,0.57,2.62878,0.00122,False,11.95079086,10.01757469,False,2019.0,4.88,2.18,True,16.59836066,0.81,20.64220183,25.85551331,21.6730038,1.129663086,23,63.11,12.52953205,True,True,46.22144112478031,-0.021441124780309906,False
2021,KLA,KLAC,USA,country,False,equipment_inspection,Equipment,Smart automobile expansion,False,2010,11,7.45,36.2,2.69,0.89,0.74,2.6969,0.0069,False,11.94630872,9.932885906,False,2020.0,5.69,2.63,True,30.9314587,1.76,2.281368821,33.08550186,27.50929368,1.235427756,23,81.85,13.5731224,True,True,36.10738255033557,0.09261744966443075,False
2022,KLA,KLAC,USA,country,False,equipment_inspection,Equipment,Transition Year,False,2010,12,9.22,36.8,3.39,1.11,0.92,3.39296,0.00296,False,12.03904555,9.978308026,False,2021.0,7.45,2.69,True,23.75838926,1.77,26.02230483,32.74336283,27.13864307,1.321939609,23,97.26,13.94488573,True,True,36.76789587852494,0.03210412147505792,False
2023,KLA,KLAC,USA,country,False,equipment_inspection,Equipment,AI expansion,False,2010,13,10.27,41.2,4.23,1.23,1.03,4.23124,0.00124,False,11.97663096,10.0292113,False,2022.0,9.22,3.39,True,11.38828633,1.05,24.77876106,29.07801418,24.3498818,1.569496447,22,104.75,16.00825246,True,True,41.18792599805259,0.012074001947411261,False
2024,KLA,KLAC,USA,country,False,equipment_inspection,Equipment,AI expansion,False,2010,14,9.96,38.1,3.8,1.2,1.0,3.79476,0.00524,False,12.04819277,10.04016064,False,2023.0,10.27,4.23,True,-3.018500487,-0.31,-10.16548463,31.57894737,26.31578947,1.202158091,20,101.83,12.2907388,True,True,38.15261044176707,-0.0526104417670652,False
2015,Lam Research,LRCX,USA,country,False,equipment_etch,Equipment,Smart automobile expansion,False,2010,5,5.15,25.7,1.32,0.62,0.51,1.32355,0.00355,False,12.03883495,9.902912621,False,2014.0,4.49,1.44,True,14.69933185,0.66,-8.333333333,46.96969697,38.63636364,1.653184386,19,31.93,10.24974319,True,True,25.631067961165048,0.06893203883495147,False
2016,Lam Research,LRCX,USA,country,False,equipment_etch,Equipment,Smart automobile expansion,False,2010,6,7.22,30.3,2.18,0.87,0.72,2.18766,0.00766,False,12.0498615,9.972299169,False,2015.0,5.15,1.32,True,40.19417476,2.07,65.15151515,39.90825688,33.02752294,1.955208926,15,40.64,11.00549733,True,True,30.19390581717452,0.10609418282547978,False
2017,Lam Research,LRCX,USA,country,False,equipment_etch,Equipment,Smart automobile expansion,False,2010,7,8.98,32.5,2.92,1.08,0.9,2.9185,0.0015,False,12.02672606,10.02227171,False,2016.0,7.22,2.18,True,24.3767313,1.76,33.94495413,36.98630137,30.82191781,2.086673638,13,50.03,11.62542117,True,True,32.516703786191535,-0.016703786191534675,False
2018,Lam Research,LRCX,USA,country,False,equipment_etch,Equipment,Smart automobile expansion,False,2010,8,10.66,28.8,3.07,1.28,1.07,3.07008,8e-05,False,12.00750469,10.03752345,False,2017.0,8.98,2.92,True,18.70824053,1.68,5.136986301,41.69381107,34.8534202,2.238555229,13,57.62,12.099958,True,True,28.799249530956843,0.0007504690431581196,False
2019,Lam Research,LRCX,USA,country,False,equipment_etch,Equipment,Smart automobile expansion,False,2010,9,10.37,29.9,3.1,1.24,1.04,3.10063,0.00063,False,11.95756991,10.0289296,False,2018.0,10.66,3.07,True,-2.720450281,-0.29,0.977198697,40.0,33.5483871,2.094737905,15,59.07,11.93212807,True,True,29.89392478302797,0.006075216972028841,False
2020,Lam Research,LRCX,USA,country,False,equipment_etch,Equipment,Smart automobile expansion,False,2010,10,10.08,27.0,2.72,1.21,1.01,2.7216,0.0016,False,12.00396825,10.01984127,False,2019.0,10.37,3.1,True,-2.796528447,-0.29,-12.25806452,44.48529412,37.13235294,2.001230916,16,63.11,12.52953205,True,True,26.984126984126988,0.015873015873012264,False
2021,Lam Research,LRCX,USA,country,False,equipment_etch,Equipment,Smart automobile expansion,False,2010,11,13.9,30.2,4.2,1.67,1.39,4.1978,0.0022,False,12.01438849,10.0,False,2020.0,10.08,2.72,True,37.8968254,3.82,54.41176471,39.76190476,33.0952381,2.305026284,15,81.85,13.5731224,True,True,30.215827338129497,-0.015827338129497548,False
2022,Lam Research,LRCX,USA,country,False,equipment_etch,Equipment,Transition Year,False,2010,12,16.25,24.1,3.92,1.95,1.63,3.91625,0.00375,False,12.0,10.03076923,False,2021.0,13.9,4.2,True,16.90647482,2.35,-6.666666667,49.74489796,41.58163265,2.329882717,16,97.26,13.94488573,True,True,24.123076923076923,-0.02307692307692122,False
2023,Lam Research,LRCX,USA,country,False,equipment_etch,Equipment,AI expansion,False,2010,13,17.39,29.3,5.1,2.09,1.74,5.09527,0.00473,False,12.01840138,10.00575043,False,2022.0,16.25,3.92,True,7.015384615,1.14,30.10204082,40.98039216,34.11764706,2.657599144,12,104.75,16.00825246,True,True,29.32719953996549,-0.027199539965490516,False
2024,Lam Research,LRCX,USA,country,False,equipment_etch,Equipment,AI expansion,False,2010,14,14.85,29.9,4.44,1.78,1.49,4.44015,0.00015,False,11.98653199,10.03367003,False,2023.0,17.39,5.1,True,-14.60609546,-2.54,-12.94117647,40.09009009,33.55855856,1.792374262,16,101.83,12.2907388,True,True,29.898989898989903,0.0010101010100953545,False
2015,Marvell,MRVL,USA,country,False,fabless_networking,Fabless,Smart automobile expansion,False,2010,5,2.73,27.5,0.75,0.33,0.27,0.75075,0.00075,False,12.08791209,9.89010989,False,2014.0,2.75,0.81,True,-0.727272727,-0.02,-7.407407407,44.0,36.0,0.876348228,27,56.49,18.13366718,True,True,27.472527472527474,0.0274725274725256,False
2016,Marvell,MRVL,USA,country,False,fabless_networking,Fabless,Smart automobile expansion,False,2010,6,2.56,27.4,0.7,0.31,0.26,0.70144,0.00144,False,12.109375,10.15625,False,2015.0,2.73,0.75,True,-6.227106227,-0.17,-6.666666667,44.28571429,37.14285714,0.693259674,29,61.02,16.52449427,True,True,27.34375,0.05624999999999858,False
2017,Marvell,MRVL,USA,country,False,fabless_networking,Fabless,Smart automobile expansion,False,2010,7,2.58,25.7,0.66,0.31,0.26,0.66306,0.00306,False,12.01550388,10.07751938,False,2016.0,2.56,0.7,True,0.78125,0.02,-5.714285714,46.96969697,39.39393939,0.599512025,31,71.42,16.59579412,True,True,25.581395348837212,0.11860465116278718,False
2018,Marvell,MRVL,USA,country,False,fabless_networking,Fabless,Smart automobile expansion,False,2010,8,2.42,25.8,0.62,0.29,0.24,0.62436,0.00436,False,11.98347107,9.917355372,False,2017.0,2.58,0.66,True,-6.201550388,-0.16,-6.060606061,46.77419355,38.70967742,0.508189836,30,77.11,16.19277614,True,True,25.6198347107438,0.1801652892562018,False
2019,Marvell,MRVL,USA,country,False,fabless_networking,Fabless,Smart automobile expansion,False,2010,9,2.63,24.6,0.65,0.32,0.26,0.64698,0.00302,False,12.16730038,9.885931559,False,2018.0,2.42,0.62,True,8.67768595,0.21,4.838709677,49.23076923,40.0,0.531259469,31,88.03,17.78204222,True,True,24.714828897338407,-0.11482889733840551,False
2020,Marvell,MRVL,USA,country,False,fabless_networking,Fabless,Smart automobile expansion,False,2010,10,2.99,26.2,0.78,0.36,0.3,0.78338,0.00338,False,12.04013378,10.03344482,False,2019.0,2.63,0.65,True,13.68821293,0.36,20.0,46.15384615,38.46153846,0.593619091,29,99.9,19.83362783,True,True,26.08695652173913,0.11304347826087024,False
2021,Marvell,MRVL,USA,country,False,fabless_networking,Fabless,Smart automobile expansion,False,2010,11,4.59,21.8,1.0,0.55,0.46,1.00062,0.00062,False,11.98257081,10.02178649,False,2020.0,2.99,0.78,True,53.51170569,1.6,28.20512821,55.0,46.0,0.761156161,29,127.36,21.12001061,True,True,21.78649237472767,0.013507625272332291,False
2022,Marvell,MRVL,USA,country,False,fabless_networking,Fabless,Transition Year,False,2010,12,5.88,29.4,1.73,0.71,0.59,1.72872,0.00128,False,12.07482993,10.03401361,False,2021.0,4.59,1.0,True,28.10457516,1.29,73.0,41.04046243,34.10404624,0.8430591,27,154.83,22.19912253,True,True,29.421768707482993,-0.021768707482994643,False
2023,Marvell,MRVL,USA,country,False,fabless_networking,Fabless,AI expansion,False,2010,13,5.38,22.5,1.21,0.65,0.54,1.2105,0.0005,False,12.08178439,10.03717472,False,2022.0,5.88,1.73,True,-8.503401361,-0.5,-30.05780347,53.71900826,44.62809917,0.82218996,29,177.4,27.11087339,True,True,22.490706319702603,0.009293680297396634,False
2024,Marvell,MRVL,USA,country,False,fabless_networking,Fabless,AI expansion,False,2010,14,5.84,27.5,1.61,0.7,0.58,1.606,0.004,False,11.98630137,9.931506849,False,2023.0,5.38,1.21,True,8.550185874,0.46,33.05785124,43.47826087,36.02484472,0.704879845,30,284.01,34.27961038,True,True,27.568493150684937,-0.06849315068493667,False
2015,MediaTek,2454,TWN,country,False,fabless_mobile,Fabless,Smart automobile expansion,False,2010,5,6.41,27.9,1.79,0.77,0.64,1.78839,0.00161,False,12.0124805,9.984399376,False,2014.0,5.99,1.74,True,7.011686144,0.42,2.873563218,43.01675978,35.75418994,2.057652799,14,56.49,18.13366718,True,True,27.92511700468019,-0.02511700468019029,False
2016,MediaTek,2454,TWN,country,False,fabless_mobile,Fabless,Smart automobile expansion,False,2010,6,7.0,26.5,1.85,0.84,0.7,1.855,0.005,False,12.0,10.0,False,2015.0,6.41,1.79,True,9.204368175,0.59,3.351955307,45.40540541,37.83783784,1.895631922,17,61.02,16.52449427,True,True,26.42857142857143,0.0714285714285694,False
2017,MediaTek,2454,TWN,country,False,fabless_mobile,Fabless,Smart automobile expansion,False,2010,7,7.37,29.4,2.17,0.88,0.74,2.16678,0.00322,False,11.94029851,10.04070556,False,2016.0,7.0,1.85,True,5.285714286,0.37,17.2972973,40.55299539,34.10138249,1.712559545,18,71.42,16.59579412,True,True,29.443690637720486,-0.04369063772048776,False
2018,MediaTek,2454,TWN,country,False,fabless_mobile,Fabless,Smart automobile expansion,False,2010,8,7.87,32.3,2.54,0.94,0.79,2.54201,0.00201,False,11.94409149,10.03811944,False,2017.0,7.37,2.17,True,6.784260516,0.5,17.05069124,37.00787402,31.1023622,1.652666947,18,77.11,16.19277614,True,True,32.27445997458704,0.0255400254129583,False
2019,MediaTek,2454,TWN,country,False,fabless_mobile,Fabless,Smart automobile expansion,False,2010,9,9.77,32.2,3.14,1.17,0.98,3.14594,0.00594,False,11.97543501,10.03070624,False,2018.0,7.87,2.54,True,24.14231258,1.9,23.62204724,37.2611465,31.21019108,1.973538026,16,88.03,17.78204222,True,True,32.139201637666325,0.06079836233367786,False
2020,MediaTek,2454,TWN,country,False,fabless_mobile,Fabless,Smart automobile expansion,False,2010,10,10.4,29.8,3.1,1.25,1.04,3.0992,0.0008,False,12.01923077,10.0,False,2019.0,9.77,3.14,True,6.448311157,0.63,-1.27388535,40.32258065,33.5483871,2.064762056,15,99.9,19.83362783,True,True,29.807692307692307,-0.007692307692305889,False
2021,MediaTek,2454,TWN,country,False,fabless_mobile,Fabless,Smart automobile expansion,False,2010,11,14.24,28.4,4.05,1.71,1.42,4.04416,0.00584,False,12.00842697,9.971910112,False,2020.0,10.4,3.1,True,36.92307692,3.84,30.64516129,42.22222222,35.0617284,2.361408222,14,127.36,21.12001061,True,True,28.441011235955056,-0.0410112359550574,False
2022,MediaTek,2454,TWN,country,False,fabless_mobile,Fabless,Transition Year,False,2010,12,19.46,31.9,6.21,2.34,1.95,6.20774,0.00226,False,12.02466598,10.02055498,False,2021.0,14.24,4.05,True,36.65730337,5.22,53.33333333,37.68115942,31.40096618,2.790124165,12,154.83,22.19912253,True,True,31.911613566289827,-0.011613566289828015,False
2023,MediaTek,2454,TWN,country,False,fabless_mobile,Fabless,AI expansion,False,2010,13,13.32,17.0,2.26,1.6,1.33,2.2644,0.0044,False,12.01201201,9.984984985,False,2022.0,19.46,6.21,True,-31.55190134,-6.14,-63.60708535,70.79646018,58.84955752,2.035607855,17,177.4,27.11087339,True,True,16.966966966966964,0.03303303303303551,False
2024,MediaTek,2454,TWN,country,False,fabless_mobile,Fabless,AI expansion,False,2010,14,17.02,26.4,4.48,2.04,1.7,4.49328,0.01328,False,11.98589894,9.988249119,False,2023.0,13.32,2.26,True,27.77777778,3.7,98.2300885,45.53571429,37.94642857,2.054290232,13,284.01,34.27961038,True,True,26.321974148061106,0.078025851938893,False
2015,Microchip,MCHP,USA,country,False,idm_micro,IDM,Smart automobile expansion,False,2010,5,2.14,44.4,0.95,0.26,0.21,0.95016,0.00016,False,12.14953271,9.813084112,False,2014.0,1.92,0.68,True,11.45833333,0.22,39.70588235,27.36842105,22.10526316,0.686954289,31,172.79,55.46674371,True,True,44.392523364485974,0.00747663551402411,False
2016,Microchip,MCHP,USA,country,False,idm_micro,IDM,Smart automobile expansion,False,2010,6,2.82,42.3,1.19,0.34,0.28,1.19286,0.00286,False,12.05673759,9.929078014,False,2015.0,2.14,0.95,True,31.77570093,0.68,25.26315789,28.57142857,23.52941176,0.76366886,27,211.93,57.39161047,True,True,42.198581560283685,0.10141843971631204,False
2017,Microchip,MCHP,USA,country,False,idm_micro,IDM,Smart automobile expansion,False,2010,7,3.29,36.6,1.2,0.39,0.33,1.20414,0.00414,False,11.85410334,10.03039514,False,2016.0,2.82,1.19,True,16.66666667,0.47,0.840336134,32.5,27.5,0.764494016,27,247.23,57.44858836,True,True,36.474164133738604,0.1258358662613972,False
2018,Microchip,MCHP,USA,country,False,idm_micro,IDM,Smart automobile expansion,False,2010,8,4.05,40.2,1.63,0.49,0.41,1.6281,0.0019,False,12.09876543,10.12345679,False,2017.0,3.29,1.2,True,23.10030395,0.76,35.83333333,30.06134969,25.15337423,0.85048299,26,274.37,57.61654767,True,True,40.24691358024691,-0.04691358024690828,False
2019,Microchip,MCHP,USA,country,False,idm_micro,IDM,Smart automobile expansion,False,2010,9,4.73,39.4,1.86,0.57,0.47,1.86362,0.00362,False,12.05073996,9.936575053,False,2018.0,4.05,1.63,True,16.79012346,0.68,14.11042945,30.64516129,25.2688172,0.955459045,27,273.07,55.16008484,True,True,39.323467230443974,0.0765327695560245,False
2020,Microchip,MCHP,USA,country,False,idm_micro,IDM,Smart automobile expansion,False,2010,10,5.34,40.5,2.16,0.64,0.53,2.1627,0.0027,False,11.98501873,9.925093633,False,2019.0,4.73,1.86,True,12.89640592,0.61,16.12903226,29.62962963,24.53703704,1.060175902,24,258.64,51.34904405,True,True,40.449438202247194,0.050561797752806115,False
2021,Microchip,MCHP,USA,country,False,idm_micro,IDM,Smart automobile expansion,False,2010,11,7.01,42.4,2.97,0.84,0.7,2.97224,0.00224,False,11.9828816,9.985734665,False,2020.0,5.34,2.16,True,31.27340824,1.67,37.5,28.28282828,23.56902357,1.162462896,25,285.1,47.2779132,True,True,42.368045649072755,0.031954350927243524,False
2022,Microchip,MCHP,USA,country,False,idm_micro,IDM,Transition Year,False,2010,12,8.0,33.3,2.66,0.96,0.8,2.664,0.004,False,12.0,10.0,False,2021.0,7.01,2.97,True,14.12268188,0.99,-10.43771044,36.09022556,30.07518797,1.147019184,25,317.07,45.46067158,True,True,33.25,0.04999999999999716,False
2023,Microchip,MCHP,USA,country,False,idm_micro,IDM,AI expansion,False,2010,13,7.83,43.6,3.41,0.94,0.78,3.41388,0.00388,False,12.00510856,9.961685824,False,2022.0,8.0,2.66,True,-2.125,-0.17,28.19548872,27.5659824,22.87390029,1.19660732,24,256.74,39.23588294,True,True,43.55044699872286,0.049553001277139685,False
2024,Microchip,MCHP,USA,country,False,idm_micro,IDM,AI expansion,False,2010,14,4.27,34.4,1.47,0.51,0.43,1.46888,0.00112,False,11.94379391,10.07025761,False,2023.0,7.83,3.41,True,-45.46615581,-3.56,-56.8914956,34.69387755,29.25170068,0.515383037,33,301.22,36.35683335,True,True,34.42622950819673,-0.02622950819672809,False
2015,Micron,MU,USA,country,False,idm_memory,IDM,Smart automobile expansion,False,2010,5,15.83,15.5,2.46,1.58,5.54,2.45365,0.00635,False,9.981048642,34.99684144,False,2014.0,14.64,1.54,True,8.128415301,1.19,59.74025974,64.22764228,225.203252,5.081535696,6,172.79,55.46674371,True,True,15.540113708149084,-0.040113708149084104,False
2016,Micron,MU,USA,country,False,idm_memory,IDM,Smart automobile expansion,False,2010,6,20.41,21.2,4.32,2.04,7.14,4.32692,0.00692,False,9.995100441,34.98285154,False,2015.0,15.83,2.46,True,28.93240682,4.58,75.6097561,47.22222222,165.2777778,5.527121077,6,211.93,57.39161047,True,True,21.16609505144537,0.033904948554628334,False
2017,Micron,MU,USA,country,False,idm_memory,IDM,Smart automobile expansion,False,2010,7,26.52,26.1,6.92,2.65,9.28,6.92172,0.00172,False,9.992458522,34.99245852,False,2016.0,20.41,4.32,True,29.93630573,6.11,60.18518519,38.29479769,134.1040462,6.162425932,5,247.23,57.44858836,True,True,26.09351432880845,0.006485671191551745,False
2018,Micron,MU,USA,country,False,idm_memory,IDM,Smart automobile expansion,False,2010,8,30.14,32.2,9.71,3.01,10.55,9.70508,0.00492,False,9.9867286,35.00331785,False,2017.0,26.52,6.92,True,13.65007541,3.62,40.31791908,30.99897013,108.6508754,6.329273415,5,274.37,57.61654767,True,True,32.21632382216324,-0.016323822163236912,False
2019,Micron,MU,USA,country,False,idm_memory,IDM,Smart automobile expansion,False,2010,9,25.66,38.6,9.9,2.57,8.98,9.90476,0.00476,False,10.01558846,34.99610288,False,2018.0,30.14,9.71,True,-14.86396815,-4.48,1.956745623,25.95959596,90.70707071,5.183314817,5,273.07,55.16008484,True,True,38.58144972720187,0.018550272798130152,False
2020,Micron,MU,USA,country,False,idm_memory,IDM,Smart automobile expansion,False,2010,10,20.26,38.0,7.69,2.03,7.09,7.6988,0.0088,False,10.01974334,34.99506417,False,2019.0,25.66,9.9,True,-21.04442712,-5.4,-22.32323232,26.39791938,92.1976593,4.022315313,7,258.64,51.34904405,True,True,37.95656465942744,0.04343534057255738,False
2021,Micron,MU,USA,country,False,idm_memory,IDM,Smart automobile expansion,False,2010,11,24.59,35.5,8.73,2.46,8.61,8.72945,0.00055,False,10.00406669,35.01423343,False,2020.0,20.26,7.69,True,21.3721619,4.33,13.52405722,28.17869416,98.62542955,4.077740743,7,285.1,47.2779132,True,True,35.502236681577884,-0.0022366815778838145,False
2022,Micron,MU,USA,country,False,idm_memory,IDM,Transition Year,False,2010,12,32.09,41.3,13.26,3.21,11.23,13.25317,0.00683,False,10.00311624,34.99532565,False,2021.0,24.59,8.73,True,30.50020333,7.5,51.89003436,24.2081448,84.6907994,4.600980701,7,317.07,45.46067158,True,True,41.32128388906201,-0.02128388906201195,False
2023,Micron,MU,USA,country,False,idm_memory,IDM,AI expansion,False,2010,13,15.17,20.6,3.13,1.52,5.31,3.12502,0.00498,False,10.01977587,35.00329598,False,2022.0,32.09,13.26,True,-52.72670614,-16.92,-76.39517345,48.56230032,169.6485623,2.318331168,15,256.74,39.23588294,True,True,20.63282794990112,-0.032827949901118814,False
2024,Micron,MU,USA,country,False,idm_memory,IDM,AI expansion,False,2010,14,22.96,28.4,6.52,2.3,8.04,6.52064,0.00064,False,10.0174216,35.0174216,False,2023.0,15.17,3.13,True,51.35135135,7.79,108.3067093,35.27607362,123.3128834,2.771239937,11,301.22,36.35683335,True,True,28.397212543554005,0.0027874564459935414,False
2015,NVIDIA,NVDA,USA,country,False,fabless_gpu,Fabless,Smart automobile expansion,False,2010,5,5.2,55.7,2.89,1.3,0.1,2.8964,0.0064,False,25.0,1.923076923,False,2014.0,4.68,2.62,True,11.11111111,0.52,10.30534351,44.98269896,3.460207612,1.66923472,18,56.49,18.13366718,True,True,55.57692307692308,0.12307692307692264,True
2016,NVIDIA,NVDA,USA,country,False,fabless_gpu,Fabless,Smart automobile expansion,False,2010,6,6.49,58.3,3.78,1.62,0.13,3.78367,0.00367,False,24.9614792,2.003081664,False,2015.0,5.2,2.89,True,24.80769231,1.29,30.79584775,42.85714286,3.439153439,1.757521597,19,61.02,16.52449427,True,True,58.24345146379044,0.056548536209554356,True
2017,NVIDIA,NVDA,USA,country,False,fabless_gpu,Fabless,Smart automobile expansion,False,2010,7,8.24,59.6,4.91,2.06,0.16,4.91104,0.00104,False,25.0,1.941747573,False,2016.0,6.49,3.78,True,26.96456086,1.75,29.89417989,41.95519348,3.258655804,1.914720576,15,71.42,16.59579412,True,True,59.5873786407767,0.012621359223302875,True
2018,NVIDIA,NVDA,USA,country,False,fabless_gpu,Fabless,Smart automobile expansion,False,2010,8,9.75,51.3,5.01,2.44,0.2,5.00175,0.00825,False,25.02564103,2.051282051,False,2017.0,8.24,4.91,True,18.32524272,1.51,2.036659878,48.70259481,3.992015968,2.047459051,14,77.11,16.19277614,True,True,51.38461538461539,-0.08461538461538964,True
2019,NVIDIA,NVDA,USA,country,False,fabless_gpu,Fabless,Smart automobile expansion,False,2010,9,12.67,60.0,7.6,3.17,0.25,7.602,0.002,False,25.01973165,1.973164957,False,2018.0,9.75,5.01,True,29.94871795,2.92,51.69660679,41.71052632,3.289473684,2.559337441,12,88.03,17.78204222,True,True,59.98421468034727,0.015785319652728447,True
2020,NVIDIA,NVDA,USA,country,False,fabless_gpu,Fabless,Smart automobile expansion,False,2010,10,17.59,54.5,9.58,4.4,0.35,9.58655,0.00655,False,25.01421262,1.989766913,False,2019.0,12.67,7.6,True,38.83188635,4.92,26.05263158,45.92901879,3.653444676,3.492227362,8,99.9,19.83362783,True,True,54.46276293348493,0.03723706651506831,True
2021,NVIDIA,NVDA,USA,country,False,fabless_gpu,Fabless,Smart automobile expansion,False,2010,11,21.6,59.4,12.83,5.4,0.43,12.8304,0.0004,False,25.0,1.990740741,False,2020.0,17.59,9.58,True,22.79704377,4.01,33.92484342,42.08885425,3.351519875,3.581911348,9,127.36,21.12001061,True,True,59.398148148148145,0.0018518518518533256,True
2022,NVIDIA,NVDA,USA,country,False,fabless_gpu,Fabless,Transition Year,False,2010,12,26.12,52.3,13.66,6.53,0.52,13.66076,0.00076,False,25.0,1.990811639,False,2021.0,21.6,12.83,True,20.92592593,4.52,6.469212783,47.80380673,3.806734993,3.745017635,9,154.83,22.19912253,True,True,52.29709035222052,0.002909647779475222,True
2023,NVIDIA,NVDA,USA,country,False,fabless_gpu,Fabless,AI expansion,False,2010,13,62.09,58.8,36.52,15.52,1.24,36.50892,0.01108,False,24.99597359,1.997100982,False,2022.0,26.12,13.66,True,137.7105666,35.97,167.3499268,42.49726177,3.395399781,9.488805685,2,177.4,27.11087339,True,True,58.817845063617334,-0.01784506361733662,True
2024,NVIDIA,NVDA,USA,country,False,fabless_gpu,Fabless,AI expansion,False,2010,14,130.48,59.5,77.65,32.62,2.61,77.6356,0.0144,False,25.0,2.00030656,False,2023.0,62.09,36.52,True,110.1465614,68.39,112.6232202,42.00901481,3.361236317,15.74875379,1,284.01,34.27961038,True,True,59.51103617412631,-0.011036174126310527,True
2015,NXP Semiconductors,NXPI,NLD,country,False,idm_automotive,IDM,Smart automobile expansion,False,2010,5,5.94,20.5,1.22,0.71,0.89,1.2177,0.0023,False,11.95286195,14.98316498,False,2014.0,5.86,1.23,True,1.365187713,0.08,-0.81300813,58.19672131,72.95081967,1.906779661,16,172.79,55.46674371,True,True,20.538720538720536,-0.03872053872053627,False
2016,NXP Semiconductors,NXPI,NLD,country,False,idm_automotive,IDM,Smart automobile expansion,False,2010,6,7.47,19.0,1.42,0.9,1.12,1.4193,0.0007,False,12.04819277,14.99330656,False,2015.0,5.94,1.22,True,25.75757576,1.53,16.39344262,63.38028169,78.87323944,2.022910066,13,211.93,57.39161047,True,True,19.009370816599734,-0.009370816599734155,False
2017,NXP Semiconductors,NXPI,NLD,country,False,idm_automotive,IDM,Smart automobile expansion,False,2010,7,7.89,19.9,1.57,0.95,1.18,1.57011,0.00011,False,12.04055767,14.95564005,False,2016.0,7.47,1.42,True,5.62248996,0.42,10.56338028,60.50955414,75.15923567,1.833391426,17,247.23,57.44858836,True,True,19.89860583016477,0.0013941698352297749,False
2018,NXP Semiconductors,NXPI,NLD,country,False,idm_automotive,IDM,Smart automobile expansion,False,2010,8,9.15,19.0,1.74,1.1,1.37,1.7385,0.0015,False,12.02185792,14.9726776,False,2017.0,7.89,1.57,True,15.96958175,1.26,10.82802548,63.2183908,78.73563218,1.921461571,16,274.37,57.61654767,True,True,19.01639344262295,-0.01639344262294884,False
2019,NXP Semiconductors,NXPI,NLD,country,False,idm_automotive,IDM,Smart automobile expansion,False,2010,9,8.98,14.9,1.34,1.08,1.35,1.33802,0.00198,False,12.02672606,15.03340757,False,2018.0,9.15,1.74,True,-1.857923497,-0.17,-22.98850575,80.59701493,100.7462687,1.813958186,18,273.07,55.16008484,True,True,14.92204899777283,-0.022048997772829537,False
2020,NXP Semiconductors,NXPI,NLD,country,False,idm_automotive,IDM,Smart automobile expansion,False,2010,10,8.19,21.4,1.76,0.98,1.23,1.75266,0.00734,False,11.96581197,15.01831502,False,2019.0,8.98,1.34,True,-8.797327394,-0.79,31.34328358,55.68181818,69.88636364,1.626000119,19,258.64,51.34904405,True,True,21.48962148962149,-0.08962148962149286,False
2021,NXP Semiconductors,NXPI,NLD,country,False,idm_automotive,IDM,Smart automobile expansion,False,2010,11,10.73,12.3,1.32,1.29,1.61,1.31979,0.00021,False,12.02236719,15.00465983,False,2020.0,8.19,1.76,True,31.01343101,2.54,-25.0,97.72727273,121.969697,1.779347628,19,285.1,47.2779132,True,True,12.301957129543336,-0.0019571295433351565,False
2022,NXP Semiconductors,NXPI,NLD,country,False,idm_automotive,IDM,Transition Year,False,2010,12,13.51,20.8,2.81,1.62,2.03,2.81008,8e-05,False,11.99111769,15.02590674,False,2021.0,10.73,1.32,True,25.90866729,2.78,112.8787879,57.65124555,72.24199288,1.937028647,19,317.07,45.46067158,True,True,20.799407846039973,0.0005921539600279857,False
2023,NXP Semiconductors,NXPI,NLD,country,False,idm_automotive,IDM,AI expansion,False,2010,13,13.02,6.0,0.79,1.56,1.95,0.7812,0.0088,False,11.98156682,14.97695853,False,2022.0,13.51,2.81,True,-3.626943005,-0.49,-71.886121,197.4683544,246.835443,1.989760831,18,256.74,39.23588294,True,True,6.067588325652842,-0.06758832565284223,False
2024,NXP Semiconductors,NXPI,NLD,country,False,idm_automotive,IDM,AI expansion,False,2010,14,12.92,21.0,2.72,1.55,1.94,2.7132,0.0068,False,11.99690402,15.01547988,False,2023.0,13.02,0.79,True,-0.768049155,-0.1,244.3037975,56.98529412,71.32352941,1.559425957,18,301.22,36.35683335,True,True,21.05263157894737,-0.05263157894736992,False
2015,Onsemi,ON,USA,country,False,idm_power,IDM,Smart automobile expansion,False,2010,5,3.57,26.3,0.94,0.43,0.36,0.93891,0.00109,False,12.04481793,10.08403361,False,2014.0,3.17,0.87,True,12.61829653,0.4,8.045977011,45.74468085,38.29787234,1.145993837,24,172.79,55.46674371,True,True,26.330532212885156,-0.03053221288515573,False
2016,Onsemi,ON,USA,country,False,idm_power,IDM,Smart automobile expansion,False,2010,6,4.46,26.9,1.2,0.54,0.45,1.19974,0.00026,False,12.10762332,10.0896861,False,2015.0,3.57,0.94,True,24.92997199,0.89,27.65957447,45.0,37.5,1.207788339,24,211.93,57.39161047,True,True,26.905829596412556,-0.005829596412556981,False
2017,Onsemi,ON,USA,country,False,idm_power,IDM,Smart automobile expansion,False,2010,7,5.21,26.9,1.4,0.63,0.52,1.40149,0.00149,False,12.09213052,9.980806142,False,2016.0,4.46,1.2,True,16.8161435,0.75,16.66666667,45.0,37.14285714,1.2106425,23,247.23,57.44858836,True,True,26.871401151631474,0.028598848368524443,False
2018,Onsemi,ON,USA,country,False,idm_power,IDM,Smart automobile expansion,False,2010,8,5.96,19.6,1.17,0.72,0.6,1.16816,0.00184,False,12.08053691,10.06711409,False,2017.0,5.21,1.4,True,14.39539347,0.75,-16.42857143,61.53846154,51.28205128,1.251574969,24,274.37,57.61654767,True,True,19.630872483221477,-0.030872483221475733,False
2019,Onsemi,ON,USA,country,False,idm_power,IDM,Smart automobile expansion,False,2010,9,5.61,23.3,1.31,0.67,0.56,1.30713,0.00287,False,11.942959,9.982174688,False,2018.0,5.96,1.17,True,-5.872483221,-0.35,11.96581197,51.14503817,42.7480916,1.133218867,23,273.07,55.16008484,True,True,23.351158645276293,-0.05115864527629199,False
2020,Onsemi,ON,USA,country,False,idm_power,IDM,Smart automobile expansion,False,2010,10,5.1,30.0,1.53,0.61,0.51,1.53,0.0,False,11.96078431,10.0,False,2019.0,5.61,1.31,True,-9.090909091,-0.51,16.79389313,39.86928105,33.33333333,1.012527547,25,258.64,51.34904405,True,True,30.000000000000004,-3.552713678800501e-15,False
2021,Onsemi,ON,USA,country,False,idm_power,IDM,Smart automobile expansion,False,2010,11,7.16,29.1,2.08,0.86,0.72,2.08356,0.00356,False,12.01117318,10.05586592,False,2020.0,5.1,1.53,True,40.39215686,2.06,35.94771242,41.34615385,34.61538462,1.18733728,24,285.1,47.2779132,True,True,29.05027932960894,0.04972067039106065,False
2022,Onsemi,ON,USA,country,False,idm_power,IDM,Transition Year,False,2010,12,8.36,29.1,2.43,1.0,0.84,2.43276,0.00276,False,11.96172249,10.04784689,False,2021.0,7.16,2.08,True,16.75977654,1.2,16.82692308,41.15226337,34.56790123,1.198635047,24,317.07,45.46067158,True,True,29.06698564593302,0.03301435406698161,False
2023,Onsemi,ON,USA,country,False,idm_power,IDM,AI expansion,False,2010,13,8.3,25.6,2.13,1.0,0.83,2.1248,0.0052,False,12.04819277,10.0,False,2022.0,8.36,2.43,True,-0.717703349,-0.06,-12.34567901,46.94835681,38.96713615,1.268434324,23,256.74,39.23588294,True,True,25.662650602409638,-0.06265060240963649,False
2024,Onsemi,ON,USA,country,False,idm_power,IDM,AI expansion,False,2010,14,6.87,26.2,1.8,0.82,0.69,1.79994,6e-05,False,11.93595342,10.04366812,False,2023.0,8.3,2.13,True,-17.22891566,-1.43,-15.49295775,45.55555556,38.33333333,0.829199406,26,301.22,36.35683335,True,True,26.200873362445414,-0.0008733624454144717,False
2015,Qualcomm,QCOM,USA,country,False,fabless_mobile,Fabless,Smart automobile expansion,False,2010,5,27.28,26.5,7.22,3.27,2.73,7.2292,0.0092,False,11.98680352,10.00733138,False,2014.0,21.48,7.63,True,27.0018622,5.8,-5.373525557,45.29085873,37.81163435,8.757062147,4,56.49,18.13366718,True,True,26.466275659824046,0.03372434017595438,False
2016,Qualcomm,QCOM,USA,country,False,fabless_mobile,Fabless,Smart automobile expansion,False,2010,6,23.97,31.0,7.44,2.88,2.4,7.4307,0.0093,False,12.01501877,10.01251564,False,2015.0,27.28,7.22,True,-12.13343109,-3.31,3.047091413,38.70967742,32.25806452,6.491185312,4,61.02,16.52449427,True,True,31.038798498122656,-0.0387984981226559,False
2017,Qualcomm,QCOM,USA,country,False,fabless_mobile,Fabless,Smart automobile expansion,False,2010,7,24.72,27.0,6.68,2.97,2.47,6.6744,0.0056,False,12.01456311,9.991909385,False,2016.0,23.97,7.44,True,3.128911139,0.75,-10.21505376,44.46107784,36.9760479,5.744161729,6,71.42,16.59579412,True,True,27.02265372168285,-0.022653721682850403,False
2018,Qualcomm,QCOM,USA,country,False,fabless_mobile,Fabless,Smart automobile expansion,False,2010,8,22.53,32.3,7.29,2.7,2.25,7.27719,0.01281,False,11.9840213,9.986684421,False,2017.0,24.72,6.68,True,-8.859223301,-2.19,9.131736527,37.03703704,30.86419753,4.731205376,6,77.11,16.19277614,True,True,32.35685752330226,-0.05685752330226279,False
2019,Qualcomm,QCOM,USA,country,False,fabless_mobile,Fabless,Smart automobile expansion,False,2010,9,23.4,28.9,6.76,2.81,2.34,6.7626,0.0026,False,12.00854701,10.0,False,2018.0,22.53,7.29,True,3.861517976,0.87,-7.270233196,41.56804734,34.61538462,4.726795273,6,88.03,17.78204222,True,True,28.888888888888893,0.011111111111105743,False
2020,Qualcomm,QCOM,USA,country,False,fabless_mobile,Fabless,Smart automobile expansion,False,2010,10,23.41,25.9,6.06,2.81,2.34,6.06319,0.00319,False,12.00341734,9.995728321,False,2019.0,23.4,6.76,True,0.042735043,0.01,-10.35502959,46.36963696,38.61386139,4.647699974,6,99.9,19.83362783,True,True,25.886373344724472,0.013626655275526645,False
2021,Qualcomm,QCOM,USA,country,False,fabless_mobile,Fabless,Smart automobile expansion,False,2010,11,33.61,29.2,9.81,4.03,3.36,9.81412,0.00412,False,11.99047902,9.997024695,False,2020.0,23.41,6.06,True,43.57112345,10.2,61.88118812,41.08053007,34.25076453,5.573520389,4,127.36,21.12001061,True,True,29.18774174352871,0.012258256471287865,False
2022,Qualcomm,QCOM,USA,country,False,fabless_mobile,Fabless,Transition Year,False,2010,12,44.51,28.3,12.61,5.34,4.45,12.59633,0.01367,False,11.99730398,9.997753314,False,2021.0,33.61,9.81,True,32.43082416,10.9,28.54230377,42.34734338,35.28945282,6.381727984,4,154.83,22.19912253,True,True,28.33071219950573,-0.030712199505728677,False
2023,Qualcomm,QCOM,USA,country,False,fabless_mobile,Fabless,AI expansion,False,2010,13,36.31,23.0,8.37,4.36,3.63,8.3513,0.0187,False,12.00771137,9.997245938,False,2022.0,44.51,12.61,True,-18.42282633,-8.2,-33.62410785,52.09080048,43.36917563,5.54901811,5,177.4,27.11087339,True,True,23.051500963921782,-0.05150096392178227,False
2024,Qualcomm,QCOM,USA,country,False,fabless_mobile,Fabless,AI expansion,False,2010,14,39.18,31.1,12.17,4.7,3.92,12.18498,0.01498,False,11.99591628,10.00510465,False,2023.0,36.31,8.37,True,7.904158634,2.87,45.40023895,38.61955629,32.21035333,4.728971286,7,284.01,34.27961038,True,True,31.0617662072486,0.03823379275140226,False
2015,Renesas,6723,JPN,country,False,idm_automotive,IDM,Smart automobile expansion,False,2010,5,7.07,19.3,1.36,0.85,1.06,1.36451,0.00451,False,12.02263083,14.99292786,False,2014.0,7.89,1.48,True,-10.39290241,-0.82,-8.108108108,62.5,77.94117647,2.269517206,10,172.79,55.46674371,True,True,19.236209335219236,0.06379066478076467,False
2016,Renesas,6723,JPN,country,False,idm_automotive,IDM,Smart automobile expansion,False,2010,6,7.2,13.2,0.95,0.86,1.08,0.9504,0.0004,False,11.94444444,15.0,False,2015.0,7.07,1.36,True,1.838755304,0.13,-30.14705882,90.52631579,113.6842105,1.949792835,16,211.93,57.39161047,True,True,13.194444444444445,0.005555555555554648,False
2017,Renesas,6723,JPN,country,False,idm_automotive,IDM,Smart automobile expansion,False,2010,7,6.83,17.7,1.21,0.82,1.02,1.20891,0.00109,False,12.00585652,14.9341142,False,2016.0,7.2,0.95,True,-5.138888889,-0.37,27.36842105,67.76859504,84.29752066,1.587080283,19,247.23,57.44858836,True,True,17.71595900439239,-0.015959004392389176,False
2018,Renesas,6723,JPN,country,False,idm_automotive,IDM,Smart automobile expansion,False,2010,8,6.53,17.1,1.12,0.78,0.98,1.11663,0.00337,False,11.94486983,15.00765697,False,2017.0,6.83,1.21,True,-4.39238653,-0.3,-7.438016529,69.64285714,87.5,1.371272575,20,274.37,57.61654767,True,True,17.151607963246555,-0.05160796324655337,False
2019,Renesas,6723,JPN,country,False,idm_automotive,IDM,Smart automobile expansion,False,2010,9,6.62,19.4,1.28,0.79,0.99,1.28428,0.00428,False,11.93353474,14.95468278,False,2018.0,6.53,1.12,True,1.378254211,0.09,14.28571429,61.71875,77.34375,1.337238663,21,273.07,55.16008484,True,True,19.335347432024168,0.06465256797583052,False
2020,Renesas,6723,JPN,country,False,idm_automotive,IDM,Smart automobile expansion,False,2010,10,6.82,19.3,1.31,0.82,1.02,1.31626,0.00626,False,12.02346041,14.95601173,False,2019.0,6.62,1.28,True,3.021148036,0.2,2.34375,62.59541985,77.86259542,1.354007425,20,258.64,51.34904405,True,True,19.208211143695014,0.09178885630498712,False
2021,Renesas,6723,JPN,country,False,idm_automotive,IDM,Smart automobile expansion,False,2010,11,8.53,19.8,1.69,1.02,1.28,1.68894,0.00106,False,11.95779601,15.00586166,False,2020.0,6.82,1.31,True,25.07331378,1.71,29.00763359,60.35502959,75.73964497,1.414523324,21,285.1,47.2779132,True,True,19.812426729191092,-0.012426729191091113,False
2022,Renesas,6723,JPN,country,False,idm_automotive,IDM,Transition Year,False,2010,12,11.35,17.1,1.94,1.36,1.7,1.94085,0.00085,False,11.98237885,14.97797357,False,2021.0,8.53,1.69,True,33.05978898,2.82,14.79289941,70.10309278,87.62886598,1.627333467,21,317.07,45.46067158,True,True,17.09251101321586,0.0074889867841427815,False
2023,Renesas,6723,JPN,country,False,idm_automotive,IDM,AI expansion,False,2010,13,10.31,11.7,1.2,1.24,1.55,1.20627,0.00627,False,12.0271581,15.03394762,False,2022.0,11.35,1.94,True,-9.162995595,-1.04,-38.1443299,103.3333333,129.1666667,1.575609383,21,256.74,39.23588294,True,True,11.639185257032008,0.06081474296799172,False
2024,Renesas,6723,JPN,country,False,idm_automotive,IDM,AI expansion,False,2010,14,9.34,21.9,2.05,1.12,1.4,2.04546,0.00454,False,11.99143469,14.98929336,False,2023.0,10.31,1.2,True,-9.408341416,-0.97,70.83333333,54.63414634,68.29268293,1.127324957,22,301.22,36.35683335,True,True,21.948608137044967,-0.04860813704496891,False
2015,SCREEN Holdings,7735,JPN,country,False,equipment_cleaning,Equipment,Smart automobile expansion,False,2010,5,2.23,19.7,0.44,0.27,0.22,0.43931,0.00069,False,12.10762332,9.865470852,False,2014.0,2.31,0.47,True,-3.463203463,-0.08,-6.382978723,61.36363636,50.0,0.71584489,29,31.93,10.24974319,True,True,19.730941704035875,-0.03094170403587526,False
2016,SCREEN Holdings,7735,JPN,country,False,equipment_cleaning,Equipment,Smart automobile expansion,False,2010,6,2.5,15.9,0.4,0.3,0.25,0.3975,0.0025,False,12.0,10.0,False,2015.0,2.23,0.44,True,12.10762332,0.27,-9.090909091,75.0,62.5,0.677011401,31,40.64,11.00549733,True,True,16.0,-0.09999999999999964,False
2017,SCREEN Holdings,7735,JPN,country,False,equipment_cleaning,Equipment,Smart automobile expansion,False,2010,7,2.68,17.8,0.48,0.32,0.27,0.47704,0.00296,False,11.94029851,10.07462687,False,2016.0,2.5,0.4,True,7.2,0.18,20.0,66.66666667,56.25,0.622748925,30,50.03,11.62542117,True,True,17.91044776119403,-0.11044776119402755,False
2018,SCREEN Holdings,7735,JPN,country,False,equipment_cleaning,Equipment,Smart automobile expansion,False,2010,8,2.98,20.1,0.6,0.36,0.3,0.59898,0.00102,False,12.08053691,10.06711409,False,2017.0,2.68,0.48,True,11.19402985,0.3,25.0,60.0,50.0,0.625787484,29,57.62,12.099958,True,True,20.13422818791946,-0.03422818791946014,False
2019,SCREEN Holdings,7735,JPN,country,False,equipment_cleaning,Equipment,Smart automobile expansion,False,2010,9,2.78,19.7,0.55,0.33,0.28,0.54766,0.00234,False,11.8705036,10.07194245,False,2018.0,2.98,0.6,True,-6.711409396,-0.2,-8.333333333,60.0,50.90909091,0.561559438,30,59.07,11.93212807,True,True,19.784172661870507,-0.08417266187050743,False
2020,SCREEN Holdings,7735,JPN,country,False,equipment_cleaning,Equipment,Smart automobile expansion,False,2010,10,2.72,21.9,0.59,0.33,0.27,0.59568,0.00568,False,12.13235294,9.926470588,False,2019.0,2.78,0.55,True,-2.158273381,-0.06,7.272727273,55.93220339,45.76271186,0.540014692,30,63.11,12.52953205,True,True,21.691176470588232,0.20882352941176663,False
2021,SCREEN Holdings,7735,JPN,country,False,equipment_cleaning,Equipment,Smart automobile expansion,False,2010,11,3.2,16.9,0.54,0.38,0.32,0.5408,0.0008,False,11.875,10.0,False,2020.0,2.72,0.59,True,17.64705882,0.48,-8.474576271,70.37037037,59.25925926,0.530653533,32,81.85,13.5731224,True,True,16.875,0.02499999999999858,False
2022,SCREEN Holdings,7735,JPN,country,False,equipment_cleaning,Equipment,Transition Year,False,2010,12,4.03,18.8,0.76,0.48,0.4,0.75764,0.00236,False,11.91066998,9.925558313,False,2021.0,3.2,0.54,True,25.9375,0.83,40.74074074,63.15789474,52.63157895,0.577810914,30,97.26,13.94488573,True,True,18.858560794044664,-0.058560794044662856,False
2023,SCREEN Holdings,7735,JPN,country,False,equipment_cleaning,Equipment,AI expansion,False,2010,13,4.22,21.3,0.9,0.51,0.42,0.89886,0.00114,False,12.08530806,9.952606635,False,2022.0,4.03,0.76,True,4.714640199,0.19,18.42105263,56.66666667,46.66666667,0.644914801,31,104.75,16.00825246,True,True,21.32701421800948,-0.027014218009480118,False
2024,SCREEN Holdings,7735,JPN,country,False,equipment_cleaning,Equipment,AI expansion,False,2010,14,4.26,15.4,0.66,0.51,0.43,0.65604,0.00396,False,11.97183099,10.09389671,False,2023.0,4.22,0.9,True,0.947867299,0.04,-26.66666667,77.27272727,65.15151515,0.514176051,34,101.83,12.2907388,True,True,15.492957746478876,-0.09295774647887534,False
2015,SK Hynix,660,KOR,country,False,idm_memory,IDM,Smart automobile expansion,False,2010,5,17.49,20.5,3.58,1.75,6.12,3.58545,0.00545,False,10.00571755,34.99142367,False,2014.0,15.24,1.84,True,14.76377953,2.25,94.56521739,48.88268156,170.9497207,5.61440678,5,172.79,55.46674371,True,True,20.468839336763867,0.031160663236132535,False
2016,SK Hynix,660,KOR,country,False,idm_memory,IDM,Smart automobile expansion,False,2010,6,22.88,19.6,4.49,2.29,8.01,4.48448,0.00552,False,10.00874126,35.00874126,False,2015.0,17.49,3.58,True,30.81761006,5.39,25.41899441,51.00222717,178.3964365,6.196008341,5,211.93,57.39161047,True,True,19.624125874125873,-0.02412587412587186,False
2017,SK Hynix,660,KOR,country,False,idm_memory,IDM,Smart automobile expansion,False,2010,7,30.12,22.5,6.77,3.01,10.54,6.777,0.007,False,9.993359894,34.99335989,False,2016.0,22.88,4.49,True,31.64335664,7.24,50.77951002,44.46085672,155.6868538,6.998954339,4,247.23,57.44858836,True,True,22.476759628154046,0.0232403718459544,False
2018,SK Hynix,660,KOR,country,False,idm_memory,IDM,Smart automobile expansion,False,2010,8,35.86,30.8,11.03,3.59,12.55,11.04488,0.01488,False,10.01115449,34.99721138,False,2017.0,30.12,6.77,True,19.05710491,5.74,62.92466765,32.54759746,113.7805984,7.530449391,3,274.37,57.61654767,True,True,30.758505298382598,0.04149470161740254,False
2019,SK Hynix,660,KOR,country,False,idm_memory,IDM,Smart automobile expansion,False,2010,9,32.3,33.3,10.74,3.23,11.31,10.7559,0.0159,False,10.0,35.01547988,False,2018.0,35.86,11.03,True,-9.927495817,-3.56,-2.62919311,30.0744879,105.3072626,6.524593475,4,273.07,55.16008484,True,True,33.25077399380805,0.04922600619194384,False
2020,SK Hynix,660,KOR,country,False,idm_memory,IDM,Smart automobile expansion,False,2010,10,27.17,32.8,8.9,2.72,9.51,8.91176,0.01176,False,10.01104159,35.00184026,False,2019.0,32.3,10.74,True,-15.88235294,-5.13,-17.13221601,30.56179775,106.8539326,5.394190871,4,258.64,51.34904405,True,True,32.756716967243285,0.04328303275671175,False
2021,SK Hynix,660,KOR,country,False,idm_memory,IDM,Smart automobile expansion,False,2010,11,30.7,38.6,11.86,3.07,10.75,11.8502,0.0098,False,10.0,35.01628664,False,2020.0,27.17,8.9,True,12.99227089,3.53,33.25842697,25.88532884,90.64080944,5.090957332,5,285.1,47.2779132,True,True,38.63192182410423,-0.03192182410423072,False
2022,SK Hynix,660,KOR,country,False,idm_memory,IDM,Transition Year,False,2010,12,34.69,44.5,15.42,3.47,12.14,15.43705,0.01705,False,10.00288268,34.99567599,False,2021.0,30.7,11.86,True,12.99674267,3.99,30.01686341,22.50324254,78.72892348,4.973761936,5,317.07,45.46067158,True,True,44.45085038916115,0.049149610838853164,False
2023,SK Hynix,660,KOR,country,False,idm_memory,IDM,AI expansion,False,2010,13,25.33,22.2,5.63,2.53,8.86,5.62326,0.00674,False,9.988156336,34.97828662,False,2022.0,34.69,15.42,True,-26.98183915,-9.36,-63.48897536,44.93783304,157.3712256,3.87101704,9,256.74,39.23588294,True,True,22.226608764311095,-0.02660876431109571,False
2024,SK Hynix,660,KOR,country,False,idm_memory,IDM,AI expansion,False,2010,14,51.53,28.8,14.84,5.15,18.04,14.84064,0.00064,False,9.994178149,35.00873278,False,2023.0,25.33,5.63,True,103.4346625,26.2,163.5879218,34.70350404,121.5633423,6.219599039,6,301.22,36.35683335,True,True,28.798758005045606,0.0012419949543946984,False
2015,SMIC,981,CHN,country,False,foundry,Foundry,Smart automobile expansion,False,2010,5,2.16,39.6,0.85,0.17,0.97,0.85536,0.00536,False,7.87037037,44.90740741,False,2014.0,2.03,0.79,True,6.403940887,0.13,7.594936709,20.0,114.1176471,0.693374422,30,46.3,14.86260914,True,True,39.35185185185185,0.24814814814815378,False
2016,SMIC,981,CHN,country,False,foundry,Foundry,Smart automobile expansion,False,2010,6,2.68,40.5,1.09,0.21,1.21,1.0854,0.0046,False,7.835820896,45.14925373,False,2015.0,2.16,0.85,True,24.07407407,0.52,28.23529412,19.26605505,111.0091743,0.725756222,28,51.36,13.90852222,True,True,40.67164179104478,-0.1716417910447774,False
2017,SMIC,981,CHN,country,False,foundry,Foundry,Smart automobile expansion,False,2010,7,2.99,36.9,1.1,0.24,1.34,1.10331,0.00331,False,8.026755853,44.81605351,False,2016.0,2.68,1.09,True,11.56716418,0.31,0.917431193,21.81818182,121.8181818,0.694783316,28,56.93,13.22876728,True,True,36.78929765886287,0.11070234113712729,False
2018,SMIC,981,CHN,country,False,foundry,Foundry,Smart automobile expansion,False,2010,8,3.23,38.5,1.25,0.26,1.46,1.24355,0.00645,False,8.049535604,45.20123839,False,2017.0,2.99,1.1,True,8.026755853,0.24,13.63636364,20.8,116.8,0.678286434,27,61.88,12.99454011,True,True,38.69969040247678,-0.19969040247678294,False
2019,SMIC,981,CHN,country,False,foundry,Foundry,Smart automobile expansion,False,2010,9,3.64,45.3,1.65,0.29,1.64,1.64892,0.00108,False,7.967032967,45.05494505,False,2018.0,3.23,1.25,True,12.69349845,0.41,32.0,17.57575758,99.39393939,0.735279265,28,69.02,13.94202606,True,True,45.32967032967032,-0.029670329670324236,False
2020,SMIC,981,CHN,country,False,foundry,Foundry,Smart automobile expansion,False,2010,10,3.92,42.9,1.68,0.31,1.76,1.68168,0.00168,False,7.908163265,44.89795918,False,2019.0,3.64,1.65,True,7.692307692,0.28,1.818181818,18.45238095,104.7619048,0.778256467,27,75.64,15.01717326,True,True,42.857142857142854,0.04285714285714448,False
2021,SMIC,981,CHN,country,False,foundry,Foundry,Smart automobile expansion,False,2010,11,5.52,36.4,2.01,0.44,2.48,2.00928,0.00072,False,7.971014493,44.92753623,False,2020.0,3.92,1.68,True,40.81632653,1.6,19.64285714,21.89054726,123.3830846,0.915377344,28,101.05,16.7570436,True,True,36.41304347826087,-0.013043478260868824,False
2022,SMIC,981,CHN,country,False,foundry,Foundry,Transition Year,False,2010,12,7.09,37.8,2.68,0.57,3.19,2.68002,2e-05,False,8.039492243,44.99294781,False,2021.0,5.52,2.01,True,28.44202899,1.57,33.33333333,21.26865672,119.0298507,1.016545752,26,119.96,17.19955266,True,True,37.79971791255289,0.00028208744710411793,False
2023,SMIC,981,CHN,country,False,foundry,Foundry,AI expansion,False,2010,13,6.72,37.5,2.52,0.54,3.02,2.52,0.0,False,8.035714286,44.94047619,False,2022.0,7.09,2.68,True,-5.218617772,-0.37,-5.970149254,21.42857143,119.8412698,1.026973332,27,105.72,16.15649117,True,True,37.5,0.0,False
2024,SMIC,981,CHN,country,False,foundry,Foundry,AI expansion,False,2010,14,8.2,37.3,3.06,0.66,3.69,3.0586,0.0014,False,8.048780488,45.0,False,2023.0,6.72,2.52,True,22.02380952,1.48,21.42857143,21.56862745,120.5882353,0.989728549,24,131.07,15.81996596,True,True,37.31707317073171,-0.017073170731713105,False
2015,STMicroelectronics,STM,EUR,region,True,idm_diversified,IDM,Smart automobile expansion,False,2010,5,7.06,18.1,1.28,0.85,0.71,1.27786,0.00214,False,12.03966006,10.05665722,False,2014.0,7.56,1.52,True,-6.613756614,-0.5,-15.78947368,66.40625,55.46875,2.266307139,11,172.79,55.46674371,True,True,18.13031161473088,-0.030311614730877068,False
2016,STMicroelectronics,STM,EUR,region,True,idm_diversified,IDM,Smart automobile expansion,False,2010,6,7.98,18.4,1.47,0.96,0.8,1.46832,0.00168,False,12.03007519,10.02506266,False,2015.0,7.06,1.28,True,13.03116147,0.92,14.84375,65.30612245,54.42176871,2.161020392,12,211.93,57.39161047,True,True,18.421052631578945,-0.021052631578946546,False
2017,STMicroelectronics,STM,EUR,region,True,idm_diversified,IDM,Smart automobile expansion,False,2010,7,8.63,24.1,2.08,1.04,0.86,2.07983,0.00017,False,12.05098494,9.965237543,False,2016.0,7.98,1.47,True,8.145363409,0.65,41.49659864,50.0,41.34615385,2.005344487,14,247.23,57.44858836,True,True,24.10196987253766,-0.0019698725376571247,False
2018,STMicroelectronics,STM,EUR,region,True,idm_diversified,IDM,Smart automobile expansion,False,2010,8,9.3,12.8,1.19,1.12,0.93,1.1904,0.0004,False,12.04301075,10.0,False,2017.0,8.63,2.08,True,7.763615295,0.67,-42.78846154,94.11764706,78.1512605,1.952960941,15,274.37,57.61654767,True,True,12.79569892473118,0.004301075268820398,False
2019,STMicroelectronics,STM,EUR,region,True,idm_diversified,IDM,Smart automobile expansion,False,2010,9,10.39,27.6,2.87,1.25,1.04,2.86764,0.00236,False,12.03079885,10.00962464,False,2018.0,9.3,1.19,True,11.72043011,1.09,141.1764706,43.55400697,36.2369338,2.098777901,14,273.07,55.16008484,True,True,27.62271414821944,-0.022714148219439068,False
2020,STMicroelectronics,STM,EUR,region,True,idm_diversified,IDM,Smart automobile expansion,False,2010,10,10.08,14.2,1.43,1.21,1.01,1.43136,0.00136,False,12.00396825,10.01984127,False,2019.0,10.39,2.87,True,-2.983638114,-0.31,-50.17421603,84.61538462,70.62937063,2.001230916,16,258.64,51.34904405,True,True,14.186507936507937,0.013492063492062556,False
2021,STMicroelectronics,STM,EUR,region,True,idm_diversified,IDM,Smart automobile expansion,False,2010,11,13.03,19.1,2.49,1.56,1.3,2.48873,0.00127,False,11.97237145,9.976976209,False,2020.0,10.08,1.43,True,29.26587302,2.95,74.12587413,62.65060241,52.20883534,2.160754855,17,285.1,47.2779132,True,True,19.109746738296245,-0.009746738296243507,False
2022,STMicroelectronics,STM,EUR,region,True,idm_diversified,IDM,Transition Year,False,2010,12,16.01,16.7,2.67,1.92,1.6,2.67367,0.00367,False,11.99250468,9.993753904,False,2021.0,13.03,2.49,True,22.87029931,2.98,7.228915663,71.91011236,59.92509363,2.295472142,17,317.07,45.46067158,True,True,16.677076826983132,0.022923173016867082,False
2023,STMicroelectronics,STM,EUR,region,True,idm_diversified,IDM,AI expansion,False,2010,13,17.6,21.6,3.8,2.11,1.76,3.8016,0.0016,False,11.98863636,10.0,False,2022.0,16.01,2.67,True,9.931292942,1.59,42.32209738,55.52631579,46.31578947,2.689692061,11,256.74,39.23588294,True,True,21.59090909090909,0.009090909090911481,False
2024,STMicroelectronics,STM,EUR,region,True,idm_diversified,IDM,AI expansion,False,2010,14,12.72,22.1,2.81,1.53,1.27,2.81112,0.00112,False,12.02830189,9.98427673,False,2023.0,17.6,3.8,True,-27.72727273,-4.88,-26.05263158,54.44839858,45.19572954,1.535286237,19,301.22,36.35683335,True,True,22.09119496855346,0.008805031446541989,False
2021,SambaNova,SN,USA,country,False,fabless_ai,Fabless,Smart automobile expansion,False,2020,1,0.02,10.9,0.0,0.01,0.0,0.00218,0.00218,False,50.0,0.0,False,2020.0,0.0,0.0,True,,0.02,,,,0.003316585,38,127.36,21.12001061,False,False,0.0,10.9,False
2022,SambaNova,SN,USA,country,False,fabless_ai,Fabless,Transition Year,False,2020,2,0.05,8.5,0.0,0.03,0.0,0.00425,0.00425,False,60.0,0.0,False,2021.0,0.02,0.0,True,150.0,0.03,,,,0.00716887,36,154.83,22.19912253,True,False,0.0,8.5,False
2023,SambaNova,SN,USA,country,False,fabless_ai,Fabless,AI expansion,False,2020,3,0.1,7.9,0.01,0.05,0.0,0.0079,0.0021,False,50.0,0.0,False,2022.0,0.05,0.0,True,100.0,0.05,,500.0,0.0,0.015282341,36,177.4,27.11087339,True,True,10.0,-2.0999999999999996,False
2024,SambaNova,SN,USA,country,False,fabless_ai,Fabless,AI expansion,False,2020,4,0.37,5.9,0.02,0.18,0.0,0.02183,0.00183,False,48.64864865,0.0,False,2023.0,0.1,0.01,True,270.0,0.27,100.0,900.0,0.0,0.044658483,38,284.01,34.27961038,True,True,5.405405405405405,0.4945945945945951,False
2015,Samsung Foundry,5930,KOR,country,False,foundry,Foundry,Smart automobile expansion,False,2010,5,6.52,40.7,2.65,0.52,2.94,2.65364,0.00364,False,7.975460123,45.09202454,False,2014.0,5.69,2.31,True,14.58699473,0.83,14.71861472,19.62264151,110.9433962,2.092963534,13,46.3,14.86260914,True,True,40.64417177914111,0.05582822085889205,False
2016,Samsung Foundry,5930,KOR,country,False,foundry,Foundry,Smart automobile expansion,False,2010,6,8.55,40.7,3.48,0.68,3.85,3.47985,0.00015,False,7.953216374,45.02923977,False,2015.0,6.52,2.65,True,31.13496933,2.03,31.32075472,19.54022989,110.6321839,2.315378991,10,51.36,13.90852222,True,True,40.70175438596491,-0.0017543859649080673,False
2017,Samsung Foundry,5930,KOR,country,False,foundry,Foundry,Smart automobile expansion,False,2010,7,10.38,40.2,4.17,0.83,4.67,4.17276,0.00276,False,7.996146435,44.99036609,False,2016.0,8.55,3.48,True,21.40350877,1.83,19.82758621,19.90407674,111.9904077,2.411990241,11,56.93,13.22876728,True,True,40.17341040462427,0.026589595375732245,False
2018,Samsung Foundry,5930,KOR,country,False,foundry,Foundry,Smart automobile expansion,False,2010,8,12.1,41.9,5.07,0.97,5.45,5.0699,0.0001,False,8.016528926,45.04132231,False,2017.0,10.38,4.17,True,16.57032755,1.72,21.58273381,19.1321499,107.495069,2.540949181,11,61.88,12.99454011,True,True,41.900826446280995,-0.0008264462809961515,False
2019,Samsung Foundry,5930,KOR,country,False,foundry,Foundry,Smart automobile expansion,False,2010,9,12.78,39.0,4.99,1.02,5.75,4.9842,0.0058,False,7.981220657,44.99217527,False,2018.0,12.1,5.07,True,5.619834711,0.68,-1.57790927,20.44088176,115.2304609,2.581557418,11,69.02,13.94202606,True,True,39.045383411580595,-0.04538341158059467,False
2020,Samsung Foundry,5930,KOR,country,False,foundry,Foundry,Smart automobile expansion,False,2010,10,14.49,38.1,5.52,1.16,6.52,5.52069,0.00069,False,8.005521049,44.99654934,False,2019.0,12.78,4.99,True,13.38028169,1.71,10.62124248,21.01449275,118.115942,2.876769442,11,75.64,15.01717326,True,True,38.095238095238095,0.004761904761906521,False
2021,Samsung Foundry,5930,KOR,country,False,foundry,Foundry,Smart automobile expansion,False,2010,11,16.46,44.5,7.32,1.32,7.41,7.3247,0.0047,False,8.019441069,45.018226,False,2020.0,14.49,5.52,True,13.59558316,1.97,32.60869565,18.03278689,101.2295082,2.72954911,13,101.05,16.7570436,True,True,44.47144592952612,0.0285540704738807,False
2022,Samsung Foundry,5930,KOR,country,False,foundry,Foundry,Transition Year,False,2010,12,18.03,42.9,7.73,1.44,8.11,7.73487,0.00487,False,7.986688852,44.98058791,False,2021.0,16.46,7.32,True,9.538274605,1.57,5.601092896,18.62871928,104.915912,2.585094486,14,119.96,17.19955266,True,True,42.872989462007766,0.02701053799223274,False
2023,Samsung Foundry,5930,KOR,country,False,foundry,Foundry,AI expansion,False,2010,13,12.36,39.0,4.82,0.99,5.56,4.8204,0.0004,False,8.009708738,44.98381877,False,2022.0,18.03,7.73,True,-31.44758735,-5.67,-37.64553687,20.53941909,115.3526971,1.888897379,19,105.72,16.15649117,True,True,38.99676375404531,0.0032362459546888545,False
2024,Samsung Foundry,5930,KOR,country,False,foundry,Foundry,AI expansion,False,2010,14,18.09,41.8,7.55,1.45,8.14,7.56162,0.01162,False,8.015478165,44.99723604,False,2023.0,12.36,4.82,True,46.3592233,5.73,56.63900415,19.20529801,107.8145695,2.183437738,12,131.07,15.81996596,True,True,41.73576561636263,0.06423438363736977,False
2015,Samsung Memory,5930,KOR,country,False,idm_memory,IDM,Smart automobile expansion,False,2010,5,38.92,18.3,7.12,3.89,13.62,7.12236,0.00236,False,9.994861254,34.99486125,False,2014.0,39.06,5.86,True,-0.358422939,-0.14,21.50170648,54.63483146,191.2921348,12.49357987,2,172.79,55.46674371,True,True,18.29393627954779,0.00606372045221093,False
2016,Samsung Memory,5930,KOR,country,False,idm_memory,IDM,Smart automobile expansion,False,2010,6,52.14,16.6,8.68,5.21,18.25,8.65524,0.02476,True,9.992328347,35.00191791,False,2015.0,38.92,7.12,True,33.96711202,13.22,21.91011236,60.02304147,210.2534562,14.11974978,2,211.93,57.39161047,True,True,16.64748753356348,-0.0474875335634799,False
2017,Samsung Memory,5930,KOR,country,False,idm_memory,IDM,Smart automobile expansion,False,2010,7,63.85,20.6,13.13,6.39,22.35,13.1531,0.0231,True,10.00783085,35.00391543,False,2016.0,52.14,8.68,True,22.45876486,11.71,51.26728111,48.66717441,170.2208682,14.83676078,2,247.23,57.44858836,True,True,20.563821456538765,0.0361785434612365,False
2018,Samsung Memory,5930,KOR,country,False,idm_memory,IDM,Smart automobile expansion,False,2010,8,75.95,29.8,22.61,7.59,26.58,22.6331,0.0231,True,9.993416722,34.99670836,False,2017.0,63.85,13.13,True,18.95066562,12.1,72.20106626,33.56921716,117.5586024,15.94918102,1,274.37,57.61654767,True,True,29.76958525345622,0.03041474654378007,False
2019,Samsung Memory,5930,KOR,country,False,idm_memory,IDM,Smart automobile expansion,False,2010,9,74.27,40.9,30.39,7.43,25.99,30.37643,0.01357,False,10.00403932,34.99394103,False,2018.0,75.95,22.61,True,-2.211981567,-1.68,34.4095533,24.44883185,85.52155314,15.002525,1,273.07,55.16008484,True,True,40.918271172748085,-0.01827117274808643,False
2020,Samsung Memory,5930,KOR,country,False,idm_memory,IDM,Smart automobile expansion,False,2010,10,64.28,40.2,25.81,6.43,22.5,25.84056,0.03056,True,10.00311139,35.00311139,False,2019.0,74.27,30.39,True,-13.45092231,-9.99,-15.07074696,24.91282449,87.17551337,12.76181778,2,258.64,51.34904405,True,True,40.152457996266335,0.04754200373366757,False
2021,Samsung Memory,5930,KOR,country,False,idm_memory,IDM,Smart automobile expansion,False,2010,11,69.3,41.4,28.7,6.93,24.26,28.6902,0.0098,False,10.0,35.00721501,False,2020.0,64.28,25.81,True,7.809583074,5.02,11.19721038,24.14634146,84.52961672,11.49196557,2,285.1,47.2779132,True,True,41.41414141414141,-0.014141414141413122,False
2022,Samsung Memory,5930,KOR,country,False,idm_memory,IDM,Transition Year,False,2010,12,75.7,33.1,25.09,7.57,26.5,25.0567,0.0333,True,10.0,35.00660502,False,2021.0,69.3,28.7,True,9.235209235,6.4,-12.57839721,30.17138302,105.6197688,10.85366903,1,317.07,45.46067158,True,True,33.14398943196829,-0.04398943196829208,False
2023,Samsung Memory,5930,KOR,country,False,idm_memory,IDM,AI expansion,False,2010,13,50.38,23.3,11.75,5.04,17.63,11.73854,0.01146,False,10.00396983,34.99404526,False,2022.0,75.7,25.09,True,-33.44782034,-25.32,-53.16859306,42.89361702,150.0425532,7.699243524,4,256.74,39.23588294,True,True,23.322747121873757,-0.02274712187375627,False
2024,Samsung Memory,5930,KOR,country,False,idm_memory,IDM,AI expansion,False,2010,14,74.79,26.8,20.06,7.48,26.18,20.04372,0.01628,False,10.00133708,35.00467977,False,2023.0,50.38,11.75,True,48.45176657,24.41,70.72340426,37.28813559,130.5084746,9.027048557,3,301.22,36.35683335,True,True,26.821767615991437,-0.021767615991436173,False
2015,Synopsys,SNPS,USA,country,False,eda_software,EDA Software,Smart automobile expansion,False,2010,5,2.25,40.4,0.91,0.79,0.02,0.909,0.001,False,35.11111111,0.888888889,False,2014.0,2.03,0.83,True,10.83743842,0.22,9.638554217,86.81318681,2.197802198,0.722265023,28,4.01,1.287236775,True,True,40.44444444444444,-0.04444444444444429,False
2016,Synopsys,SNPS,USA,country,False,eda_software,EDA Software,Smart automobile expansion,False,2010,6,2.51,42.5,1.07,0.88,0.03,1.06675,0.00325,False,35.05976096,1.195219124,False,2015.0,2.25,0.91,True,11.55555556,0.26,17.58241758,82.24299065,2.803738318,0.679719446,30,4.32,1.169875701,True,True,42.629482071713156,-0.12948207171315573,False
2017,Synopsys,SNPS,USA,country,False,eda_software,EDA Software,Smart automobile expansion,False,2010,7,2.8,37.8,1.06,0.98,0.03,1.0584,0.0016,False,35.0,1.071428571,False,2016.0,2.51,1.07,True,11.55378486,0.29,-0.934579439,92.45283019,2.830188679,0.650633206,29,4.74,1.101429069,True,True,37.85714285714286,-0.057142857142864045,False
2018,Synopsys,SNPS,USA,country,False,eda_software,EDA Software,Smart automobile expansion,False,2010,8,3.06,41.9,1.28,1.07,0.03,1.28214,0.00214,False,34.96732026,0.980392157,False,2017.0,2.8,1.06,True,9.285714286,0.26,20.75471698,83.59375,2.34375,0.642587148,28,5.22,1.096178076,True,True,41.830065359477125,0.06993464052287379,False
2019,Synopsys,SNPS,USA,country,False,eda_software,EDA Software,Smart automobile expansion,False,2010,9,3.4,41.0,1.39,1.19,0.03,1.394,0.004,False,35.0,0.882352941,False,2018.0,3.06,1.28,True,11.11111111,0.34,8.59375,85.61151079,2.158273381,0.686799313,29,5.86,1.183718816,True,True,40.88235294117647,0.117647058823529,False
2020,Synopsys,SNPS,USA,country,False,eda_software,EDA Software,Smart automobile expansion,False,2010,10,3.78,38.9,1.47,1.32,0.04,1.47042,0.00042,False,34.92063492,1.058201058,False,2019.0,3.4,1.39,True,11.17647059,0.38,5.755395683,89.79591837,2.721088435,0.750461593,28,6.4,1.270622804,True,True,38.88888888888889,0.011111111111105743,False
2021,Synopsys,SNPS,USA,country,False,eda_software,EDA Software,Smart automobile expansion,False,2010,11,4.45,41.1,1.83,1.56,0.04,1.82895,0.00105,False,35.05617978,0.898876404,False,2020.0,3.78,1.47,True,17.72486772,0.67,24.48979592,85.24590164,2.18579235,0.737940069,30,7.67,1.271910187,True,True,41.12359550561798,-0.023595505617976187,False
2022,Synopsys,SNPS,USA,country,False,eda_software,EDA Software,Transition Year,False,2010,12,4.82,44.3,2.14,1.69,0.05,2.13526,0.00474,False,35.06224066,1.037344398,False,2021.0,4.45,1.83,True,8.314606742,0.37,16.93989071,78.97196262,2.336448598,0.691079058,28,8.34,1.195767499,True,True,44.398340248962654,-0.09834024896265703,False
2023,Synopsys,SNPS,USA,country,False,eda_software,EDA Software,AI expansion,False,2010,13,5.71,35.0,2.0,2.0,0.06,1.9985,0.0015,False,35.0262697,1.050788091,False,2022.0,4.82,2.14,True,18.46473029,0.89,-6.542056075,100.0,3.0,0.872621686,28,9.74,1.488500038,True,True,35.02626970227671,-0.026269702276707108,False
2024,Synopsys,SNPS,USA,country,False,eda_software,EDA Software,AI expansion,False,2010,14,5.91,36.9,2.18,2.07,0.06,2.18079,0.00079,False,35.02538071,1.015228426,False,2023.0,5.71,2.0,True,3.50262697,0.2,9.0,94.95412844,2.752293578,0.713328747,29,10.38,1.252851505,True,True,36.886632825719126,0.013367174280872973,False
2015,TSMC,TSM,TWN,country,False,foundry,Foundry,Smart automobile expansion,False,2010,5,27.31,42.3,11.56,2.18,12.29,11.55213,0.00787,False,7.982424021,45.00183083,False,2014.0,23.93,8.96,True,14.12452988,3.38,29.01785714,18.85813149,106.3148789,8.766692347,3,46.3,14.86260914,True,True,42.328817283046504,-0.028817283046507214,False
2016,TSMC,TSM,TWN,country,False,foundry,Foundry,Smart automobile expansion,False,2010,6,29.19,43.4,12.66,2.34,13.14,12.66846,0.00846,False,8.016443988,45.01541624,False,2015.0,27.31,11.56,True,6.883925302,1.88,9.515570934,18.48341232,103.7914692,7.904785117,3,51.36,13.90852222,True,True,43.37101747173689,0.0289825282631071,False
2017,TSMC,TSM,TWN,country,False,foundry,Foundry,Smart automobile expansion,False,2010,7,32.11,37.4,12.02,2.57,14.45,12.00914,0.01086,False,8.003737154,45.00155715,False,2016.0,29.19,12.66,True,10.00342583,2.92,-5.055292259,21.38103161,120.2163062,7.461368653,3,56.93,13.22876728,True,True,37.433821239489255,-0.03382123948925653,False
2018,TSMC,TSM,TWN,country,False,foundry,Foundry,Smart automobile expansion,False,2010,8,34.58,37.1,12.84,2.77,15.56,12.82918,0.01082,False,8.010410642,44.99710816,False,2017.0,32.11,12.02,True,7.692307692,2.47,6.821963394,21.57320872,121.1838006,7.261654767,4,61.88,12.99454011,True,True,37.13128976286871,-0.03128976286870966,False
2019,TSMC,TSM,TWN,country,False,foundry,Foundry,Smart automobile expansion,False,2010,9,40.91,39.9,16.3,3.27,18.41,16.32309,0.02309,True,7.993155708,45.0012222,False,2018.0,34.58,12.84,True,18.30537883,6.33,26.9470405,20.06134969,112.9447853,8.263811736,3,69.02,13.94202606,True,True,39.84355903202152,0.05644096797848164,False
2020,TSMC,TSM,TWN,country,False,foundry,Foundry,Smart automobile expansion,False,2010,10,45.25,38.0,17.18,3.62,20.36,17.195,0.015,False,8.0,44.99447514,False,2019.0,40.91,16.3,True,10.60865314,4.34,5.398773006,21.07101281,118.5098952,8.983700292,3,75.64,15.01717326,True,True,37.96685082872928,0.03314917127072192,False
2021,TSMC,TSM,TWN,country,False,foundry,Foundry,Smart automobile expansion,False,2010,11,62.97,39.5,24.9,5.04,28.34,24.87315,0.02685,True,8.003811339,45.0055582,False,2020.0,45.25,17.18,True,39.16022099,17.72,44.93597206,20.24096386,113.815261,10.44226655,3,101.05,16.7570436,True,True,39.54263935207241,-0.04263935207241332,False
2022,TSMC,TSM,TWN,country,False,foundry,Foundry,Transition Year,False,2010,12,74.93,38.9,29.18,5.99,33.72,29.14777,0.03223,True,7.994127853,45.00200187,False,2021.0,62.97,24.9,True,18.99317135,11.96,17.18875502,20.52775874,115.5586018,10.74326843,2,119.96,17.19955266,True,True,38.9430134792473,-0.04301347924729981,False
2023,TSMC,TSM,TWN,country,False,foundry,Foundry,AI expansion,False,2010,13,70.42,41.1,28.94,5.63,31.69,28.94262,0.00262,False,7.994887816,45.00142005,False,2022.0,74.93,29.18,True,-6.018951021,-4.51,-0.822481151,19.45404285,109.5024188,10.76182471,1,105.72,16.15649117,True,True,41.09627946606078,0.003720533939223003,False
2024,TSMC,TSM,TWN,country,False,foundry,Foundry,AI expansion,False,2010,14,88.89,41.3,36.71,7.11,40.0,36.71157,0.00157,False,7.998650017,44.99943751,False,2023.0,70.42,28.94,True,26.22834422,18.47,26.84865238,19.36801961,108.9621357,10.72889887,2,131.07,15.81996596,True,True,41.29823377207785,0.001766227922146868,False
2021,Tenstorrent,TNS,USA,country,False,fabless_ai,Fabless,Smart automobile expansion,False,2020,1,0.01,12.3,0.0,0.01,0.0,0.00123,0.00123,False,100.0,0.0,False,2020.0,0.0,0.0,True,,0.01,,,,0.001658292,39,127.36,21.12001061,False,False,0.0,12.3,False
2022,Tenstorrent,TNS,USA,country,False,fabless_ai,Fabless,Transition Year,False,2020,2,0.05,11.6,0.01,0.02,0.0,0.0058,0.0042,False,40.0,0.0,False,2021.0,0.01,0.0,True,400.0,0.04,,200.0,0.0,0.00716887,36,154.83,22.19912253,True,True,20.0,-8.4,False
2023,Tenstorrent,TNS,USA,country,False,fabless_ai,Fabless,AI expansion,False,2020,3,0.1,8.3,0.01,0.05,0.0,0.0083,0.0017,False,50.0,0.0,False,2022.0,0.05,0.01,True,100.0,0.05,0.0,500.0,0.0,0.015282341,36,177.4,27.11087339,True,True,10.0,-1.6999999999999993,False
2024,Tenstorrent,TNS,USA,country,False,fabless_ai,Fabless,AI expansion,False,2020,4,0.31,11.7,0.04,0.15,0.0,0.03627,0.00373,False,48.38709677,0.0,False,2023.0,0.1,0.01,True,210.0,0.21,300.0,375.0,0.0,0.037416567,39,284.01,34.27961038,True,True,12.903225806451612,-1.2032258064516128,False
2015,Texas Instruments,TXN,USA,country,False,idm_analog,IDM,Smart automobile expansion,False,2010,5,12.63,42.3,5.35,1.52,1.52,5.34249,0.00751,False,12.03483769,12.03483769,False,2014.0,13.54,6.75,True,-6.720827179,-0.91,-20.74074074,28.41121495,28.41121495,4.05431433,7,172.79,55.46674371,True,True,42.35946159936658,-0.05946159936658546,False
2016,Texas Instruments,TXN,USA,country,False,idm_analog,IDM,Smart automobile expansion,False,2010,6,14.5,44.4,6.44,1.74,1.74,6.438,0.002,False,12.0,12.0,False,2015.0,12.63,5.35,True,14.80601742,1.87,20.37383178,27.01863354,27.01863354,3.926666125,7,211.93,57.39161047,True,True,44.41379310344828,-0.013793103448278998,False
2017,Texas Instruments,TXN,USA,country,False,idm_analog,IDM,Smart automobile expansion,False,2010,7,15.51,43.7,6.77,1.86,1.86,6.77787,0.00787,False,11.99226306,11.99226306,False,2016.0,14.5,6.44,True,6.965517241,1.01,5.124223602,27.47415066,27.47415066,3.604043221,8,247.23,57.44858836,True,True,43.649258542875565,0.05074145712443823,False
2018,Texas Instruments,TXN,USA,country,False,idm_analog,IDM,Smart automobile expansion,False,2010,8,16.5,45.4,7.49,1.98,1.98,7.491,0.001,False,12.0,12.0,False,2017.0,15.51,6.77,True,6.382978723,0.99,10.6351551,26.435247,26.435247,3.464930701,8,274.37,57.61654767,True,True,45.3939393939394,0.0060606060606005485,False
2019,Texas Instruments,TXN,USA,country,False,idm_analog,IDM,Smart automobile expansion,False,2010,9,15.27,49.7,7.59,1.83,1.83,7.58919,0.00081,False,11.98428291,11.98428291,False,2018.0,16.5,7.49,True,-7.454545455,-1.23,1.335113485,24.11067194,24.11067194,3.084536915,9,273.07,55.16008484,True,True,49.70530451866404,-0.0053045186640403585,False
2020,Texas Instruments,TXN,USA,country,False,idm_analog,IDM,Smart automobile expansion,False,2010,10,14.34,42.2,6.05,1.72,1.72,6.05148,0.00148,False,11.9944212,11.9944212,False,2019.0,15.27,7.59,True,-6.090373281,-0.93,-20.28985507,28.42975207,28.42975207,2.84698922,12,258.64,51.34904405,True,True,42.189679218967925,0.01032078103207823,False
2021,Texas Instruments,TXN,USA,country,False,idm_analog,IDM,Smart automobile expansion,False,2010,11,17.02,46.4,7.89,2.04,2.04,7.89728,0.00728,False,11.98589894,11.98589894,False,2020.0,14.34,6.05,True,18.68898187,2.68,30.41322314,25.85551331,25.85551331,2.822413479,12,285.1,47.2779132,True,True,46.3572267920094,0.04277320799059936,False
2022,Texas Instruments,TXN,USA,country,False,idm_analog,IDM,Transition Year,False,2010,12,19.08,46.9,8.95,2.29,2.29,8.94852,0.00148,False,12.00209644,12.00209644,False,2021.0,17.02,7.89,True,12.10340776,2.06,13.4347275,25.58659218,25.58659218,2.735640754,13,317.07,45.46067158,True,True,46.90775681341719,-0.0077568134171883685,False
2023,Texas Instruments,TXN,USA,country,False,idm_analog,IDM,AI expansion,False,2010,13,17.22,48.4,8.34,2.07,2.07,8.33448,0.00552,False,12.02090592,12.02090592,False,2022.0,19.08,8.95,True,-9.748427673,-1.86,-6.815642458,24.82014388,24.82014388,2.631619164,13,256.74,39.23588294,True,True,48.43205574912892,-0.03205574912892217,False
2024,Texas Instruments,TXN,USA,country,False,idm_analog,IDM,AI expansion,False,2010,14,14.89,42.6,6.35,1.79,1.79,6.34314,0.00686,False,12.02149093,12.02149093,False,2023.0,17.22,8.34,True,-13.53077816,-2.33,-23.86091127,28.18897638,28.18897638,1.797202206,15,301.22,36.35683335,True,True,42.64607118871726,-0.04607118871725646,False
2015,Tokyo Electron,8035,JPN,country,False,equipment_diversified,Equipment,Smart automobile expansion,False,2010,5,5.26,30.2,1.59,0.63,0.53,1.58852,0.00148,False,11.97718631,10.07604563,False,2014.0,5.53,1.73,True,-4.882459313,-0.27,-8.092485549,39.62264151,33.33333333,1.688495121,17,31.93,10.24974319,True,True,30.22813688212928,-0.02813688212928156,False
2016,Tokyo Electron,8035,JPN,country,False,equipment_diversified,Equipment,Smart automobile expansion,False,2010,6,7.3,31.3,2.29,0.88,0.73,2.2849,0.0051,False,12.05479452,10.0,False,2015.0,5.26,1.59,True,38.78326996,2.04,44.02515723,38.4279476,31.87772926,1.976873291,14,40.64,11.00549733,True,True,31.36986301369863,-0.06986301369862957,False
2017,Tokyo Electron,8035,JPN,country,False,equipment_diversified,Equipment,Smart automobile expansion,False,2010,7,9.63,34.9,3.37,1.16,0.96,3.36087,0.00913,False,12.04569055,9.968847352,False,2016.0,7.3,2.29,True,31.91780822,2.33,47.16157205,34.42136499,28.48664688,2.237713489,12,50.03,11.62542117,True,True,34.994807892004154,-0.09480789200415529,False
2018,Tokyo Electron,8035,JPN,country,False,equipment_diversified,Equipment,Smart automobile expansion,False,2010,8,11.41,31.8,3.62,1.37,1.14,3.62838,0.00838,False,12.00701139,9.991235758,False,2017.0,9.63,3.37,True,18.48390447,1.78,7.418397626,37.84530387,31.49171271,2.396052079,12,57.62,12.099958,True,True,31.72655565293602,0.07344434706397962,False
2019,Tokyo Electron,8035,JPN,country,False,equipment_diversified,Equipment,Smart automobile expansion,False,2010,9,10.82,29.7,3.22,1.3,1.08,3.21354,0.00646,False,12.01478743,9.981515712,False,2018.0,11.41,3.62,True,-5.170902717,-0.59,-11.04972376,40.37267081,33.54037267,2.185637814,13,59.07,11.93212807,True,True,29.75970425138632,-0.059704251386321516,False
2020,Tokyo Electron,8035,JPN,country,False,equipment_diversified,Equipment,Smart automobile expansion,False,2010,10,11.42,32.6,3.72,1.37,1.14,3.72292,0.00292,False,11.99649737,9.982486865,False,2019.0,10.82,3.22,True,5.545286506,0.6,15.52795031,36.82795699,30.64516129,2.267267565,13,63.11,12.52953205,True,True,32.57443082311734,0.025569176882662248,False
2021,Tokyo Electron,8035,JPN,country,False,equipment_diversified,Equipment,Smart automobile expansion,False,2010,11,13.79,32.7,4.5,1.65,1.38,4.50933,0.00933,False,11.96519217,10.00725163,False,2020.0,11.42,3.72,True,20.7530648,2.37,20.96774194,36.66666667,30.66666667,2.286785069,16,81.85,13.5731224,True,True,32.63234227701233,0.06765772298767558,False
2022,Tokyo Electron,8035,JPN,country,False,equipment_diversified,Equipment,Transition Year,False,2010,12,16.54,33.6,5.56,1.99,1.65,5.55744,0.00256,False,12.03143894,9.975816203,False,2021.0,13.79,4.5,True,19.94198695,2.75,23.55555556,35.79136691,29.67625899,2.371462163,15,97.26,13.94488573,True,True,33.61547762998791,-0.015477629987906028,False
2023,Tokyo Electron,8035,JPN,country,False,equipment_diversified,Equipment,AI expansion,False,2010,13,14.63,28.9,4.23,1.76,1.46,4.22807,0.00193,False,12.03007519,9.97949419,False,2022.0,16.54,5.56,True,-11.547763,-1.91,-23.92086331,41.60756501,34.51536643,2.235806526,16,104.75,16.00825246,True,True,28.913192071086808,-0.01319207108680942,False
2024,Tokyo Electron,8035,JPN,country,False,equipment_diversified,Equipment,AI expansion,False,2010,14,13.64,21.2,2.89,1.64,1.36,2.89168,0.00168,False,12.02346041,9.970674487,False,2023.0,14.63,4.23,True,-6.766917293,-0.99,-31.678487,56.74740484,47.05882353,1.646328952,17,101.83,12.2907388,True,True,21.187683284457478,0.01231671554252145,False
2015,UMC,UMC,TWN,country,False,foundry,Foundry,Smart automobile expansion,False,2010,5,4.52,35.7,1.61,0.36,2.03,1.61364,0.00364,False,7.96460177,44.91150442,False,2014.0,4.62,1.88,True,-2.164502165,-0.1,-14.36170213,22.36024845,126.0869565,1.45095018,21,46.3,14.86260914,True,True,35.61946902654868,0.08053097345132443,False
2016,UMC,UMC,TWN,country,False,foundry,Foundry,Smart automobile expansion,False,2010,6,4.71,38.4,1.81,0.38,2.12,1.80864,0.00136,False,8.067940552,45.01061571,False,2015.0,4.52,1.61,True,4.203539823,0.19,12.42236025,20.99447514,117.1270718,1.275489479,23,51.36,13.90852222,True,True,38.42887473460722,-0.028874734607221342,False
2017,UMC,UMC,TWN,country,False,foundry,Foundry,Smart automobile expansion,False,2010,7,4.83,40.1,1.94,0.39,2.18,1.93683,0.00317,False,8.074534161,45.13457557,False,2016.0,4.71,1.81,True,2.547770701,0.12,7.182320442,20.10309278,112.371134,1.12234228,25,56.93,13.22876728,True,True,40.165631469979296,-0.06563146997929437,False
2018,UMC,UMC,TWN,country,False,foundry,Foundry,Smart automobile expansion,False,2010,8,5.14,39.3,2.02,0.41,2.31,2.02002,2e-05,False,7.976653696,44.94163424,False,2017.0,4.83,1.94,True,6.418219462,0.31,4.12371134,20.2970297,114.3564356,1.079378412,25,61.88,12.99454011,True,True,39.29961089494164,0.0003891050583604283,False
2019,UMC,UMC,TWN,country,False,foundry,Foundry,Smart automobile expansion,False,2010,9,5.29,40.5,2.14,0.42,2.38,2.14245,0.00245,False,7.939508507,44.9905482,False,2018.0,5.14,2.02,True,2.918287938,0.15,5.940594059,19.62616822,111.2149533,1.068578931,25,69.02,13.94202606,True,True,40.45368620037807,0.04631379962192739,False
2020,UMC,UMC,TWN,country,False,foundry,Foundry,Smart automobile expansion,False,2010,10,6.04,44.1,2.66,0.48,2.72,2.66364,0.00364,False,7.947019868,45.03311258,False,2019.0,5.29,2.14,True,14.17769376,0.75,24.29906542,18.04511278,102.2556391,1.199150271,21,75.64,15.01717326,True,True,44.039735099337754,0.0602649006622471,False
2021,UMC,UMC,TWN,country,False,foundry,Foundry,Smart automobile expansion,False,2010,11,7.69,41.1,3.16,0.62,3.46,3.16059,0.00059,False,8.062418726,44.99349805,False,2020.0,6.04,2.66,True,27.31788079,1.65,18.79699248,19.62025316,109.4936709,1.275226771,22,101.05,16.7570436,True,True,41.0923276983095,0.0076723016905049235,False
2022,UMC,UMC,TWN,country,False,foundry,Foundry,Transition Year,False,2010,12,9.4,36.4,3.43,0.75,4.23,3.4216,0.0084,False,7.978723404,45.0,False,2021.0,7.69,3.16,True,22.236671,1.71,8.544303797,21.86588921,123.3236152,1.347747541,22,119.96,17.19955266,True,True,36.48936170212766,-0.08936170212766115,False
2023,UMC,UMC,TWN,country,False,foundry,Foundry,AI expansion,False,2010,13,6.87,37.2,2.56,0.55,3.09,2.55564,0.00436,False,8.005822416,44.97816594,False,2022.0,9.4,3.43,True,-26.91489362,-2.53,-25.36443149,21.484375,120.703125,1.049896844,26,105.72,16.15649117,True,True,37.26346433770015,-0.0634643377001467,False
2024,UMC,UMC,TWN,country,False,foundry,Foundry,AI expansion,False,2010,14,7.41,35.9,2.66,0.59,3.34,2.66019,0.00019,False,7.962213225,45.07422402,False,2023.0,6.87,2.56,True,7.860262009,0.54,3.90625,22.18045113,125.5639098,0.894376652,25,131.07,15.81996596,True,True,35.8974358974359,0.0025641025641007786,False
2017,Yangtze Memory (YMTC),YMTC,CHN,country,False,idm_memory,IDM,Smart automobile expansion,False,2017,0,0.1,24.2,0.02,0.01,0.04,0.0242,0.0042,False,10.0,40.0,False,,,,False,,,,50.0,200.0,0.0232369,34,247.23,57.44858836,False,True,20.0,4.199999999999999,False
2018,Yangtze Memory (YMTC),YMTC,CHN,country,False,idm_memory,IDM,Smart automobile expansion,False,2017,1,0.29,30.9,0.09,0.03,0.1,0.08961,0.00039,False,10.34482759,34.48275862,False,2017.0,0.1,0.02,True,190.0,0.19,350.0,33.33333333,111.1111111,0.060898782,34,274.37,57.61654767,True,True,31.03448275862069,-0.1344827586206918,False
2019,Yangtze Memory (YMTC),YMTC,CHN,country,False,idm_memory,IDM,Smart automobile expansion,False,2017,2,0.51,36.3,0.19,0.05,0.18,0.18513,0.00487,False,9.803921569,35.29411765,False,2018.0,0.29,0.09,True,75.86206897,0.22,111.1111111,26.31578947,94.73684211,0.103019897,35,273.07,55.16008484,True,True,37.254901960784316,-0.9549019607843192,False
2020,Yangtze Memory (YMTC),YMTC,CHN,country,False,idm_memory,IDM,Smart automobile expansion,False,2017,3,1.23,42.7,0.52,0.12,0.43,0.52521,0.00521,False,9.756097561,34.95934959,False,2019.0,0.51,0.19,True,141.1764706,0.72,173.6842105,23.07692308,82.69230769,0.24419782,33,258.64,51.34904405,True,True,42.27642276422765,0.4235772357723562,False
2021,Yangtze Memory (YMTC),YMTC,CHN,country,False,idm_memory,IDM,Smart automobile expansion,False,2017,4,2.1,41.5,0.87,0.21,0.73,0.8715,0.0015,False,10.0,34.76190476,False,2020.0,1.23,0.52,True,70.73170732,0.87,67.30769231,24.13793103,83.90804598,0.348241381,34,285.1,47.2779132,True,True,41.42857142857142,0.0714285714285765,False
2022,Yangtze Memory (YMTC),YMTC,CHN,country,False,idm_memory,IDM,Transition Year,False,2017,5,4.12,42.4,1.74,0.41,1.44,1.74688,0.00688,False,9.951456311,34.95145631,False,2021.0,2.1,0.87,True,96.19047619,2.02,100.0,23.56321839,82.75862069,0.59071488,29,317.07,45.46067158,True,True,42.23300970873786,0.16699029126213816,False
2023,Yangtze Memory (YMTC),YMTC,CHN,country,False,idm_memory,IDM,AI expansion,False,2017,6,5.17,27.0,1.4,0.52,1.81,1.3959,0.0041,False,10.05802708,35.00967118,False,2022.0,4.12,1.74,True,25.48543689,1.05,-19.54022989,37.14285714,129.2857143,0.790097043,30,256.74,39.23588294,True,True,27.079303675048354,-0.07930367504835445,False
2024,Yangtze Memory (YMTC),YMTC,CHN,country,False,idm_memory,IDM,AI expansion,False,2017,7,6.62,31.6,2.09,0.66,2.32,2.09192,0.00192,False,9.96978852,35.04531722,False,2023.0,5.17,1.4,True,28.04642166,1.45,49.28571429,31.57894737,111.0047847,0.799024755,27,301.22,36.35683335,True,True,31.570996978851962,0.02900302114803921,False
