year,company_name,ticker,country_iso3,geo_code_type,country_code_review_flag,segment,analysis_period,source_validation_caution,revenue_usd_bn,operating_margin_pct,operating_income_usd_bn,rd_spend_usd_bn,capex_usd_bn,calculated_operating_income_usd_bn,operating_income_abs_diff_usd_bn,operating_income_review_flag,rd_intensity_pct,capex_intensity_pct,zero_revenue_flag
2010,TSMC,TSM,TWN,country,False,foundry,Smart automobile expansion,False,13.42,36.9,4.95,1.07,6.04,4.95198,0.0019799999999996487,False,7.97317436661699,45.007451564828614,False
2011,TSMC,TSM,TWN,country,False,foundry,Smart automobile expansion,False,16.32,42.8,6.99,1.31,7.35,6.98496,0.0050400000000001555,False,8.026960784313726,45.03676470588235,False
2012,TSMC,TSM,TWN,country,False,foundry,Smart automobile expansion,False,17.56,36.1,6.34,1.4,7.9,6.33916,0.0008400000000001739,False,7.972665148063782,44.98861047835992,False
2013,TSMC,TSM,TWN,country,False,foundry,Smart automobile expansion,False,21.36,39.1,8.34,1.71,9.61,8.35176,0.011760000000000659,False,8.00561797752809,44.990636704119844,False
2014,TSMC,TSM,TWN,country,False,foundry,Smart automobile expansion,False,23.93,37.4,8.96,1.91,10.77,8.949819999999999,0.010180000000001854,False,7.98161303802758,45.006268282490595,False
2015,TSMC,TSM,TWN,country,False,foundry,Smart automobile expansion,False,27.31,42.3,11.56,2.18,12.29,11.55213,0.007870000000000488,False,7.98242402050531,45.00183083119737,False
2016,TSMC,TSM,TWN,country,False,foundry,Smart automobile expansion,False,29.19,43.4,12.66,2.34,13.14,12.66846,0.008459999999999468,False,8.016443987667008,45.01541623843782,False
2017,TSMC,TSM,TWN,country,False,foundry,Smart automobile expansion,False,32.11,37.4,12.02,2.57,14.45,12.00914,0.010859999999999204,False,8.003737153534724,45.00155714730613,False
2018,TSMC,TSM,TWN,country,False,foundry,Smart automobile expansion,False,34.58,37.1,12.84,2.77,15.56,12.82918,0.010820000000000718,False,8.01041064198959,44.9971081550029,False
2019,TSMC,TSM,TWN,country,False,foundry,Smart automobile expansion,False,40.91,39.9,16.3,3.27,18.41,16.323089999999997,0.02308999999999628,True,7.993155707650942,45.00122219506233,False
2020,TSMC,TSM,TWN,country,False,foundry,Smart automobile expansion,False,45.25,38.0,17.18,3.62,20.36,17.195,0.015000000000000568,False,8.0,44.99447513812155,False
2021,TSMC,TSM,TWN,country,False,foundry,Smart automobile expansion,False,62.97,39.5,24.9,5.04,28.34,24.87315,0.026849999999999596,True,8.00381133873273,45.00555820231856,False
2022,TSMC,TSM,TWN,country,False,foundry,Transition Year,False,74.93,38.9,29.18,5.99,33.72,29.14777,0.03222999999999843,True,7.994127852662484,45.00200186841051,False
2023,TSMC,TSM,TWN,country,False,foundry,AI expansion,False,70.42,41.1,28.94,5.63,31.69,28.94262,0.0026200000000002888,False,7.994887815961374,45.00142005112184,False
2024,TSMC,TSM,TWN,country,False,foundry,AI expansion,False,88.89,41.3,36.71,7.11,40.0,36.711569999999995,0.001569999999993854,False,7.998650016874789,44.99943750703116,False
2025,TSMC,TSM,TWN,country,False,foundry,AI expansion,True,108.13,38.8,41.93,8.65,48.66,41.95444,0.024439999999998463,True,7.999630074909832,45.00138721908814,False
2026,TSMC,TSM,TWN,country,False,foundry,AI expansion,True,113.25,37.6,42.53,9.06,50.96,42.582,0.0519999999999996,True,8.0,44.99779249448124,False
2010,Samsung Foundry,5930,KOR,country,False,foundry,Smart automobile expansion,False,3.06,43.4,1.33,0.24,1.38,1.32804,0.0019599999999999618,False,7.8431372549019605,45.09803921568627,False
2011,Samsung Foundry,5930,KOR,country,False,foundry,Smart automobile expansion,False,3.69,37.5,1.38,0.29,1.66,1.38375,0.003750000000000142,False,7.8590785907859075,44.986449864498645,False
2012,Samsung Foundry,5930,KOR,country,False,foundry,Smart automobile expansion,False,4.29,42.0,1.8,0.34,1.93,1.8018,0.0018000000000000238,False,7.925407925407926,44.988344988344984,False
2013,Samsung Foundry,5930,KOR,country,False,foundry,Smart automobile expansion,False,5.21,41.6,2.17,0.42,2.35,2.1673600000000004,0.0026399999999995316,False,8.061420345489443,45.10556621880998,False
2014,Samsung Foundry,5930,KOR,country,False,foundry,Smart automobile expansion,False,5.69,40.7,2.31,0.45,2.56,2.31583,0.005830000000000002,False,7.9086115992970125,44.991212653778554,False
2015,Samsung Foundry,5930,KOR,country,False,foundry,Smart automobile expansion,False,6.52,40.7,2.65,0.52,2.94,2.6536399999999998,0.0036399999999998656,False,7.9754601226993875,45.0920245398773,False
2016,Samsung Foundry,5930,KOR,country,False,foundry,Smart automobile expansion,False,8.55,40.7,3.48,0.68,3.85,3.4798500000000008,0.00014999999999920632,False,7.953216374269005,45.02923976608187,False
2017,Samsung Foundry,5930,KOR,country,False,foundry,Smart automobile expansion,False,10.38,40.2,4.17,0.83,4.67,4.17276,0.0027600000000003178,False,7.996146435452793,44.99036608863198,False
2018,Samsung Foundry,5930,KOR,country,False,foundry,Smart automobile expansion,False,12.1,41.9,5.07,0.97,5.45,5.0699,0.00010000000000065512,False,8.016528925619834,45.041322314049594,False
2019,Samsung Foundry,5930,KOR,country,False,foundry,Smart automobile expansion,False,12.78,39.0,4.99,1.02,5.75,4.9841999999999995,0.0058000000000006935,False,7.981220657276995,44.99217527386541,False
2020,Samsung Foundry,5930,KOR,country,False,foundry,Smart automobile expansion,False,14.49,38.1,5.52,1.16,6.52,5.520690000000001,0.0006900000000014117,False,8.00552104899931,44.996549344375424,False
2021,Samsung Foundry,5930,KOR,country,False,foundry,Smart automobile expansion,False,16.46,44.5,7.32,1.32,7.41,7.3247,0.004699999999999704,False,8.019441069258809,45.01822600243013,False
2022,Samsung Foundry,5930,KOR,country,False,foundry,Transition Year,False,18.03,42.9,7.73,1.44,8.11,7.73487,0.004869999999999486,False,7.9866888519134775,44.98058790904048,False
2023,Samsung Foundry,5930,KOR,country,False,foundry,AI expansion,False,12.36,39.0,4.82,0.99,5.56,4.820399999999999,0.00039999999999906777,False,8.009708737864079,44.983818770226534,False
2024,Samsung Foundry,5930,KOR,country,False,foundry,AI expansion,False,18.09,41.8,7.55,1.45,8.14,7.56162,0.011619999999999742,False,8.015478164731896,44.99723604201217,False
2025,Samsung Foundry,5930,KOR,country,False,foundry,AI expansion,True,20.43,42.4,8.66,1.63,9.19,8.66232,0.0023199999999992116,False,7.978463044542339,44.98286833088595,False
2026,Samsung Foundry,5930,KOR,country,False,foundry,AI expansion,True,21.77,38.6,8.41,1.74,9.8,8.40322,0.006780000000000896,False,7.99265043638034,45.016077170418015,False
2010,GlobalFoundries,GFS,USA,country,False,foundry,Smart automobile expansion,False,3.59,39.4,1.42,0.29,1.62,1.41446,0.005539999999999878,False,8.07799442896936,45.12534818941505,False
2011,GlobalFoundries,GFS,USA,country,False,foundry,Smart automobile expansion,False,3.66,36.6,1.34,0.29,1.65,1.33956,0.00043999999999999595,False,7.923497267759562,45.08196721311475,False
2012,GlobalFoundries,GFS,USA,country,False,foundry,Smart automobile expansion,False,3.99,41.5,1.65,0.32,1.79,1.65585,0.005850000000000133,False,8.020050125313283,44.86215538847117,False
2013,GlobalFoundries,GFS,USA,country,False,foundry,Smart automobile expansion,False,4.42,42.1,1.86,0.35,1.99,1.86082,0.0008199999999998209,False,7.918552036199094,45.022624434389144,False
2014,GlobalFoundries,GFS,USA,country,False,foundry,Smart automobile expansion,False,4.64,40.5,1.88,0.37,2.09,1.8792,0.0007999999999999119,False,7.974137931034483,45.043103448275865,False
2015,GlobalFoundries,GFS,USA,country,False,foundry,Smart automobile expansion,False,5.09,39.1,1.99,0.41,2.29,1.9901900000000001,0.0001900000000001345,False,8.055009823182711,44.9901768172888,False
2016,GlobalFoundries,GFS,USA,country,False,foundry,Smart automobile expansion,False,5.47,38.0,2.08,0.44,2.46,2.0786,0.00140000000000029,False,8.043875685557587,44.972577696526514,False
2017,GlobalFoundries,GFS,USA,country,False,foundry,Smart automobile expansion,False,5.74,38.9,2.23,0.46,2.58,2.23286,0.0028600000000000847,False,8.013937282229964,44.947735191637626,False
2018,GlobalFoundries,GFS,USA,country,False,foundry,Smart automobile expansion,False,5.98,41.5,2.48,0.48,2.69,2.4817,0.0017000000000000348,False,8.026755852842808,44.98327759197324,False
2019,GlobalFoundries,GFS,USA,country,False,foundry,Smart automobile expansion,False,5.47,40.0,2.19,0.44,2.46,2.1879999999999997,0.002000000000000224,False,8.043875685557587,44.972577696526514,False
2020,GlobalFoundries,GFS,USA,country,False,foundry,Smart automobile expansion,False,4.97,41.3,2.06,0.4,2.24,2.0526099999999996,0.007390000000000452,False,8.048289738430585,45.07042253521127,False
2021,GlobalFoundries,GFS,USA,country,False,foundry,Smart automobile expansion,False,6.63,39.7,2.63,0.53,2.98,2.63211,0.0021100000000000563,False,7.99396681749623,44.94720965309201,False
2022,GlobalFoundries,GFS,USA,country,False,foundry,Transition Year,False,8.0,39.8,3.18,0.64,3.6,3.1839999999999997,0.0039999999999995595,False,8.0,45.0,False
2023,GlobalFoundries,GFS,USA,country,False,foundry,AI expansion,False,7.03,35.7,2.51,0.56,3.17,2.50971,0.0002899999999996794,False,7.965860597439544,45.092460881934564,False
2024,GlobalFoundries,GFS,USA,country,False,foundry,AI expansion,False,6.54,37.0,2.42,0.52,2.94,2.4198,0.00019999999999997797,False,7.951070336391437,44.95412844036697,False
2025,GlobalFoundries,GFS,USA,country,False,foundry,AI expansion,True,7.24,37.3,2.7,0.58,3.26,2.7005199999999996,0.0005199999999994098,False,8.011049723756905,45.02762430939226,False
2026,GlobalFoundries,GFS,USA,country,False,foundry,AI expansion,True,7.42,43.9,3.26,0.59,3.34,3.25738,0.0026199999999998447,False,7.951482479784366,45.01347708894878,False
2010,UMC,UMC,TWN,country,False,foundry,Smart automobile expansion,False,4.35,42.2,1.84,0.35,1.96,1.8356999999999999,0.0043000000000001926,False,8.045977011494253,45.05747126436782,False
2011,UMC,UMC,TWN,country,False,foundry,Smart automobile expansion,False,4.32,39.4,1.7,0.35,1.94,1.70208,0.002080000000000082,False,8.101851851851851,44.907407407407405,False
2012,UMC,UMC,TWN,country,False,foundry,Smart automobile expansion,False,4.35,39.0,1.7,0.35,1.96,1.6964999999999997,0.0035000000000002807,False,8.045977011494253,45.05747126436782,False
2013,UMC,UMC,TWN,country,False,foundry,Smart automobile expansion,False,4.64,34.8,1.61,0.37,2.09,1.6147199999999997,0.004719999999999613,False,7.974137931034483,45.043103448275865,False
2014,UMC,UMC,TWN,country,False,foundry,Smart automobile expansion,False,4.62,40.7,1.88,0.37,2.08,1.8803400000000001,0.000340000000000229,False,8.008658008658008,45.02164502164502,False
2015,UMC,UMC,TWN,country,False,foundry,Smart automobile expansion,False,4.52,35.7,1.61,0.36,2.03,1.61364,0.0036399999999998656,False,7.964601769911504,44.911504424778755,False
2016,UMC,UMC,TWN,country,False,foundry,Smart automobile expansion,False,4.71,38.4,1.81,0.38,2.12,1.80864,0.0013600000000000279,False,8.067940552016985,45.010615711252655,False
2017,UMC,UMC,TWN,country,False,foundry,Smart automobile expansion,False,4.83,40.1,1.94,0.39,2.18,1.9368300000000003,0.003169999999999673,False,8.074534161490684,45.134575569358184,False
2018,UMC,UMC,TWN,country,False,foundry,Smart automobile expansion,False,5.14,39.3,2.02,0.41,2.31,2.0200199999999997,1.9999999999686935e-05,False,7.976653696498054,44.94163424124514,False
2019,UMC,UMC,TWN,country,False,foundry,Smart automobile expansion,False,5.29,40.5,2.14,0.42,2.38,2.14245,0.0024500000000000632,False,7.9395085066162565,44.990548204158785,False
2020,UMC,UMC,TWN,country,False,foundry,Smart automobile expansion,False,6.04,44.1,2.66,0.48,2.72,2.6636400000000005,0.0036400000000003097,False,7.9470198675496695,45.033112582781456,False
2021,UMC,UMC,TWN,country,False,foundry,Smart automobile expansion,False,7.69,41.1,3.16,0.62,3.46,3.1605900000000005,0.0005900000000003125,False,8.062418725617684,44.99349804941482,False
2022,UMC,UMC,TWN,country,False,foundry,Transition Year,False,9.4,36.4,3.43,0.75,4.23,3.4216,0.008399999999999963,False,7.978723404255319,45.0,False
2023,UMC,UMC,TWN,country,False,foundry,AI expansion,False,6.87,37.2,2.56,0.55,3.09,2.5556400000000004,0.0043599999999996975,False,8.005822416302767,44.97816593886463,False
2024,UMC,UMC,TWN,country,False,foundry,AI expansion,False,7.41,35.9,2.66,0.59,3.34,2.66019,0.00018999999999991246,False,7.962213225371119,45.07422402159244,False
2025,UMC,UMC,TWN,country,False,foundry,AI expansion,True,8.15,39.3,3.21,0.65,3.67,3.20295,0.007050000000000001,False,7.975460122699387,45.030674846625764,False
2026,UMC,UMC,TWN,country,False,foundry,AI expansion,True,8.13,37.0,3.01,0.65,3.66,3.0081,0.0018999999999995687,False,7.995079950799508,45.01845018450184,False
2010,SMIC,981,CHN,country,False,foundry,Smart automobile expansion,False,1.62,42.5,0.69,0.13,0.73,0.6885000000000001,0.0014999999999998348,False,8.024691358024691,45.06172839506172,False
2011,SMIC,981,CHN,country,False,foundry,Smart automobile expansion,False,1.83,48.7,0.89,0.15,0.82,0.8912100000000001,0.0012100000000000444,False,8.19672131147541,44.8087431693989,False
2012,SMIC,981,CHN,country,False,foundry,Smart automobile expansion,False,1.86,37.0,0.69,0.15,0.84,0.6882,0.0017999999999999128,False,8.064516129032258,45.16129032258064,False
2013,SMIC,981,CHN,country,False,foundry,Smart automobile expansion,False,1.84,40.8,0.75,0.15,0.83,0.75072,0.0007200000000000539,False,8.152173913043477,45.10869565217391,False
2014,SMIC,981,CHN,country,False,foundry,Smart automobile expansion,False,2.03,38.8,0.79,0.16,0.91,0.7876399999999998,0.002360000000000251,False,7.881773399014779,44.827586206896555,False
2015,SMIC,981,CHN,country,False,foundry,Smart automobile expansion,False,2.16,39.6,0.85,0.17,0.97,0.8553600000000001,0.005360000000000142,False,7.87037037037037,44.907407407407405,False
2016,SMIC,981,CHN,country,False,foundry,Smart automobile expansion,False,2.68,40.5,1.09,0.21,1.21,1.0854000000000001,0.0045999999999999375,False,7.835820895522387,45.14925373134328,False
2017,SMIC,981,CHN,country,False,foundry,Smart automobile expansion,False,2.99,36.9,1.1,0.24,1.34,1.10331,0.003309999999999924,False,8.026755852842808,44.81605351170568,False
2018,SMIC,981,CHN,country,False,foundry,Smart automobile expansion,False,3.23,38.5,1.25,0.26,1.46,1.24355,0.006450000000000067,False,8.04953560371517,45.20123839009288,False
2019,SMIC,981,CHN,country,False,foundry,Smart automobile expansion,False,3.64,45.3,1.65,0.29,1.64,1.64892,0.0010799999999999699,False,7.967032967032966,45.05494505494505,False
2020,SMIC,981,CHN,country,False,foundry,Smart automobile expansion,False,3.92,42.9,1.68,0.31,1.76,1.6816799999999998,0.0016799999999999038,False,7.908163265306123,44.89795918367347,False
2021,SMIC,981,CHN,country,False,foundry,Smart automobile expansion,False,5.52,36.4,2.01,0.44,2.48,2.0092799999999995,0.000720000000000276,False,7.971014492753624,44.92753623188406,False
2022,SMIC,981,CHN,country,False,foundry,Transition Year,False,7.09,37.8,2.68,0.57,3.19,2.6800199999999994,1.9999999999242846e-05,False,8.039492242595205,44.99294781382229,False
2023,SMIC,981,CHN,country,False,foundry,AI expansion,False,6.72,37.5,2.52,0.54,3.02,2.52,0.0,False,8.035714285714286,44.94047619047619,False
2024,SMIC,981,CHN,country,False,foundry,AI expansion,False,8.2,37.3,3.06,0.66,3.69,3.0585999999999998,0.00140000000000029,False,8.04878048780488,45.0,False
2025,SMIC,981,CHN,country,False,foundry,AI expansion,True,10.28,41.2,4.23,0.82,4.63,4.23536,0.005359999999999587,False,7.976653696498054,45.038910505836576,False
2026,SMIC,981,CHN,country,False,foundry,AI expansion,True,11.94,39.9,4.76,0.96,5.37,4.76406,0.0040599999999999525,False,8.040201005025125,44.9748743718593,False
2010,NVIDIA,NVDA,USA,country,False,fabless_gpu,Smart automobile expansion,False,3.43,56.3,1.93,0.86,0.07,1.9310900000000002,0.0010900000000002574,False,25.07288629737609,2.0408163265306123,False
2011,NVIDIA,NVDA,USA,country,False,fabless_gpu,Smart automobile expansion,False,3.75,51.3,1.92,0.94,0.07,1.92375,0.003750000000000142,False,25.066666666666666,1.866666666666667,False
2012,NVIDIA,NVDA,USA,country,False,fabless_gpu,Smart automobile expansion,False,3.95,55.5,2.19,0.99,0.08,2.19225,0.0022500000000000853,False,25.063291139240505,2.0253164556962027,False
2013,NVIDIA,NVDA,USA,country,False,fabless_gpu,Smart automobile expansion,False,4.61,55.5,2.56,1.15,0.09,2.5585500000000003,0.0014499999999997293,False,24.945770065075916,1.952277657266811,False
2014,NVIDIA,NVDA,USA,country,False,fabless_gpu,Smart automobile expansion,False,4.68,55.9,2.62,1.17,0.09,2.6161199999999996,0.0038800000000005497,False,25.0,1.9230769230769231,False
2015,NVIDIA,NVDA,USA,country,False,fabless_gpu,Smart automobile expansion,False,5.2,55.7,2.89,1.3,0.1,2.8964000000000003,0.006400000000000183,False,25.0,1.9230769230769231,False
2016,NVIDIA,NVDA,USA,country,False,fabless_gpu,Smart automobile expansion,False,6.49,58.3,3.78,1.62,0.13,3.7836700000000003,0.003670000000000506,False,24.961479198767336,2.0030816640986133,False
2017,NVIDIA,NVDA,USA,country,False,fabless_gpu,Smart automobile expansion,False,8.24,59.6,4.91,2.06,0.16,4.911040000000001,0.001040000000000596,False,25.0,1.9417475728155338,False
2018,NVIDIA,NVDA,USA,country,False,fabless_gpu,Smart automobile expansion,False,9.75,51.3,5.01,2.44,0.2,5.0017499999999995,0.008250000000000313,False,25.025641025641026,2.051282051282051,False
2019,NVIDIA,NVDA,USA,country,False,fabless_gpu,Smart automobile expansion,False,12.67,60.0,7.6,3.17,0.25,7.602,0.002000000000000668,False,25.0197316495659,1.973164956590371,False
2020,NVIDIA,NVDA,USA,country,False,fabless_gpu,Smart automobile expansion,False,17.59,54.5,9.58,4.4,0.35,9.586549999999999,0.0065499999999989456,False,25.01421262080728,1.9897669130187607,False
2021,NVIDIA,NVDA,USA,country,False,fabless_gpu,Smart automobile expansion,False,21.6,59.4,12.83,5.4,0.43,12.8304,0.00039999999999906777,False,25.0,1.9907407407407405,False
2022,NVIDIA,NVDA,USA,country,False,fabless_gpu,Transition Year,False,26.12,52.3,13.66,6.53,0.52,13.66076,0.0007599999999996498,False,25.0,1.9908116385911179,False
2023,NVIDIA,NVDA,USA,country,False,fabless_gpu,AI expansion,False,62.09,58.8,36.52,15.52,1.24,36.508919999999996,0.011080000000006862,False,24.99597358672894,1.9971009824448378,False
2024,NVIDIA,NVDA,USA,country,False,fabless_gpu,AI expansion,False,130.48,59.5,77.65,32.62,2.61,77.6356,0.014400000000009072,False,25.0,2.0003065603923975,False
2025,NVIDIA,NVDA,USA,country,False,fabless_gpu,AI expansion,True,192.19,64.2,123.43,48.05,3.84,123.38598,0.04402000000000328,True,25.001300796087207,1.9980227899474476,False
2026,NVIDIA,NVDA,USA,country,False,fabless_gpu,AI expansion,True,250.68,61.9,155.25,62.67,5.01,155.17092,0.0790800000000047,True,25.0,1.9985639061752034,False
2010,AMD,AMD,USA,country,False,fabless_cpu_gpu,Smart automobile expansion,False,6.11,19.9,1.21,1.22,0.61,1.21589,0.005889999999999951,False,19.96726677577741,9.983633387888705,False
2011,AMD,AMD,USA,country,False,fabless_cpu_gpu,Smart automobile expansion,False,5.85,16.3,0.96,1.17,0.59,0.95355,0.006449999999999956,False,20.0,10.085470085470085,False
2012,AMD,AMD,USA,country,False,fabless_cpu_gpu,Smart automobile expansion,False,5.36,19.0,1.02,1.07,0.54,1.0184,0.0016000000000000458,False,19.962686567164177,10.074626865671641,False
2013,AMD,AMD,USA,country,False,fabless_cpu_gpu,Smart automobile expansion,False,5.14,16.0,0.82,1.03,0.51,0.8223999999999999,0.0023999999999999577,False,20.038910505836576,9.922178988326849,False
2014,AMD,AMD,USA,country,False,fabless_cpu_gpu,Smart automobile expansion,False,4.5,18.5,0.84,0.9,0.45,0.8325,0.007499999999999951,False,20.0,10.0,False
2015,AMD,AMD,USA,country,False,fabless_cpu_gpu,Smart automobile expansion,False,3.96,23.0,0.91,0.79,0.4,0.9107999999999999,0.0007999999999999119,False,19.94949494949495,10.101010101010102,False
2016,AMD,AMD,USA,country,False,fabless_cpu_gpu,Smart automobile expansion,False,4.91,24.0,1.18,0.98,0.49,1.1784000000000001,0.0015999999999998238,False,19.959266802443988,9.979633401221994,False
2017,AMD,AMD,USA,country,False,fabless_cpu_gpu,Smart automobile expansion,False,5.64,17.9,1.01,1.13,0.56,1.0095599999999998,0.000440000000000218,False,20.0354609929078,9.929078014184398,False
2018,AMD,AMD,USA,country,False,fabless_cpu_gpu,Smart automobile expansion,False,6.46,20.7,1.34,1.29,0.65,1.33722,0.0027800000000000047,False,19.96904024767802,10.061919504643964,False
2019,AMD,AMD,USA,country,False,fabless_cpu_gpu,Smart automobile expansion,False,8.19,16.7,1.37,1.64,0.82,1.36773,0.0022700000000002163,False,20.024420024420024,10.012210012210012,False
2020,AMD,AMD,USA,country,False,fabless_cpu_gpu,Smart automobile expansion,False,9.83,20.7,2.03,1.97,0.98,2.03481,0.004809999999999981,False,20.040691759918616,9.969481180061038,False
2021,AMD,AMD,USA,country,False,fabless_cpu_gpu,Smart automobile expansion,False,18.01,25.6,4.62,3.6,1.8,4.61056,0.009439999999999671,False,19.988895058300944,9.994447529150472,False
2022,AMD,AMD,USA,country,False,fabless_cpu_gpu,Transition Year,False,23.0,19.1,4.4,4.6,2.3,4.393,0.007000000000000561,False,20.0,10.0,False
2023,AMD,AMD,USA,country,False,fabless_cpu_gpu,AI expansion,False,21.72,18.2,3.96,4.34,2.17,3.9530399999999997,0.006960000000000299,False,19.98158379373849,9.990791896869245,False
2024,AMD,AMD,USA,country,False,fabless_cpu_gpu,AI expansion,False,26.05,23.6,6.15,5.21,2.6,6.147800000000001,0.0021999999999993136,False,20.0,9.980806142034549,False
2025,AMD,AMD,USA,country,False,fabless_cpu_gpu,AI expansion,True,33.17,18.0,5.98,6.63,3.32,5.970600000000001,0.009399999999999409,False,19.98794091046126,10.009044317154054,False
2026,AMD,AMD,USA,country,False,fabless_cpu_gpu,AI expansion,True,39.38,19.5,7.68,7.88,3.94,7.679100000000001,0.0008999999999987907,False,20.010157440325035,10.005078720162517,False
2010,Qualcomm,QCOM,USA,country,False,fabless_mobile,Smart automobile expansion,False,10.65,28.4,3.03,1.28,1.07,3.0246,0.005399999999999849,False,12.018779342723004,10.046948356807512,False
2011,Qualcomm,QCOM,USA,country,False,fabless_mobile,Smart automobile expansion,False,13.44,29.7,3.99,1.61,1.34,3.9916799999999997,0.0016799999999994597,False,11.979166666666668,9.970238095238097,False
2012,Qualcomm,QCOM,USA,country,False,fabless_mobile,Smart automobile expansion,False,15.75,25.6,4.03,1.89,1.57,4.032,0.0019999999999997797,False,12.0,9.968253968253968,False
2013,Qualcomm,QCOM,USA,country,False,fabless_mobile,Smart automobile expansion,False,20.68,26.1,5.41,2.48,2.07,5.397480000000001,0.01251999999999942,False,11.992263056092844,10.009671179883945,False
2014,Qualcomm,QCOM,USA,country,False,fabless_mobile,Smart automobile expansion,False,21.48,35.5,7.63,2.58,2.15,7.6254,0.0045999999999999375,False,12.011173184357542,10.009310986964618,False
2015,Qualcomm,QCOM,USA,country,False,fabless_mobile,Smart automobile expansion,False,27.28,26.5,7.22,3.27,2.73,7.2292000000000005,0.009200000000000763,False,11.986803519061583,10.007331378299119,False
2016,Qualcomm,QCOM,USA,country,False,fabless_mobile,Smart automobile expansion,False,23.97,31.0,7.44,2.88,2.4,7.430699999999999,0.009300000000001418,False,12.015018773466833,10.012515644555695,False
2017,Qualcomm,QCOM,USA,country,False,fabless_mobile,Smart automobile expansion,False,24.72,27.0,6.68,2.97,2.47,6.6743999999999994,0.005600000000000271,False,12.014563106796118,9.991909385113269,False
2018,Qualcomm,QCOM,USA,country,False,fabless_mobile,Smart automobile expansion,False,22.53,32.3,7.29,2.7,2.25,7.277189999999999,0.012810000000000876,False,11.984021304926765,9.986684420772303,False
2019,Qualcomm,QCOM,USA,country,False,fabless_mobile,Smart automobile expansion,False,23.4,28.9,6.76,2.81,2.34,6.762599999999999,0.0025999999999992696,False,12.008547008547009,10.0,False
2020,Qualcomm,QCOM,USA,country,False,fabless_mobile,Smart automobile expansion,False,23.41,25.9,6.06,2.81,2.34,6.06319,0.003190000000000026,False,12.003417343015805,9.995728321230244,False
2021,Qualcomm,QCOM,USA,country,False,fabless_mobile,Smart automobile expansion,False,33.61,29.2,9.81,4.03,3.36,9.814119999999999,0.004119999999998569,False,11.990479024099972,9.997024695031241,False
2022,Qualcomm,QCOM,USA,country,False,fabless_mobile,Transition Year,False,44.51,28.3,12.61,5.34,4.45,12.59633,0.013669999999999405,False,11.997303976634464,9.997753313862054,False
2023,Qualcomm,QCOM,USA,country,False,fabless_mobile,AI expansion,False,36.31,23.0,8.37,4.36,3.63,8.351300000000002,0.018699999999997274,False,12.00771137427706,9.997245937758192,False
2024,Qualcomm,QCOM,USA,country,False,fabless_mobile,AI expansion,False,39.18,31.1,12.17,4.7,3.92,12.184980000000001,0.014980000000001326,False,11.995916283818275,10.005104645227156,False
2025,Qualcomm,QCOM,USA,country,False,fabless_mobile,AI expansion,True,43.07,30.0,12.92,5.17,4.31,12.921,0.0009999999999994458,False,12.003714882749012,10.006965405154398,False
2026,Qualcomm,QCOM,USA,country,False,fabless_mobile,AI expansion,True,45.99,30.9,14.23,5.52,4.6,14.210909999999998,0.01909000000000205,False,12.002609262883233,10.00217438573603,False
2010,Broadcom,AVGO,USA,country,False,fabless_diversified,Smart automobile expansion,False,2.99,36.3,1.09,0.36,0.3,1.0853700000000002,0.004629999999999912,False,12.040133779264213,10.03344481605351,False
2011,Broadcom,AVGO,USA,country,False,fabless_diversified,Smart automobile expansion,False,3.94,31.2,1.23,0.47,0.39,1.22928,0.0007200000000000539,False,11.928934010152284,9.898477157360407,False
2012,Broadcom,AVGO,USA,country,False,fabless_diversified,Smart automobile expansion,False,4.42,26.7,1.18,0.53,0.44,1.18014,0.000140000000000029,False,11.990950226244344,9.95475113122172,False
2013,Broadcom,AVGO,USA,country,False,fabless_diversified,Smart automobile expansion,False,5.47,30.8,1.68,0.66,0.55,1.68476,0.0047600000000000975,False,12.065813528336381,10.054844606946984,False
2014,Broadcom,AVGO,USA,country,False,fabless_diversified,Smart automobile expansion,False,6.13,24.8,1.52,0.74,0.61,1.52024,0.00024000000000001798,False,12.071778140293638,9.9510603588907,False
2015,Broadcom,AVGO,USA,country,False,fabless_diversified,Smart automobile expansion,False,6.99,31.4,2.19,0.84,0.7,2.19486,0.004859999999999864,False,12.017167381974247,10.014306151645206,False
2016,Broadcom,AVGO,USA,country,False,fabless_diversified,Smart automobile expansion,False,11.09,28.6,3.17,1.33,1.11,3.1717400000000002,0.0017400000000002969,False,11.992786293958522,10.009017132551849,False
2017,Broadcom,AVGO,USA,country,False,fabless_diversified,Smart automobile expansion,False,16.26,30.2,4.9,1.95,1.63,4.91052,0.01051999999999964,False,11.99261992619926,10.024600246002459,False
2018,Broadcom,AVGO,USA,country,False,fabless_diversified,Smart automobile expansion,False,20.62,29.7,6.12,2.47,2.06,6.12414,0.0041399999999995885,False,11.97866149369544,9.990300678952472,False
2019,Broadcom,AVGO,USA,country,False,fabless_diversified,Smart automobile expansion,False,22.18,30.5,6.76,2.66,2.22,6.7649,0.0049000000000001265,False,11.992786293958522,10.009017132551849,False
2020,Broadcom,AVGO,USA,country,False,fabless_diversified,Smart automobile expansion,False,24.98,22.3,5.57,3.0,2.5,5.570539999999999,0.0005399999999990968,False,12.00960768614892,10.0080064051241,False
2021,Broadcom,AVGO,USA,country,False,fabless_diversified,Smart automobile expansion,False,28.35,30.5,8.65,3.4,2.83,8.64675,0.003249999999999531,False,11.992945326278658,9.982363315696649,False
2022,Broadcom,AVGO,USA,country,False,fabless_diversified,Transition Year,False,33.5,28.9,9.68,4.02,3.35,9.6815,0.0015000000000000568,False,11.999999999999998,10.0,False
2023,Broadcom,AVGO,USA,country,False,fabless_diversified,AI expansion,False,33.96,31.0,10.52,4.08,3.4,10.5276,0.007600000000000051,False,12.014134275618375,10.01177856301531,False
2024,Broadcom,AVGO,USA,country,False,fabless_diversified,AI expansion,False,54.34,25.4,13.8,6.52,5.43,13.80236,0.0023599999999994736,False,11.99852778800147,9.99263894000736,False
2025,Broadcom,AVGO,USA,country,False,fabless_diversified,AI expansion,True,62.4,29.0,18.1,7.49,6.24,18.096,0.004000000000001336,False,12.003205128205128,10.0,False
2026,Broadcom,AVGO,USA,country,False,fabless_diversified,AI expansion,True,69.87,26.8,18.75,8.38,6.99,18.725160000000002,0.02483999999999753,True,11.993702590525261,10.00429368827823,False
2010,MediaTek,2454,TWN,country,False,fabless_mobile,Smart automobile expansion,False,3.56,33.9,1.21,0.43,0.36,1.20684,0.0031600000000000517,False,12.078651685393258,10.112359550561797,False
2011,MediaTek,2454,TWN,country,False,fabless_mobile,Smart automobile expansion,False,4.23,35.2,1.49,0.51,0.42,1.48896,0.0010399999999999299,False,12.056737588652481,9.929078014184396,False
2012,MediaTek,2454,TWN,country,False,fabless_mobile,Smart automobile expansion,False,4.89,31.3,1.53,0.59,0.49,1.53057,0.0005699999999999594,False,12.065439672801636,10.020449897750511,False
2013,MediaTek,2454,TWN,country,False,fabless_mobile,Smart automobile expansion,False,5.56,31.3,1.74,0.67,0.56,1.7402799999999998,0.00027999999999983594,False,12.050359712230216,10.071942446043167,False
2014,MediaTek,2454,TWN,country,False,fabless_mobile,Smart automobile expansion,False,5.99,29.1,1.74,0.72,0.6,1.7430900000000003,0.003090000000000259,False,12.020033388981636,10.016694490818029,False
2015,MediaTek,2454,TWN,country,False,fabless_mobile,Smart automobile expansion,False,6.41,27.9,1.79,0.77,0.64,1.78839,0.0016100000000001113,False,12.012480499219969,9.98439937597504,False
2016,MediaTek,2454,TWN,country,False,fabless_mobile,Smart automobile expansion,False,7.0,26.5,1.85,0.84,0.7,1.855,0.004999999999999893,False,12.0,10.0,False
2017,MediaTek,2454,TWN,country,False,fabless_mobile,Smart automobile expansion,False,7.37,29.4,2.17,0.88,0.74,2.16678,0.0032199999999997786,False,11.940298507462686,10.040705563093622,False
2018,MediaTek,2454,TWN,country,False,fabless_mobile,Smart automobile expansion,False,7.87,32.3,2.54,0.94,0.79,2.54201,0.0020099999999998452,False,11.944091486658195,10.038119440914867,False
2019,MediaTek,2454,TWN,country,False,fabless_mobile,Smart automobile expansion,False,9.77,32.2,3.14,1.17,0.98,3.14594,0.005939999999999834,False,11.975435005117706,10.030706243602866,False
2020,MediaTek,2454,TWN,country,False,fabless_mobile,Smart automobile expansion,False,10.4,29.8,3.1,1.25,1.04,3.0992,0.0007999999999999119,False,12.019230769230768,10.0,False
2021,MediaTek,2454,TWN,country,False,fabless_mobile,Smart automobile expansion,False,14.24,28.4,4.05,1.71,1.42,4.04416,0.005840000000000067,False,12.008426966292134,9.97191011235955,False
2022,MediaTek,2454,TWN,country,False,fabless_mobile,Transition Year,False,19.46,31.9,6.21,2.34,1.95,6.20774,0.0022599999999997067,False,12.024665981500512,10.020554984583761,False
2023,MediaTek,2454,TWN,country,False,fabless_mobile,AI expansion,False,13.32,17.0,2.26,1.6,1.33,2.2644,0.004400000000000404,False,12.012012012012011,9.984984984984985,False
2024,MediaTek,2454,TWN,country,False,fabless_mobile,AI expansion,False,17.02,26.4,4.48,2.04,1.7,4.4932799999999995,0.01327999999999907,False,11.985898942420683,9.9882491186839,False
2025,MediaTek,2454,TWN,country,False,fabless_mobile,AI expansion,True,18.62,30.9,5.76,2.23,1.86,5.75358,0.006419999999999426,False,11.976369495166487,9.989258861439312,False
2026,MediaTek,2454,TWN,country,False,fabless_mobile,AI expansion,True,21.74,31.8,6.92,2.61,2.17,6.91332,0.006680000000000241,False,12.005519779208832,9.981600735970561,False
2010,Marvell,MRVL,USA,country,False,fabless_networking,Smart automobile expansion,False,3.36,25.9,0.87,0.4,0.34,0.8702399999999999,0.00023999999999990695,False,11.904761904761905,10.11904761904762,False
2011,Marvell,MRVL,USA,country,False,fabless_networking,Smart automobile expansion,False,3.43,26.2,0.9,0.41,0.34,0.89866,0.0013400000000000079,False,11.953352769679299,9.912536443148689,False
2012,Marvell,MRVL,USA,country,False,fabless_networking,Smart automobile expansion,False,3.4,18.8,0.64,0.41,0.34,0.6392,0.0008000000000000229,False,12.058823529411764,10.0,False
2013,Marvell,MRVL,USA,country,False,fabless_networking,Smart automobile expansion,False,3.01,26.8,0.8,0.36,0.3,0.80668,0.006679999999999908,False,11.960132890365449,9.966777408637874,False
2014,Marvell,MRVL,USA,country,False,fabless_networking,Smart automobile expansion,False,2.75,29.4,0.81,0.33,0.27,0.8085,0.0015000000000000568,False,12.000000000000002,9.818181818181818,False
2015,Marvell,MRVL,USA,country,False,fabless_networking,Smart automobile expansion,False,2.73,27.5,0.75,0.33,0.27,0.75075,0.0007500000000000284,False,12.087912087912088,9.89010989010989,False
2016,Marvell,MRVL,USA,country,False,fabless_networking,Smart automobile expansion,False,2.56,27.4,0.7,0.31,0.26,0.70144,0.0014399999999999968,False,12.109375,10.15625,False
2017,Marvell,MRVL,USA,country,False,fabless_networking,Smart automobile expansion,False,2.58,25.7,0.66,0.31,0.26,0.66306,0.0030599999999999516,False,12.015503875968992,10.077519379844961,False
2018,Marvell,MRVL,USA,country,False,fabless_networking,Smart automobile expansion,False,2.42,25.8,0.62,0.29,0.24,0.62436,0.0043600000000000305,False,11.983471074380164,9.917355371900827,False
2019,Marvell,MRVL,USA,country,False,fabless_networking,Smart automobile expansion,False,2.63,24.6,0.65,0.32,0.26,0.6469800000000001,0.0030199999999999116,False,12.167300380228138,9.885931558935363,False
2020,Marvell,MRVL,USA,country,False,fabless_networking,Smart automobile expansion,False,2.99,26.2,0.78,0.36,0.3,0.7833800000000001,0.0033800000000000496,False,12.040133779264213,10.03344481605351,False
2021,Marvell,MRVL,USA,country,False,fabless_networking,Smart automobile expansion,False,4.59,21.8,1.0,0.55,0.46,1.00062,0.0006200000000000649,False,11.982570806100219,10.02178649237473,False
2022,Marvell,MRVL,USA,country,False,fabless_networking,Transition Year,False,5.88,29.4,1.73,0.71,0.59,1.7287199999999998,0.0012800000000001699,False,12.074829931972788,10.034013605442176,False
2023,Marvell,MRVL,USA,country,False,fabless_networking,AI expansion,False,5.38,22.5,1.21,0.65,0.54,1.2105,0.0004999999999999449,False,12.0817843866171,10.037174721189592,False
2024,Marvell,MRVL,USA,country,False,fabless_networking,AI expansion,False,5.84,27.5,1.61,0.7,0.58,1.6059999999999999,0.004000000000000226,False,11.986301369863012,9.931506849315069,False
2025,Marvell,MRVL,USA,country,False,fabless_networking,AI expansion,True,7.15,29.0,2.07,0.86,0.72,2.0735,0.0035000000000002807,False,12.027972027972027,10.06993006993007,False
2026,Marvell,MRVL,USA,country,False,fabless_networking,AI expansion,True,8.72,27.5,2.4,1.05,0.87,2.398,0.0019999999999997797,False,12.041284403669724,9.977064220183486,False
2010,Intel,INTC,USA,country,False,idm_cpu,Smart automobile expansion,False,44.33,27.0,11.96,8.87,11.08,11.9691,0.009099999999998332,False,20.009023234829684,24.99436047823145,False
2011,Intel,INTC,USA,country,False,idm_cpu,Smart automobile expansion,False,45.66,14.0,6.39,9.13,11.41,6.3924,0.002400000000000624,False,19.995619798510734,24.98904949627683,False
2012,Intel,INTC,USA,country,False,idm_cpu,Smart automobile expansion,False,50.66,18.6,9.44,10.13,12.67,9.42276,0.017239999999999256,False,19.99605211212002,25.009869719699964,False
2013,Intel,INTC,USA,country,False,idm_cpu,Smart automobile expansion,False,50.78,23.9,12.15,10.16,12.7,12.136420000000001,0.01357999999999926,False,20.007877116975187,25.009846396218983,False
2014,Intel,INTC,USA,country,False,idm_cpu,Smart automobile expansion,False,50.47,16.2,8.2,10.09,12.62,8.176139999999998,0.02386000000000088,True,19.992074499702795,25.00495343768575,False
2015,Intel,INTC,USA,country,False,idm_cpu,Smart automobile expansion,False,52.71,17.6,9.29,10.54,13.18,9.27696,0.013039999999998386,False,19.99620565357617,25.00474293302978,False
2016,Intel,INTC,USA,country,False,idm_cpu,Smart automobile expansion,False,61.27,21.6,13.22,12.25,15.32,13.234320000000002,0.014320000000001443,False,19.99347151950383,25.0040803003101,False
2017,Intel,INTC,USA,country,False,idm_cpu,Smart automobile expansion,False,66.18,15.8,10.43,13.24,16.54,10.456440000000002,0.026440000000002684,True,20.006044122091264,24.992444847385915,False
2018,Intel,INTC,USA,country,False,idm_cpu,Smart automobile expansion,False,66.06,20.2,13.32,13.21,16.51,13.34412,0.02411999999999992,True,19.996972449288524,24.992431123221316,False
2019,Intel,INTC,USA,country,False,idm_cpu,Smart automobile expansion,False,73.31,21.4,15.67,14.66,18.33,15.688339999999998,0.01833999999999847,False,19.997271859227936,25.003410175965072,False
2020,Intel,INTC,USA,country,False,idm_cpu,Smart automobile expansion,False,79.56,20.4,16.24,15.91,19.89,16.23024,0.009759999999999991,False,19.997486173956762,25.0,False
2021,Intel,INTC,USA,country,False,idm_cpu,Smart automobile expansion,False,72.13,20.7,14.92,14.43,18.03,14.930909999999999,0.010909999999999087,False,20.00554554277,24.996534035768754,False
2022,Intel,INTC,USA,country,False,idm_cpu,Transition Year,False,64.11,7.9,5.06,12.82,16.03,5.06469,0.004690000000000083,False,19.996880361878024,25.003899547652473,False
2023,Intel,INTC,USA,country,False,idm_cpu,AI expansion,False,53.91,10.6,5.71,10.78,13.48,5.714459999999999,0.00445999999999902,False,19.99629011315155,25.004637358560565,False
2024,Intel,INTC,USA,country,False,idm_cpu,AI expansion,False,54.42,8.8,4.8,10.88,13.61,4.78896,0.011039999999999495,False,19.99264976111724,25.009187798603456,False
2025,Intel,INTC,USA,country,False,idm_cpu,AI expansion,True,57.44,9.2,5.29,11.49,14.36,5.284479999999999,0.0055200000000006355,False,20.00348189415042,25.0,False
2026,Intel,INTC,USA,country,False,idm_cpu,AI expansion,True,59.79,12.5,7.47,11.96,14.95,7.47375,0.003750000000000142,False,20.003345040976754,25.00418130122094,False
2010,Samsung Memory,5930,KOR,country,False,idm_memory,Smart automobile expansion,False,31.08,16.1,5.0,3.11,10.88,5.0038800000000005,0.0038800000000005497,False,10.006435006435007,35.00643500643501,False
2011,Samsung Memory,5930,KOR,country,False,idm_memory,Smart automobile expansion,False,32.71,7.9,2.57,3.27,11.45,2.5840899999999998,0.014089999999999936,False,9.99694283093855,35.004585753592174,False
2012,Samsung Memory,5930,KOR,country,False,idm_memory,Smart automobile expansion,False,34.69,13.6,4.72,3.47,12.14,4.717839999999999,0.002160000000000828,False,10.002882675122516,34.99567598731623,False
2013,Samsung Memory,5930,KOR,country,False,idm_memory,Smart automobile expansion,False,36.29,10.6,3.85,3.63,12.7,3.8467399999999996,0.0032600000000004847,False,10.0027555800496,34.9958666299256,False
2014,Samsung Memory,5930,KOR,country,False,idm_memory,Smart automobile expansion,False,39.06,15.0,5.86,3.91,13.67,5.859000000000001,0.0009999999999994458,False,10.010240655401946,34.99743983614951,False
2015,Samsung Memory,5930,KOR,country,False,idm_memory,Smart automobile expansion,False,38.92,18.3,7.12,3.89,13.62,7.122360000000001,0.00236000000000125,False,9.99486125385406,34.994861253854054,False
2016,Samsung Memory,5930,KOR,country,False,idm_memory,Smart automobile expansion,False,52.14,16.6,8.68,5.21,18.25,8.655240000000001,0.024759999999998783,True,9.992328346758725,35.001917913310315,False
2017,Samsung Memory,5930,KOR,country,False,idm_memory,Smart automobile expansion,False,63.85,20.6,13.13,6.39,22.35,13.153100000000002,0.02310000000000123,True,10.007830853563037,35.003915426781525,False
2018,Samsung Memory,5930,KOR,country,False,idm_memory,Smart automobile expansion,False,75.95,29.8,22.61,7.59,26.58,22.6331,0.023099999999999454,True,9.993416721527321,34.996708360763655,False
2019,Samsung Memory,5930,KOR,country,False,idm_memory,Smart automobile expansion,False,74.27,40.9,30.39,7.43,25.99,30.376429999999996,0.013570000000004967,False,10.004039316009155,34.99394102598627,False
2020,Samsung Memory,5930,KOR,country,False,idm_memory,Smart automobile expansion,False,64.28,40.2,25.81,6.43,22.5,25.84056,0.030560000000001253,True,10.003111387678903,35.003111387678906,False
2021,Samsung Memory,5930,KOR,country,False,idm_memory,Smart automobile expansion,False,69.3,41.4,28.7,6.93,24.26,28.6902,0.009799999999998477,False,10.0,35.00721500721501,False
2022,Samsung Memory,5930,KOR,country,False,idm_memory,Transition Year,False,75.7,33.1,25.09,7.57,26.5,25.0567,0.03330000000000055,True,10.0,35.006605019815055,False
2023,Samsung Memory,5930,KOR,country,False,idm_memory,AI expansion,False,50.38,23.3,11.75,5.04,17.63,11.73854,0.011459999999999582,False,10.00396982929734,34.99404525605399,False
2024,Samsung Memory,5930,KOR,country,False,idm_memory,AI expansion,False,74.79,26.8,20.06,7.48,26.18,20.043720000000004,0.016279999999994743,False,10.001337077149351,35.004679770022726,False
2025,Samsung Memory,5930,KOR,country,False,idm_memory,AI expansion,True,83.84,25.4,21.3,8.38,29.34,21.295360000000002,0.004639999999998423,False,9.995229007633588,34.99522900763359,False
2026,Samsung Memory,5930,KOR,country,False,idm_memory,AI expansion,True,94.46,19.3,18.28,9.45,33.06,18.23078,0.04922000000000182,True,10.004234596654667,34.99894135083634,False
2010,SK Hynix,660,KOR,country,False,idm_memory,Smart automobile expansion,False,10.61,23.9,2.54,1.06,3.72,2.53579,0.004210000000000047,False,9.990574929311972,35.0612629594722,False
2011,SK Hynix,660,KOR,country,False,idm_memory,Smart automobile expansion,False,11.58,10.4,1.21,1.16,4.05,1.20432,0.005679999999999907,False,10.017271157167528,34.9740932642487,False
2012,SK Hynix,660,KOR,country,False,idm_memory,Smart automobile expansion,False,13.32,10.4,1.38,1.33,4.66,1.3852800000000003,0.0052800000000003955,False,9.984984984984985,34.98498498498498,False
2013,SK Hynix,660,KOR,country,False,idm_memory,Smart automobile expansion,False,14.58,11.2,1.63,1.46,5.1,1.63296,0.0029600000000000737,False,10.013717421124827,34.97942386831275,False
2014,SK Hynix,660,KOR,country,False,idm_memory,Smart automobile expansion,False,15.24,12.1,1.84,1.52,5.33,1.84404,0.0040399999999998215,False,9.973753280839896,34.9737532808399,False
2015,SK Hynix,660,KOR,country,False,idm_memory,Smart automobile expansion,False,17.49,20.5,3.58,1.75,6.12,3.58545,0.005449999999999733,False,10.005717552887365,34.99142367066896,False
2016,SK Hynix,660,KOR,country,False,idm_memory,Smart automobile expansion,False,22.88,19.6,4.49,2.29,8.01,4.4844800000000005,0.005519999999999747,False,10.008741258741258,35.00874125874126,False
2017,SK Hynix,660,KOR,country,False,idm_memory,Smart automobile expansion,False,30.12,22.5,6.77,3.01,10.54,6.777,0.007000000000000561,False,9.9933598937583,34.993359893758296,False
2018,SK Hynix,660,KOR,country,False,idm_memory,Smart automobile expansion,False,35.86,30.8,11.03,3.59,12.55,11.044880000000001,0.014880000000001559,False,10.011154489682097,34.99721137757948,False
2019,SK Hynix,660,KOR,country,False,idm_memory,Smart automobile expansion,False,32.3,33.3,10.74,3.23,11.31,10.755899999999999,0.01589999999999847,False,10.0,35.015479876160995,False
2020,SK Hynix,660,KOR,country,False,idm_memory,Smart automobile expansion,False,27.17,32.8,8.9,2.72,9.51,8.91176,0.011759999999998882,False,10.01104158998896,35.00184026499816,False
2021,SK Hynix,660,KOR,country,False,idm_memory,Smart automobile expansion,False,30.7,38.6,11.86,3.07,10.75,11.8502,0.009800000000000253,False,10.0,35.01628664495114,False
2022,SK Hynix,660,KOR,country,False,idm_memory,Transition Year,False,34.69,44.5,15.42,3.47,12.14,15.43705,0.017049999999999343,False,10.002882675122516,34.99567598731623,False
2023,SK Hynix,660,KOR,country,False,idm_memory,AI expansion,False,25.33,22.2,5.63,2.53,8.86,5.623259999999999,0.006740000000000634,False,9.988156336360047,34.978286616660085,False
2024,SK Hynix,660,KOR,country,False,idm_memory,AI expansion,False,51.53,28.8,14.84,5.15,18.04,14.84064,0.0006400000000006401,False,9.99417814865127,35.00873277702309,False
2025,SK Hynix,660,KOR,country,False,idm_memory,AI expansion,True,59.99,24.7,14.8,6.0,21.0,14.81753,0.017529999999998935,False,10.001666944490747,35.00583430571762,False
2026,SK Hynix,660,KOR,country,False,idm_memory,AI expansion,True,71.31,17.3,12.37,7.13,24.96,12.33663,0.03336999999999968,True,9.998597672135745,35.00210349179638,False
2010,Micron,MU,USA,country,False,idm_memory,Smart automobile expansion,False,8.78,16.5,1.45,0.88,3.07,1.4486999999999997,0.001300000000000301,False,10.022779043280183,34.96583143507973,False
2011,Micron,MU,USA,country,False,idm_memory,Smart automobile expansion,False,10.04,22.7,2.28,1.0,3.51,2.27908,0.0009199999999998099,False,9.9601593625498,34.9601593625498,False
2012,Micron,MU,USA,country,False,idm_memory,Smart automobile expansion,False,11.66,15.7,1.83,1.17,4.08,1.83062,0.0006199999999998429,False,10.034305317324185,34.99142367066895,False
2013,Micron,MU,USA,country,False,idm_memory,Smart automobile expansion,False,13.16,11.7,1.55,1.32,4.6,1.5397199999999998,0.010280000000000289,False,10.030395136778116,34.954407294832826,False
2014,Micron,MU,USA,country,False,idm_memory,Smart automobile expansion,False,14.64,10.5,1.54,1.46,5.12,1.5372,0.0028000000000001357,False,9.972677595628415,34.97267759562842,False
2015,Micron,MU,USA,country,False,idm_memory,Smart automobile expansion,False,15.83,15.5,2.46,1.58,5.54,2.45365,0.006349999999999856,False,9.98104864181933,34.99684144030322,False
2016,Micron,MU,USA,country,False,idm_memory,Smart automobile expansion,False,20.41,21.2,4.32,2.04,7.14,4.32692,0.006920000000000037,False,9.995100440960314,34.98285154336109,False
2017,Micron,MU,USA,country,False,idm_memory,Smart automobile expansion,False,26.52,26.1,6.92,2.65,9.28,6.9217200000000005,0.00172000000000061,False,9.992458521870287,34.99245852187028,False
2018,Micron,MU,USA,country,False,idm_memory,Smart automobile expansion,False,30.14,32.2,9.71,3.01,10.55,9.705080000000002,0.004919999999998481,False,9.986728599867286,35.00331785003318,False
2019,Micron,MU,USA,country,False,idm_memory,Smart automobile expansion,False,25.66,38.6,9.9,2.57,8.98,9.90476,0.004759999999999209,False,10.015588464536243,34.996102883865944,False
2020,Micron,MU,USA,country,False,idm_memory,Smart automobile expansion,False,20.26,38.0,7.69,2.03,7.09,7.698800000000001,0.008800000000000807,False,10.019743336623888,34.99506416584403,False
2021,Micron,MU,USA,country,False,idm_memory,Smart automobile expansion,False,24.59,35.5,8.73,2.46,8.61,8.72945,0.0005500000000004945,False,10.00406669377796,35.01423342822285,False
2022,Micron,MU,USA,country,False,idm_memory,Transition Year,False,32.09,41.3,13.26,3.21,11.23,13.25317,0.0068299999999990035,False,10.00311623558741,34.99532564661888,False
2023,Micron,MU,USA,country,False,idm_memory,AI expansion,False,15.17,20.6,3.13,1.52,5.31,3.12502,0.004979999999999762,False,10.01977587343441,35.00329597890573,False
2024,Micron,MU,USA,country,False,idm_memory,AI expansion,False,22.96,28.4,6.52,2.3,8.04,6.520639999999999,0.0006399999999997519,False,10.017421602787454,35.01742160278745,False
2025,Micron,MU,USA,country,False,idm_memory,AI expansion,True,33.93,25.4,8.63,3.39,11.87,8.618219999999999,0.011780000000001678,False,9.991158267020337,34.983790156203945,False
2026,Micron,MU,USA,country,False,idm_memory,AI expansion,True,37.37,19.8,7.38,3.74,13.08,7.399259999999999,0.019259999999999167,False,10.00802782981001,35.001337971635,False
2010,Texas Instruments,TXN,USA,country,False,idm_analog,Smart automobile expansion,False,13.26,44.1,5.85,1.59,1.59,5.847659999999999,0.002340000000000231,False,11.990950226244344,11.990950226244344,False
2011,Texas Instruments,TXN,USA,country,False,idm_analog,Smart automobile expansion,False,13.76,44.7,6.16,1.65,1.65,6.15072,0.009280000000000399,False,11.99127906976744,11.99127906976744,False
2012,Texas Instruments,TXN,USA,country,False,idm_analog,Smart automobile expansion,False,13.87,46.0,6.38,1.66,1.66,6.380199999999999,0.00019999999999953388,False,11.968276856524875,11.968276856524875,False
2013,Texas Instruments,TXN,USA,country,False,idm_analog,Smart automobile expansion,False,13.63,42.9,5.85,1.64,1.64,5.84727,0.002729999999999677,False,12.032281731474686,12.032281731474686,False
2014,Texas Instruments,TXN,USA,country,False,idm_analog,Smart automobile expansion,False,13.54,49.9,6.75,1.62,1.62,6.75646,0.006459999999999688,False,11.964549483013295,11.964549483013295,False
2015,Texas Instruments,TXN,USA,country,False,idm_analog,Smart automobile expansion,False,12.63,42.3,5.35,1.52,1.52,5.342490000000001,0.0075099999999990175,False,12.034837688044338,12.034837688044338,False
2016,Texas Instruments,TXN,USA,country,False,idm_analog,Smart automobile expansion,False,14.5,44.4,6.44,1.74,1.74,6.438,0.002000000000000668,False,12.0,12.0,False
2017,Texas Instruments,TXN,USA,country,False,idm_analog,Smart automobile expansion,False,15.51,43.7,6.77,1.86,1.86,6.77787,0.007870000000000488,False,11.992263056092845,11.992263056092845,False
2018,Texas Instruments,TXN,USA,country,False,idm_analog,Smart automobile expansion,False,16.5,45.4,7.49,1.98,1.98,7.4910000000000005,0.001000000000000334,False,12.0,12.0,False
2019,Texas Instruments,TXN,USA,country,False,idm_analog,Smart automobile expansion,False,15.27,49.7,7.59,1.83,1.83,7.589189999999999,0.0008100000000004215,False,11.984282907662083,11.984282907662083,False
2020,Texas Instruments,TXN,USA,country,False,idm_analog,Smart automobile expansion,False,14.34,42.2,6.05,1.72,1.72,6.051480000000001,0.001480000000000814,False,11.994421199442119,11.994421199442119,False
2021,Texas Instruments,TXN,USA,country,False,idm_analog,Smart automobile expansion,False,17.02,46.4,7.89,2.04,2.04,7.897279999999999,0.007279999999999731,False,11.985898942420683,11.985898942420683,False
2022,Texas Instruments,TXN,USA,country,False,idm_analog,Transition Year,False,19.08,46.9,8.95,2.29,2.29,8.948519999999998,0.001480000000000814,False,12.002096436058702,12.002096436058702,False
2023,Texas Instruments,TXN,USA,country,False,idm_analog,AI expansion,False,17.22,48.4,8.34,2.07,2.07,8.33448,0.0055200000000006355,False,12.020905923344948,12.020905923344948,False
2024,Texas Instruments,TXN,USA,country,False,idm_analog,AI expansion,False,14.89,42.6,6.35,1.79,1.79,6.343140000000001,0.006859999999998756,False,12.021490933512425,12.021490933512425,False
2025,Texas Instruments,TXN,USA,country,False,idm_analog,AI expansion,True,16.64,42.5,7.07,2.0,2.0,7.072,0.0019999999999997797,False,12.019230769230768,12.019230769230768,False
2026,Texas Instruments,TXN,USA,country,False,idm_analog,AI expansion,True,19.14,44.5,8.51,2.3,2.3,8.5173,0.00730000000000075,False,12.016718913270637,12.016718913270637,False
2010,Analog Devices,ADI,USA,country,False,idm_analog,Smart automobile expansion,False,2.88,44.5,1.28,0.35,0.35,1.2816,0.0016000000000000458,False,12.152777777777777,12.152777777777777,False
2011,Analog Devices,ADI,USA,country,False,idm_analog,Smart automobile expansion,False,3.02,42.0,1.27,0.36,0.36,1.2684,0.0016000000000000458,False,11.920529801324504,11.920529801324504,False
2012,Analog Devices,ADI,USA,country,False,idm_analog,Smart automobile expansion,False,3.17,47.0,1.49,0.38,0.38,1.4899,9.999999999998899e-05,False,11.987381703470032,11.987381703470032,False
2013,Analog Devices,ADI,USA,country,False,idm_analog,Smart automobile expansion,False,3.24,46.7,1.51,0.39,0.39,1.5130800000000002,0.0030800000000001937,False,12.037037037037036,12.037037037037036,False
2014,Analog Devices,ADI,USA,country,False,idm_analog,Smart automobile expansion,False,3.33,51.1,1.7,0.4,0.4,1.7016300000000002,0.0016300000000002424,False,12.012012012012011,12.012012012012011,False
2015,Analog Devices,ADI,USA,country,False,idm_analog,Smart automobile expansion,False,3.39,44.1,1.49,0.41,0.41,1.4949900000000003,0.004990000000000272,False,12.094395280235986,12.094395280235986,False
2016,Analog Devices,ADI,USA,country,False,idm_analog,Smart automobile expansion,False,4.24,41.9,1.78,0.51,0.51,1.7765600000000001,0.0034399999999998876,False,12.028301886792454,12.028301886792454,False
2017,Analog Devices,ADI,USA,country,False,idm_analog,Smart automobile expansion,False,5.07,42.3,2.15,0.61,0.61,2.1446099999999997,0.005390000000000228,False,12.031558185404338,12.031558185404338,False
2018,Analog Devices,ADI,USA,country,False,idm_analog,Smart automobile expansion,False,6.19,46.0,2.85,0.74,0.74,2.8474,0.0026000000000001577,False,11.954765751211632,11.954765751211632,False
2019,Analog Devices,ADI,USA,country,False,idm_analog,Smart automobile expansion,False,5.91,42.7,2.52,0.71,0.71,2.5235700000000003,0.003570000000000295,False,12.013536379018612,12.013536379018612,False
2020,Analog Devices,ADI,USA,country,False,idm_analog,Smart automobile expansion,False,5.75,47.2,2.72,0.69,0.69,2.7140000000000004,0.005999999999999783,False,12.0,12.0,False
2021,Analog Devices,ADI,USA,country,False,idm_analog,Smart automobile expansion,False,8.76,43.0,3.77,1.05,1.05,3.7668,0.0032000000000000917,False,11.986301369863014,11.986301369863014,False
2022,Analog Devices,ADI,USA,country,False,idm_analog,Transition Year,False,12.2,45.6,5.56,1.46,1.46,5.563199999999999,0.0031999999999996476,False,11.967213114754099,11.967213114754099,False
2023,Analog Devices,ADI,USA,country,False,idm_analog,AI expansion,False,11.78,44.8,5.28,1.41,1.41,5.2774399999999995,0.002560000000000784,False,11.96943972835314,11.96943972835314,False
2024,Analog Devices,ADI,USA,country,False,idm_analog,AI expansion,False,9.47,42.3,4.01,1.14,1.14,4.00581,0.004189999999999472,False,12.038014783526926,12.038014783526926,False
2025,Analog Devices,ADI,USA,country,False,idm_analog,AI expansion,True,11.01,40.6,4.48,1.32,1.32,4.47006,0.009940000000000282,False,11.989100817438693,11.989100817438693,False
2026,Analog Devices,ADI,USA,country,False,idm_analog,AI expansion,True,13.01,48.7,6.34,1.56,1.56,6.33587,0.004129999999999967,False,11.990776325903152,11.990776325903152,False
2010,Infineon,IFX,DEU,country,False,idm_automotive,Smart automobile expansion,False,4.57,21.1,0.96,0.55,0.68,0.9642700000000001,0.004270000000000107,False,12.035010940919037,14.87964989059081,False
2011,Infineon,IFX,DEU,country,False,idm_automotive,Smart automobile expansion,False,4.54,16.5,0.75,0.54,0.68,0.7491,0.0009000000000000119,False,11.894273127753305,14.977973568281937,False
2012,Infineon,IFX,DEU,country,False,idm_automotive,Smart automobile expansion,False,5.11,16.8,0.86,0.61,0.77,0.8584800000000001,0.0015199999999998548,False,11.937377690802348,15.068493150684931,False
2013,Infineon,IFX,DEU,country,False,idm_automotive,Smart automobile expansion,False,5.56,26.0,1.44,0.67,0.83,1.4456,0.005600000000000049,False,12.050359712230216,14.928057553956837,False
2014,Infineon,IFX,DEU,country,False,idm_automotive,Smart automobile expansion,False,5.52,17.5,0.97,0.66,0.83,0.966,0.0040000000000000036,False,11.956521739130437,15.03623188405797,False
2015,Infineon,IFX,DEU,country,False,idm_automotive,Smart automobile expansion,False,6.04,24.8,1.5,0.73,0.91,1.49792,0.002080000000000082,False,12.086092715231787,15.066225165562914,False
2016,Infineon,IFX,DEU,country,False,idm_automotive,Smart automobile expansion,False,6.56,20.7,1.36,0.79,0.98,1.3579199999999998,0.002080000000000304,False,12.042682926829269,14.939024390243901,False
2017,Infineon,IFX,DEU,country,False,idm_automotive,Smart automobile expansion,False,8.03,15.0,1.21,0.96,1.2,1.2045,0.00550000000000006,False,11.955168119551681,14.943960149439603,False
2018,Infineon,IFX,DEU,country,False,idm_automotive,Smart automobile expansion,False,8.08,18.7,1.51,0.97,1.21,1.51096,0.0009600000000000719,False,12.004950495049505,14.975247524752474,False
2019,Infineon,IFX,DEU,country,False,idm_automotive,Smart automobile expansion,False,8.57,22.4,1.92,1.03,1.28,1.9196799999999998,0.000320000000000098,False,12.018669778296383,14.935822637106183,False
2020,Infineon,IFX,DEU,country,False,idm_automotive,Smart automobile expansion,False,9.07,14.7,1.33,1.09,1.36,1.33329,0.003290000000000015,False,12.017640573318634,14.994487320837926,False
2021,Infineon,IFX,DEU,country,False,idm_automotive,Smart automobile expansion,False,11.78,18.3,2.15,1.41,1.77,2.1557399999999998,0.005739999999999856,False,11.96943972835314,15.025466893039049,False
2022,Infineon,IFX,DEU,country,False,idm_automotive,Transition Year,False,14.75,18.1,2.67,1.77,2.21,2.66975,0.00024999999999986144,False,12.0,14.983050847457626,False
2023,Infineon,IFX,DEU,country,False,idm_automotive,AI expansion,False,16.68,11.6,1.94,2.0,2.5,1.93488,0.005120000000000013,False,11.990407673860911,14.98800959232614,False
2024,Infineon,IFX,DEU,country,False,idm_automotive,AI expansion,False,15.35,21.3,3.28,1.84,2.3,3.2695499999999997,0.01045000000000007,False,11.98697068403909,14.983713355048858,False
2025,Infineon,IFX,DEU,country,False,idm_automotive,AI expansion,True,15.69,21.6,3.39,1.88,2.35,3.38904,0.0009600000000000719,False,11.982154238368386,14.977692797960485,False
2026,Infineon,IFX,DEU,country,False,idm_automotive,AI expansion,True,17.45,20.7,3.61,2.09,2.62,3.6121499999999997,0.0021499999999998742,False,11.977077363896846,15.014326647564472,False
2010,STMicroelectronics,STM,EUR,region,True,idm_diversified,Smart automobile expansion,False,9.87,21.3,2.11,1.18,0.99,2.10231,0.007689999999999753,False,11.955420466058763,10.030395136778116,False
2011,STMicroelectronics,STM,EUR,region,True,idm_diversified,Smart automobile expansion,False,9.41,16.2,1.52,1.13,0.94,1.52442,0.0044200000000000905,False,12.008501594048884,9.989373007438894,False
2012,STMicroelectronics,STM,EUR,region,True,idm_diversified,Smart automobile expansion,False,9.17,20.7,1.9,1.1,0.92,1.8981899999999998,0.0018100000000000893,False,11.995637949836425,10.032715376226827,False
2013,STMicroelectronics,STM,EUR,region,True,idm_diversified,Smart automobile expansion,False,8.17,24.4,1.99,0.98,0.82,1.99348,0.0034799999999999276,False,11.995104039167687,10.03671970624235,False
2014,STMicroelectronics,STM,EUR,region,True,idm_diversified,Smart automobile expansion,False,7.56,20.1,1.52,0.91,0.76,1.5195599999999998,0.000440000000000218,False,12.037037037037038,10.052910052910054,False
2015,STMicroelectronics,STM,EUR,region,True,idm_diversified,Smart automobile expansion,False,7.06,18.1,1.28,0.85,0.71,1.27786,0.0021400000000000308,False,12.039660056657224,10.056657223796034,False
2016,STMicroelectronics,STM,EUR,region,True,idm_diversified,Smart automobile expansion,False,7.98,18.4,1.47,0.96,0.8,1.4683199999999998,0.0016800000000001258,False,12.030075187969924,10.025062656641603,False
2017,STMicroelectronics,STM,EUR,region,True,idm_diversified,Smart automobile expansion,False,8.63,24.1,2.08,1.04,0.86,2.0798300000000003,0.00016999999999978144,False,12.05098493626883,9.96523754345307,False
2018,STMicroelectronics,STM,EUR,region,True,idm_diversified,Smart automobile expansion,False,9.3,12.8,1.19,1.12,0.93,1.1904000000000001,0.000400000000000178,False,12.043010752688172,10.0,False
2019,STMicroelectronics,STM,EUR,region,True,idm_diversified,Smart automobile expansion,False,10.39,27.6,2.87,1.25,1.04,2.86764,0.0023599999999999177,False,12.030798845043309,10.009624639076034,False
2020,STMicroelectronics,STM,EUR,region,True,idm_diversified,Smart automobile expansion,False,10.08,14.2,1.43,1.21,1.01,1.43136,0.0013600000000000279,False,12.003968253968253,10.01984126984127,False
2021,STMicroelectronics,STM,EUR,region,True,idm_diversified,Smart automobile expansion,False,13.03,19.1,2.49,1.56,1.3,2.4887300000000003,0.0012699999999998823,False,11.97237145049885,9.976976208749042,False
2022,STMicroelectronics,STM,EUR,region,True,idm_diversified,Transition Year,False,16.01,16.7,2.67,1.92,1.6,2.67367,0.003670000000000062,False,11.99250468457214,9.993753903810118,False
2023,STMicroelectronics,STM,EUR,region,True,idm_diversified,AI expansion,False,17.6,21.6,3.8,2.11,1.76,3.801600000000001,0.001600000000001156,False,11.988636363636363,10.0,False
2024,STMicroelectronics,STM,EUR,region,True,idm_diversified,AI expansion,False,12.72,22.1,2.81,1.53,1.27,2.8111200000000003,0.001120000000000232,False,12.028301886792454,9.984276729559747,False
2025,STMicroelectronics,STM,EUR,region,True,idm_diversified,AI expansion,True,15.85,20.5,3.25,1.9,1.58,3.24925,0.0007500000000000284,False,11.98738170347003,9.96845425867508,False
2026,STMicroelectronics,STM,EUR,region,True,idm_diversified,AI expansion,True,16.33,19.6,3.2,1.96,1.63,3.2006799999999997,0.0006799999999995698,False,12.00244947948561,9.981628903857931,False
2010,NXP Semiconductors,NXPI,NLD,country,False,idm_automotive,Smart automobile expansion,False,4.48,14.8,0.66,0.54,0.67,0.6630400000000002,0.0030400000000001537,False,12.053571428571429,14.955357142857142,False
2011,NXP Semiconductors,NXPI,NLD,country,False,idm_automotive,Smart automobile expansion,False,4.76,18.8,0.9,0.57,0.71,0.89488,0.005120000000000013,False,11.974789915966385,14.915966386554622,False
2012,NXP Semiconductors,NXPI,NLD,country,False,idm_automotive,Smart automobile expansion,False,5.37,19.5,1.05,0.64,0.81,1.04715,0.002850000000000019,False,11.91806331471136,15.083798882681565,False
2013,NXP Semiconductors,NXPI,NLD,country,False,idm_automotive,Smart automobile expansion,False,5.7,16.7,0.95,0.68,0.85,0.9519,0.0019000000000000128,False,11.92982456140351,14.912280701754385,False
2014,NXP Semiconductors,NXPI,NLD,country,False,idm_automotive,Smart automobile expansion,False,5.86,21.0,1.23,0.7,0.88,1.2306,0.0005999999999999339,False,11.945392491467576,15.01706484641638,False
2015,NXP Semiconductors,NXPI,NLD,country,False,idm_automotive,Smart automobile expansion,False,5.94,20.5,1.22,0.71,0.89,1.2177,0.0022999999999999687,False,11.952861952861952,14.983164983164981,False
2016,NXP Semiconductors,NXPI,NLD,country,False,idm_automotive,Smart automobile expansion,False,7.47,19.0,1.42,0.9,1.12,1.4193,0.0006999999999999229,False,12.048192771084338,14.993306559571623,False
2017,NXP Semiconductors,NXPI,NLD,country,False,idm_automotive,Smart automobile expansion,False,7.89,19.9,1.57,0.95,1.18,1.57011,0.00010999999999983245,False,12.040557667934094,14.955640050697086,False
2018,NXP Semiconductors,NXPI,NLD,country,False,idm_automotive,Smart automobile expansion,False,9.15,19.0,1.74,1.1,1.37,1.7385,0.0015000000000000568,False,12.021857923497269,14.972677595628417,False
2019,NXP Semiconductors,NXPI,NLD,country,False,idm_automotive,Smart automobile expansion,False,8.98,14.9,1.34,1.08,1.35,1.3380200000000002,0.0019799999999998708,False,12.026726057906458,15.033407572383073,False
2020,NXP Semiconductors,NXPI,NLD,country,False,idm_automotive,Smart automobile expansion,False,8.19,21.4,1.76,0.98,1.23,1.7526599999999999,0.007340000000000124,False,11.965811965811966,15.018315018315018,False
2021,NXP Semiconductors,NXPI,NLD,country,False,idm_automotive,Smart automobile expansion,False,10.73,12.3,1.32,1.29,1.61,1.3197900000000002,0.00020999999999982144,False,12.022367194780987,15.00465983224604,False
2022,NXP Semiconductors,NXPI,NLD,country,False,idm_automotive,Transition Year,False,13.51,20.8,2.81,1.62,2.03,2.8100799999999997,7.999999999963592e-05,False,11.991117690599557,15.025906735751294,False
2023,NXP Semiconductors,NXPI,NLD,country,False,idm_automotive,AI expansion,False,13.02,6.0,0.79,1.56,1.95,0.7812,0.00880000000000003,False,11.981566820276498,14.976958525345621,False
2024,NXP Semiconductors,NXPI,NLD,country,False,idm_automotive,AI expansion,False,12.92,21.0,2.72,1.55,1.94,2.7132,0.006800000000000139,False,11.996904024767801,15.01547987616099,False
2025,NXP Semiconductors,NXPI,NLD,country,False,idm_automotive,AI expansion,True,15.09,21.3,3.21,1.81,2.26,3.21417,0.004170000000000229,False,11.994698475811797,14.976805831676607,False
2026,NXP Semiconductors,NXPI,NLD,country,False,idm_automotive,AI expansion,True,15.68,19.5,3.06,1.88,2.35,3.0576,0.0024000000000001798,False,11.989795918367346,14.987244897959185,False
2010,Renesas,6723,JPN,country,False,idm_automotive,Smart automobile expansion,False,12.3,21.9,2.69,1.48,1.84,2.6937,0.0037000000000002586,False,12.03252032520325,14.959349593495935,False
2011,Renesas,6723,JPN,country,False,idm_automotive,Smart automobile expansion,False,11.42,18.4,2.11,1.37,1.71,2.10128,0.008719999999999839,False,11.996497373029772,14.973730297723293,False
2012,Renesas,6723,JPN,country,False,idm_automotive,Smart automobile expansion,False,9.87,18.6,1.83,1.18,1.48,1.83582,0.005819999999999936,False,11.955420466058763,14.994934143870314,False
2013,Renesas,6723,JPN,country,False,idm_automotive,Smart automobile expansion,False,9.22,24.5,2.26,1.11,1.38,2.2589,0.0010999999999996568,False,12.039045553145336,14.96746203904555,False
2014,Renesas,6723,JPN,country,False,idm_automotive,Smart automobile expansion,False,7.89,18.7,1.48,0.95,1.18,1.4754299999999998,0.004570000000000185,False,12.040557667934094,14.955640050697086,False
2015,Renesas,6723,JPN,country,False,idm_automotive,Smart automobile expansion,False,7.07,19.3,1.36,0.85,1.06,1.3645100000000001,0.004510000000000014,False,12.022630834512022,14.992927864214995,False
2016,Renesas,6723,JPN,country,False,idm_automotive,Smart automobile expansion,False,7.2,13.2,0.95,0.86,1.08,0.9503999999999999,0.00039999999999995595,False,11.944444444444443,15.0,False
2017,Renesas,6723,JPN,country,False,idm_automotive,Smart automobile expansion,False,6.83,17.7,1.21,0.82,1.02,1.20891,0.0010900000000000354,False,12.005856515373353,14.93411420204978,False
2018,Renesas,6723,JPN,country,False,idm_automotive,Smart automobile expansion,False,6.53,17.1,1.12,0.78,0.98,1.11663,0.003370000000000095,False,11.944869831546708,15.007656967840735,False
2019,Renesas,6723,JPN,country,False,idm_automotive,Smart automobile expansion,False,6.62,19.4,1.28,0.79,0.99,1.2842799999999999,0.0042799999999998395,False,11.933534743202417,14.954682779456194,False
2020,Renesas,6723,JPN,country,False,idm_automotive,Smart automobile expansion,False,6.82,19.3,1.31,0.82,1.02,1.31626,0.006259999999999932,False,12.023460410557183,14.95601173020528,False
2021,Renesas,6723,JPN,country,False,idm_automotive,Smart automobile expansion,False,8.53,19.8,1.69,1.02,1.28,1.68894,0.0010599999999998388,False,11.957796014067997,15.00586166471278,False
2022,Renesas,6723,JPN,country,False,idm_automotive,Transition Year,False,11.35,17.1,1.94,1.36,1.7,1.9408500000000002,0.0008500000000002395,False,11.982378854625551,14.977973568281937,False
2023,Renesas,6723,JPN,country,False,idm_automotive,AI expansion,False,10.31,11.7,1.2,1.24,1.55,1.20627,0.006269999999999998,False,12.027158098933075,15.033947623666343,False
2024,Renesas,6723,JPN,country,False,idm_automotive,AI expansion,False,9.34,21.9,2.05,1.12,1.4,2.04546,0.0045399999999999885,False,11.991434689507496,14.989293361884368,False
2025,Renesas,6723,JPN,country,False,idm_automotive,AI expansion,True,10.45,22.1,2.31,1.25,1.57,2.30945,0.0005500000000000504,False,11.961722488038278,15.023923444976079,False
2026,Renesas,6723,JPN,country,False,idm_automotive,AI expansion,True,11.15,20.0,2.23,1.34,1.67,2.23,0.0,False,12.017937219730943,14.977578475336323,False
2010,Microchip,MCHP,USA,country,False,idm_micro,Smart automobile expansion,False,1.49,36.4,0.54,0.18,0.15,0.54236,0.0023599999999999177,False,12.080536912751677,10.06711409395973,False
2011,Microchip,MCHP,USA,country,False,idm_micro,Smart automobile expansion,False,1.56,42.1,0.66,0.19,0.16,0.65676,0.0032400000000000206,False,12.179487179487179,10.256410256410255,False
2012,Microchip,MCHP,USA,country,False,idm_micro,Smart automobile expansion,False,1.76,36.9,0.65,0.21,0.18,0.64944,0.0005600000000000049,False,11.931818181818182,10.227272727272727,False
2013,Microchip,MCHP,USA,country,False,idm_micro,Smart automobile expansion,False,1.91,43.4,0.83,0.23,0.19,0.8289399999999999,0.001060000000000061,False,12.041884816753928,9.947643979057592,False
2014,Microchip,MCHP,USA,country,False,idm_micro,Smart automobile expansion,False,1.92,35.5,0.68,0.23,0.19,0.6816,0.0015999999999999348,False,11.979166666666668,9.895833333333334,False
2015,Microchip,MCHP,USA,country,False,idm_micro,Smart automobile expansion,False,2.14,44.4,0.95,0.26,0.21,0.95016,0.000160000000000049,False,12.149532710280374,9.813084112149532,False
2016,Microchip,MCHP,USA,country,False,idm_micro,Smart automobile expansion,False,2.82,42.3,1.19,0.34,0.28,1.1928599999999998,0.0028599999999998627,False,12.056737588652485,9.929078014184398,False
2017,Microchip,MCHP,USA,country,False,idm_micro,Smart automobile expansion,False,3.29,36.6,1.2,0.39,0.33,1.20414,0.0041400000000000325,False,11.854103343465045,10.030395136778116,False
2018,Microchip,MCHP,USA,country,False,idm_micro,Smart automobile expansion,False,4.05,40.2,1.63,0.49,0.41,1.6281,0.0018999999999997907,False,12.098765432098766,10.123456790123457,False
2019,Microchip,MCHP,USA,country,False,idm_micro,Smart automobile expansion,False,4.73,39.4,1.86,0.57,0.47,1.8636200000000003,0.0036200000000001786,False,12.050739957716699,9.93657505285412,False
2020,Microchip,MCHP,USA,country,False,idm_micro,Smart automobile expansion,False,5.34,40.5,2.16,0.64,0.53,2.1626999999999996,0.0026999999999994806,False,11.985018726591761,9.925093632958802,False
2021,Microchip,MCHP,USA,country,False,idm_micro,Smart automobile expansion,False,7.01,42.4,2.97,0.84,0.7,2.9722399999999998,0.0022399999999995757,False,11.982881597717546,9.985734664764621,False
2022,Microchip,MCHP,USA,country,False,idm_micro,Transition Year,False,8.0,33.3,2.66,0.96,0.8,2.6639999999999997,0.0039999999999995595,False,12.0,10.0,False
2023,Microchip,MCHP,USA,country,False,idm_micro,AI expansion,False,7.83,43.6,3.41,0.94,0.78,3.4138800000000002,0.0038800000000001056,False,12.005108556832694,9.96168582375479,False
2024,Microchip,MCHP,USA,country,False,idm_micro,AI expansion,False,4.27,34.4,1.47,0.51,0.43,1.4688799999999997,0.001120000000000232,False,11.943793911007026,10.07025761124122,False
2025,Microchip,MCHP,USA,country,False,idm_micro,AI expansion,True,5.47,42.8,2.34,0.66,0.55,2.34116,0.0011600000000000499,False,12.065813528336381,10.054844606946984,False
2026,Microchip,MCHP,USA,country,False,idm_micro,AI expansion,True,6.86,41.5,2.85,0.82,0.69,2.8468999999999998,0.0031000000000003247,False,11.953352769679299,10.058309037900873,False
2010,Onsemi,ON,USA,country,False,idm_power,Smart automobile expansion,False,2.27,22.3,0.51,0.27,0.23,0.50621,0.00378999999999996,False,11.894273127753305,10.132158590308372,False
2011,Onsemi,ON,USA,country,False,idm_power,Smart automobile expansion,False,2.54,24.1,0.61,0.3,0.25,0.61214,0.0021400000000000308,False,11.811023622047244,9.842519685039369,False
2012,Onsemi,ON,USA,country,False,idm_power,Smart automobile expansion,False,2.7,31.1,0.84,0.32,0.27,0.8397000000000001,0.00029999999999985594,False,11.851851851851851,10.0,False
2013,Onsemi,ON,USA,country,False,idm_power,Smart automobile expansion,False,3.19,28.4,0.91,0.38,0.32,0.9059599999999999,0.004040000000000155,False,11.912225705329153,10.031347962382446,False
2014,Onsemi,ON,USA,country,False,idm_power,Smart automobile expansion,False,3.17,27.6,0.87,0.38,0.32,0.87492,0.0049200000000000355,False,11.987381703470032,10.094637223974765,False
2015,Onsemi,ON,USA,country,False,idm_power,Smart automobile expansion,False,3.57,26.3,0.94,0.43,0.36,0.93891,0.0010899999999999244,False,12.044817927170868,10.084033613445378,False
2016,Onsemi,ON,USA,country,False,idm_power,Smart automobile expansion,False,4.46,26.9,1.2,0.54,0.45,1.1997399999999998,0.000260000000000149,False,12.10762331838565,10.089686098654708,False
2017,Onsemi,ON,USA,country,False,idm_power,Smart automobile expansion,False,5.21,26.9,1.4,0.63,0.52,1.40149,0.0014899999999999913,False,12.092130518234164,9.98080614203455,False
2018,Onsemi,ON,USA,country,False,idm_power,Smart automobile expansion,False,5.96,19.6,1.17,0.72,0.6,1.16816,0.0018399999999998418,False,12.080536912751677,10.06711409395973,False
2019,Onsemi,ON,USA,country,False,idm_power,Smart automobile expansion,False,5.61,23.3,1.31,0.67,0.56,1.3071300000000001,0.002869999999999928,False,11.942959001782532,9.982174688057041,False
2020,Onsemi,ON,USA,country,False,idm_power,Smart automobile expansion,False,5.1,30.0,1.53,0.61,0.51,1.53,0.0,False,11.96078431372549,10.0,False
2021,Onsemi,ON,USA,country,False,idm_power,Smart automobile expansion,False,7.16,29.1,2.08,0.86,0.72,2.0835600000000003,0.0035600000000002296,False,12.011173184357542,10.055865921787708,False
2022,Onsemi,ON,USA,country,False,idm_power,Transition Year,False,8.36,29.1,2.43,1.0,0.84,2.43276,0.0027599999999998737,False,11.961722488038278,10.047846889952153,False
2023,Onsemi,ON,USA,country,False,idm_power,AI expansion,False,8.3,25.6,2.13,1.0,0.83,2.1248,0.005199999999999871,False,12.048192771084336,10.0,False
2024,Onsemi,ON,USA,country,False,idm_power,AI expansion,False,6.87,26.2,1.8,0.82,0.69,1.79994,5.999999999994898e-05,False,11.935953420669577,10.043668122270741,False
2025,Onsemi,ON,USA,country,False,idm_power,AI expansion,True,8.06,21.1,1.7,0.97,0.81,1.7006600000000003,0.000660000000000327,False,12.034739454094291,10.049627791563276,False
2026,Onsemi,ON,USA,country,False,idm_power,AI expansion,True,8.99,24.8,2.23,1.08,0.9,2.22952,0.00048000000000003595,False,12.013348164627365,10.011123470522804,False
2010,ASML,ASML,NLD,country,False,equipment_litho,Smart automobile expansion,False,6.65,37.7,2.51,1.06,0.4,2.5070500000000004,0.002949999999999342,False,15.939849624060152,6.015037593984962,False
2011,ASML,ASML,NLD,country,False,equipment_litho,Smart automobile expansion,False,6.44,35.7,2.3,1.03,0.39,2.2990800000000005,0.0009199999999993658,False,15.993788819875776,6.055900621118012,False
2012,ASML,ASML,NLD,country,False,equipment_litho,Smart automobile expansion,False,6.59,34.4,2.27,1.05,0.4,2.26696,0.0030399999999999316,False,15.933232169954477,6.0698027314112295,False
2013,ASML,ASML,NLD,country,False,equipment_litho,Smart automobile expansion,False,6.51,34.5,2.25,1.04,0.39,2.24595,0.004049999999999887,False,15.975422427035332,5.990783410138249,False
2014,ASML,ASML,NLD,country,False,equipment_litho,Smart automobile expansion,False,6.71,31.2,2.1,1.07,0.4,2.09352,0.006480000000000263,False,15.94634873323398,5.961251862891208,False
2015,ASML,ASML,NLD,country,False,equipment_litho,Smart automobile expansion,False,7.11,36.2,2.57,1.14,0.43,2.57382,0.0038200000000001566,False,16.0337552742616,6.047819971870604,False
2016,ASML,ASML,NLD,country,False,equipment_litho,Smart automobile expansion,False,8.21,34.6,2.84,1.31,0.49,2.84066,0.000660000000000327,False,15.956151035322778,5.968331303288672,False
2017,ASML,ASML,NLD,country,False,equipment_litho,Smart automobile expansion,False,10.65,38.2,4.06,1.7,0.64,4.068300000000001,0.008300000000001084,False,15.96244131455399,6.009389671361502,False
2018,ASML,ASML,NLD,country,False,equipment_litho,Smart automobile expansion,False,12.38,35.1,4.35,1.98,0.74,4.3453800000000005,0.00461999999999918,False,15.993537964458804,5.977382875605816,False
2019,ASML,ASML,NLD,country,False,equipment_litho,Smart automobile expansion,False,13.65,31.7,4.33,2.18,0.82,4.32705,0.00295000000000023,False,15.970695970695973,6.007326007326006,False
2020,ASML,ASML,NLD,country,False,equipment_litho,Smart automobile expansion,False,16.17,36.1,5.84,2.59,0.97,5.837370000000001,0.002629999999999022,False,16.017316017316013,5.998763141620284,False
2021,ASML,ASML,NLD,country,False,equipment_litho,Smart automobile expansion,False,20.79,38.3,7.96,3.33,1.25,7.9625699999999995,0.002569999999999517,False,16.01731601731602,6.012506012506013,False
2022,ASML,ASML,NLD,country,False,equipment_litho,Transition Year,False,23.9,31.3,7.47,3.82,1.43,7.4807,0.010699999999999932,False,15.983263598326362,5.98326359832636,False
2023,ASML,ASML,NLD,country,False,equipment_litho,AI expansion,False,30.31,35.7,10.81,4.85,1.82,10.82067,0.010669999999999291,False,16.001319696469814,6.004618937644342,False
2024,ASML,ASML,NLD,country,False,equipment_litho,AI expansion,False,31.81,33.3,10.58,5.09,1.91,10.59273,0.012729999999999464,False,16.001257466205594,6.004401131719585,False
2025,ASML,ASML,NLD,country,False,equipment_litho,AI expansion,True,38.79,33.5,12.99,6.21,2.33,12.99465,0.004649999999999821,False,16.009280742459396,6.006702758442898,False
2026,ASML,ASML,NLD,country,False,equipment_litho,AI expansion,True,44.16,35.9,15.87,7.07,2.65,15.853439999999999,0.01656000000000013,False,16.009963768115945,6.000905797101449,False
2010,Applied Materials,AMAT,USA,country,False,equipment_diversified,Smart automobile expansion,False,9.39,30.7,2.88,1.13,0.94,2.8827300000000005,0.0027300000000005653,False,12.034078807241745,10.010649627263044,False
2011,Applied Materials,AMAT,USA,country,False,equipment_diversified,Smart automobile expansion,False,9.56,26.6,2.54,1.15,0.96,2.5429600000000003,0.0029600000000002957,False,12.029288702928868,10.041841004184098,False
2012,Applied Materials,AMAT,USA,country,False,equipment_diversified,Smart automobile expansion,False,9.32,34.3,3.2,1.12,0.93,3.19676,0.0032400000000003537,False,12.01716738197425,9.97854077253219,False
2013,Applied Materials,AMAT,USA,country,False,equipment_diversified,Smart automobile expansion,False,9.12,23.7,2.16,1.09,0.91,2.16144,0.0014399999999996638,False,11.951754385964914,9.978070175438598,False
2014,Applied Materials,AMAT,USA,country,False,equipment_diversified,Smart automobile expansion,False,8.91,30.1,2.68,1.07,0.89,2.6819100000000002,0.0019100000000000783,False,12.008978675645343,9.988776655443322,False
2015,Applied Materials,AMAT,USA,country,False,equipment_diversified,Smart automobile expansion,False,9.41,29.6,2.79,1.13,0.94,2.78536,0.0046400000000001995,False,12.008501594048884,9.989373007438894,False
2016,Applied Materials,AMAT,USA,country,False,equipment_diversified,Smart automobile expansion,False,12.27,22.0,2.7,1.47,1.23,2.6994,0.000600000000000378,False,11.98044009779951,10.024449877750612,False
2017,Applied Materials,AMAT,USA,country,False,equipment_diversified,Smart automobile expansion,False,14.44,34.7,5.01,1.73,1.44,5.010680000000001,0.0006800000000009021,False,11.98060941828255,9.97229916897507,False
2018,Applied Materials,AMAT,USA,country,False,equipment_diversified,Smart automobile expansion,False,16.14,28.9,4.66,1.94,1.61,4.66446,0.0044599999999999085,False,12.01982651796778,9.975216852540273,False
2019,Applied Materials,AMAT,USA,country,False,equipment_diversified,Smart automobile expansion,False,16.57,27.3,4.53,1.99,1.66,4.523610000000001,0.006389999999999674,False,12.009656004828003,10.018105009052505,False
2020,Applied Materials,AMAT,USA,country,False,equipment_diversified,Smart automobile expansion,False,17.03,34.3,5.84,2.04,1.7,5.84129,0.0012900000000000134,False,11.978860833822665,9.982384028185553,False
2021,Applied Materials,AMAT,USA,country,False,equipment_diversified,Smart automobile expansion,False,22.72,29.0,6.59,2.73,2.27,6.5888,0.0011999999999998678,False,12.015845070422536,9.991197183098592,False
2022,Applied Materials,AMAT,USA,country,False,equipment_diversified,Transition Year,False,27.32,30.1,8.22,3.28,2.73,8.22332,0.0033199999999986574,False,12.005856515373353,9.99267935578331,False
2023,Applied Materials,AMAT,USA,country,False,equipment_diversified,AI expansion,False,27.93,29.7,8.3,3.35,2.79,8.295209999999999,0.004790000000001626,False,11.994271392767635,9.989258861439312,False
2024,Applied Materials,AMAT,USA,country,False,equipment_diversified,AI expansion,False,27.31,31.1,8.49,3.28,2.73,8.49341,0.0034100000000005792,False,12.010252654705237,9.996338337605273,False
2025,Applied Materials,AMAT,USA,country,False,equipment_diversified,AI expansion,True,33.11,32.6,10.78,3.97,3.31,10.79386,0.013860000000001094,False,11.9903352461492,9.996979764421624,False
2026,Applied Materials,AMAT,USA,country,False,equipment_diversified,AI expansion,True,32.31,32.9,10.63,3.88,3.23,10.62999,1.000000000139778e-05,False,12.00866604766326,9.996904982977405,False
2010,Lam Research,LRCX,USA,country,False,equipment_etch,Smart automobile expansion,False,2.57,28.5,0.73,0.31,0.26,0.7324499999999999,0.002449999999999952,False,12.062256809338521,10.116731517509729,False
2011,Lam Research,LRCX,USA,country,False,equipment_etch,Smart automobile expansion,False,3.23,30.1,0.97,0.39,0.32,0.97223,0.0022300000000000653,False,12.074303405572756,9.907120743034056,False
2012,Lam Research,LRCX,USA,country,False,equipment_etch,Smart automobile expansion,False,3.71,30.0,1.11,0.45,0.37,1.113,0.0029999999999998916,False,12.129380053908356,9.973045822102426,False
2013,Lam Research,LRCX,USA,country,False,equipment_etch,Smart automobile expansion,False,4.26,31.3,1.33,0.51,0.43,1.33338,0.0033799999999999386,False,11.971830985915494,10.093896713615024,False
2014,Lam Research,LRCX,USA,country,False,equipment_etch,Smart automobile expansion,False,4.49,32.0,1.44,0.54,0.45,1.4368,0.0031999999999998696,False,12.026726057906458,10.022271714922049,False
2015,Lam Research,LRCX,USA,country,False,equipment_etch,Smart automobile expansion,False,5.15,25.7,1.32,0.62,0.51,1.3235500000000002,0.003550000000000164,False,12.038834951456309,9.902912621359222,False
2016,Lam Research,LRCX,USA,country,False,equipment_etch,Smart automobile expansion,False,7.22,30.3,2.18,0.87,0.72,2.1876599999999997,0.007659999999999556,False,12.049861495844876,9.97229916897507,False
2017,Lam Research,LRCX,USA,country,False,equipment_etch,Smart automobile expansion,False,8.98,32.5,2.92,1.08,0.9,2.9185000000000003,0.0014999999999996128,False,12.026726057906458,10.022271714922049,False
2018,Lam Research,LRCX,USA,country,False,equipment_etch,Smart automobile expansion,False,10.66,28.8,3.07,1.28,1.07,3.0700800000000004,8.00000000005241e-05,False,12.007504690431519,10.037523452157599,False
2019,Lam Research,LRCX,USA,country,False,equipment_etch,Smart automobile expansion,False,10.37,29.9,3.1,1.24,1.04,3.1006299999999998,0.0006299999999996864,False,11.957569913211188,10.028929604628738,False
2020,Lam Research,LRCX,USA,country,False,equipment_etch,Smart automobile expansion,False,10.08,27.0,2.72,1.21,1.01,2.7216000000000005,0.0016000000000002679,False,12.003968253968253,10.01984126984127,False
2021,Lam Research,LRCX,USA,country,False,equipment_etch,Smart automobile expansion,False,13.9,30.2,4.2,1.67,1.39,4.1978,0.002200000000000202,False,12.014388489208633,10.0,False
2022,Lam Research,LRCX,USA,country,False,equipment_etch,Transition Year,False,16.25,24.1,3.92,1.95,1.63,3.91625,0.003750000000000142,False,12.0,10.03076923076923,False
2023,Lam Research,LRCX,USA,country,False,equipment_etch,AI expansion,False,17.39,29.3,5.1,2.09,1.74,5.09527,0.004729999999999457,False,12.018401380103507,10.005750431282346,False
2024,Lam Research,LRCX,USA,country,False,equipment_etch,AI expansion,False,14.85,29.9,4.44,1.78,1.49,4.44015,0.0001499999999996504,False,11.986531986531986,10.033670033670033,False
2025,Lam Research,LRCX,USA,country,False,equipment_etch,AI expansion,True,17.07,32.8,5.6,2.05,1.71,5.59896,0.0010399999999997078,False,12.00937316930287,10.017574692442881,False
2026,Lam Research,LRCX,USA,country,False,equipment_etch,AI expansion,True,18.38,26.5,4.87,2.21,1.84,4.8707,0.000700000000000145,False,12.023939064200217,10.01088139281828,False
2010,KLA,KLAC,USA,country,False,equipment_inspection,Smart automobile expansion,False,1.74,40.9,0.71,0.21,0.17,0.71166,0.0016599999999999948,False,12.068965517241379,9.770114942528735,False
2011,KLA,KLAC,USA,country,False,equipment_inspection,Smart automobile expansion,False,2.08,38.7,0.8,0.25,0.21,0.8049600000000001,0.0049600000000000755,False,12.019230769230768,10.096153846153845,False
2012,KLA,KLAC,USA,country,False,equipment_inspection,Smart automobile expansion,False,2.04,34.9,0.71,0.24,0.2,0.7119599999999999,0.0019599999999999618,False,11.76470588235294,9.803921568627452,False
2013,KLA,KLAC,USA,country,False,equipment_inspection,Smart automobile expansion,False,2.34,38.3,0.9,0.28,0.23,0.8962199999999999,0.0037800000000001166,False,11.965811965811968,9.82905982905983,False
2014,KLA,KLAC,USA,country,False,equipment_inspection,Smart automobile expansion,False,2.57,40.1,1.03,0.31,0.26,1.03057,0.0005699999999999594,False,12.062256809338521,10.116731517509729,False
2015,KLA,KLAC,USA,country,False,equipment_inspection,Smart automobile expansion,False,2.77,43.1,1.2,0.33,0.28,1.19387,0.006129999999999969,False,11.913357400722022,10.108303249097474,False
2016,KLA,KLAC,USA,country,False,equipment_inspection,Smart automobile expansion,False,3.14,37.4,1.17,0.38,0.31,1.17436,0.0043600000000001415,False,12.101910828025478,9.872611464968152,False
2017,KLA,KLAC,USA,country,False,equipment_inspection,Smart automobile expansion,False,3.65,35.4,1.29,0.44,0.37,1.2920999999999998,0.0020999999999997687,False,12.054794520547945,10.136986301369863,False
2018,KLA,KLAC,USA,country,False,equipment_inspection,Smart automobile expansion,False,4.05,40.3,1.63,0.49,0.4,1.6321499999999998,0.0021499999999998742,False,12.098765432098766,9.876543209876544,False
2019,KLA,KLAC,USA,country,False,equipment_inspection,Smart automobile expansion,False,4.88,44.8,2.18,0.59,0.49,2.1862399999999997,0.006239999999999579,False,12.09016393442623,10.040983606557377,False
2020,KLA,KLAC,USA,country,False,equipment_inspection,Smart automobile expansion,False,5.69,46.2,2.63,0.68,0.57,2.6287800000000003,0.0012199999999995548,False,11.950790861159929,10.017574692442881,False
2021,KLA,KLAC,USA,country,False,equipment_inspection,Smart automobile expansion,False,7.45,36.2,2.69,0.89,0.74,2.6969000000000007,0.006900000000000794,False,11.946308724832216,9.932885906040267,False
2022,KLA,KLAC,USA,country,False,equipment_inspection,Transition Year,False,9.22,36.8,3.39,1.11,0.92,3.39296,0.0029599999999998516,False,12.039045553145336,9.97830802603037,False
2023,KLA,KLAC,USA,country,False,equipment_inspection,AI expansion,False,10.27,41.2,4.23,1.23,1.03,4.231240000000001,0.0012400000000001299,False,11.976630963972736,10.02921129503408,False
2024,KLA,KLAC,USA,country,False,equipment_inspection,AI expansion,False,9.96,38.1,3.8,1.2,1.0,3.7947600000000006,0.005239999999999245,False,12.048192771084336,10.04016064257028,False
2025,KLA,KLAC,USA,country,False,equipment_inspection,AI expansion,True,11.74,43.5,5.1,1.41,1.17,5.1068999999999996,0.006899999999999906,False,12.010221465076661,9.965928449744462,False
2026,KLA,KLAC,USA,country,False,equipment_inspection,AI expansion,True,13.57,41.6,5.64,1.63,1.36,5.64512,0.0051200000000006796,False,12.011790714812085,10.022107590272661,False
2010,Tokyo Electron,8035,JPN,country,False,equipment_diversified,Smart automobile expansion,False,6.88,24.4,1.67,0.83,0.69,1.6787199999999998,0.008719999999999839,False,12.063953488372093,10.029069767441861,False
2011,Tokyo Electron,8035,JPN,country,False,equipment_diversified,Smart automobile expansion,False,6.28,27.4,1.72,0.75,0.63,1.72072,0.0007200000000000539,False,11.94267515923567,10.03184713375796,False
2012,Tokyo Electron,8035,JPN,country,False,equipment_diversified,Smart automobile expansion,False,6.1,28.3,1.73,0.73,0.61,1.7263,0.0037000000000000366,False,11.967213114754099,10.0,False
2013,Tokyo Electron,8035,JPN,country,False,equipment_diversified,Smart automobile expansion,False,5.79,35.6,2.06,0.69,0.58,2.06124,0.0012400000000001299,False,11.917098445595855,10.017271157167528,False
2014,Tokyo Electron,8035,JPN,country,False,equipment_diversified,Smart automobile expansion,False,5.53,31.2,1.73,0.66,0.55,1.72536,0.0046399999999999775,False,11.934900542495479,9.945750452079565,False
2015,Tokyo Electron,8035,JPN,country,False,equipment_diversified,Smart automobile expansion,False,5.26,30.2,1.59,0.63,0.53,1.58852,0.0014800000000001479,False,11.977186311787074,10.076045627376427,False
2016,Tokyo Electron,8035,JPN,country,False,equipment_diversified,Smart automobile expansion,False,7.3,31.3,2.29,0.88,0.73,2.2849,0.0051000000000001044,False,12.054794520547945,10.0,False
2017,Tokyo Electron,8035,JPN,country,False,equipment_diversified,Smart automobile expansion,False,9.63,34.9,3.37,1.16,0.96,3.36087,0.009130000000000305,False,12.045690550363446,9.96884735202492,False
2018,Tokyo Electron,8035,JPN,country,False,equipment_diversified,Smart automobile expansion,False,11.41,31.8,3.62,1.37,1.14,3.6283800000000004,0.008380000000000276,False,12.007011393514462,9.991235758106923,False
2019,Tokyo Electron,8035,JPN,country,False,equipment_diversified,Smart automobile expansion,False,10.82,29.7,3.22,1.3,1.08,3.21354,0.006460000000000132,False,12.014787430683919,9.981515711645102,False
2020,Tokyo Electron,8035,JPN,country,False,equipment_diversified,Smart automobile expansion,False,11.42,32.6,3.72,1.37,1.14,3.7229200000000002,0.0029200000000000337,False,11.996497373029772,9.98248686514886,False
2021,Tokyo Electron,8035,JPN,country,False,equipment_diversified,Smart automobile expansion,False,13.79,32.7,4.5,1.65,1.38,4.50933,0.009330000000000283,False,11.965192168237854,10.007251631617113,False
2022,Tokyo Electron,8035,JPN,country,False,equipment_diversified,Transition Year,False,16.54,33.6,5.56,1.99,1.65,5.557440000000001,0.0025599999999990075,False,12.031438935912938,9.975816203143893,False
2023,Tokyo Electron,8035,JPN,country,False,equipment_diversified,AI expansion,False,14.63,28.9,4.23,1.76,1.46,4.22807,0.0019300000000006534,False,12.030075187969924,9.979494190020505,False
2024,Tokyo Electron,8035,JPN,country,False,equipment_diversified,AI expansion,False,13.64,21.2,2.89,1.64,1.36,2.89168,0.0016799999999999038,False,12.023460410557183,9.970674486803519,False
2025,Tokyo Electron,8035,JPN,country,False,equipment_diversified,AI expansion,True,15.68,19.1,2.99,1.88,1.57,2.99488,0.0048799999999999955,False,11.989795918367346,10.012755102040817,False
2026,Tokyo Electron,8035,JPN,country,False,equipment_diversified,AI expansion,True,16.62,31.4,5.21,1.99,1.66,5.218680000000001,0.00868000000000091,False,11.973525872442838,9.987966305655835,False
2010,SCREEN Holdings,7735,JPN,country,False,equipment_cleaning,Smart automobile expansion,False,1.83,16.5,0.3,0.22,0.18,0.30195,0.0019500000000000073,False,12.021857923497267,9.836065573770492,False
2011,SCREEN Holdings,7735,JPN,country,False,equipment_cleaning,Smart automobile expansion,False,1.86,24.1,0.45,0.22,0.19,0.4482600000000001,0.0017399999999999083,False,11.82795698924731,10.21505376344086,False
2012,SCREEN Holdings,7735,JPN,country,False,equipment_cleaning,Smart automobile expansion,False,1.97,26.7,0.53,0.24,0.2,0.52599,0.004010000000000069,False,12.182741116751268,10.152284263959393,False
2013,SCREEN Holdings,7735,JPN,country,False,equipment_cleaning,Smart automobile expansion,False,2.1,21.2,0.45,0.25,0.21,0.44520000000000004,0.004799999999999971,False,11.904761904761903,10.0,False
2014,SCREEN Holdings,7735,JPN,country,False,equipment_cleaning,Smart automobile expansion,False,2.31,20.4,0.47,0.28,0.23,0.47123999999999994,0.0012399999999999634,False,12.121212121212121,9.956709956709958,False
2015,SCREEN Holdings,7735,JPN,country,False,equipment_cleaning,Smart automobile expansion,False,2.23,19.7,0.44,0.27,0.22,0.43931,0.0006900000000000239,False,12.10762331838565,9.865470852017937,False
2016,SCREEN Holdings,7735,JPN,country,False,equipment_cleaning,Smart automobile expansion,False,2.5,15.9,0.4,0.3,0.25,0.3975,0.0025000000000000022,False,12.0,10.0,False
2017,SCREEN Holdings,7735,JPN,country,False,equipment_cleaning,Smart automobile expansion,False,2.68,17.8,0.48,0.32,0.27,0.4770400000000001,0.002959999999999907,False,11.940298507462686,10.074626865671641,False
2018,SCREEN Holdings,7735,JPN,country,False,equipment_cleaning,Smart automobile expansion,False,2.98,20.1,0.6,0.36,0.3,0.5989800000000001,0.0010199999999999099,False,12.080536912751677,10.06711409395973,False
2019,SCREEN Holdings,7735,JPN,country,False,equipment_cleaning,Smart automobile expansion,False,2.78,19.7,0.55,0.33,0.28,0.5476599999999999,0.0023400000000001198,False,11.870503597122303,10.071942446043167,False
2020,SCREEN Holdings,7735,JPN,country,False,equipment_cleaning,Smart automobile expansion,False,2.72,21.9,0.59,0.33,0.27,0.59568,0.005680000000000018,False,12.132352941176471,9.926470588235293,False
2021,SCREEN Holdings,7735,JPN,country,False,equipment_cleaning,Smart automobile expansion,False,3.2,16.9,0.54,0.38,0.32,0.5408,0.0007999999999999119,False,11.875,10.0,False
2022,SCREEN Holdings,7735,JPN,country,False,equipment_cleaning,Transition Year,False,4.03,18.8,0.76,0.48,0.4,0.7576400000000001,0.0023599999999999177,False,11.910669975186103,9.925558312655086,False
2023,SCREEN Holdings,7735,JPN,country,False,equipment_cleaning,AI expansion,False,4.22,21.3,0.9,0.51,0.42,0.89886,0.0011400000000000299,False,12.085308056872039,9.95260663507109,False
2024,SCREEN Holdings,7735,JPN,country,False,equipment_cleaning,AI expansion,False,4.26,15.4,0.66,0.51,0.43,0.65604,0.003960000000000075,False,11.971830985915494,10.093896713615024,False
2025,SCREEN Holdings,7735,JPN,country,False,equipment_cleaning,AI expansion,True,4.88,22.2,1.08,0.59,0.49,1.0833599999999999,0.0033599999999998076,False,12.09016393442623,10.040983606557377,False
2026,SCREEN Holdings,7735,JPN,country,False,equipment_cleaning,AI expansion,True,5.56,21.9,1.22,0.67,0.56,1.2176399999999998,0.0023600000000001398,False,12.050359712230216,10.071942446043167,False
2010,Synopsys,SNPS,USA,country,False,eda_software,Smart automobile expansion,False,1.34,41.0,0.55,0.47,0.01,0.5494,0.0006000000000000449,False,35.07462686567164,0.7462686567164178,False
2011,Synopsys,SNPS,USA,country,False,eda_software,Smart automobile expansion,False,1.55,38.6,0.6,0.54,0.02,0.5983,0.0016999999999999238,False,34.83870967741935,1.2903225806451613,False
2012,Synopsys,SNPS,USA,country,False,eda_software,Smart automobile expansion,False,1.77,44.4,0.78,0.62,0.02,0.7858799999999999,0.005879999999999885,False,35.02824858757062,1.1299435028248588,False
2013,Synopsys,SNPS,USA,country,False,eda_software,Smart automobile expansion,False,1.98,43.9,0.87,0.69,0.02,0.86922,0.0007800000000000029,False,34.848484848484844,1.0101010101010102,False
2014,Synopsys,SNPS,USA,country,False,eda_software,Smart automobile expansion,False,2.03,41.1,0.83,0.71,0.02,0.8343299999999999,0.004329999999999945,False,34.97536945812808,0.9852216748768474,False
2015,Synopsys,SNPS,USA,country,False,eda_software,Smart automobile expansion,False,2.25,40.4,0.91,0.79,0.02,0.9089999999999999,0.001000000000000112,False,35.111111111111114,0.8888888888888888,False
2016,Synopsys,SNPS,USA,country,False,eda_software,Smart automobile expansion,False,2.51,42.5,1.07,0.88,0.03,1.0667499999999999,0.003250000000000197,False,35.0597609561753,1.1952191235059761,False
2017,Synopsys,SNPS,USA,country,False,eda_software,Smart automobile expansion,False,2.8,37.8,1.06,0.98,0.03,1.0583999999999998,0.0016000000000002679,False,35.0,1.0714285714285714,False
2018,Synopsys,SNPS,USA,country,False,eda_software,Smart automobile expansion,False,3.06,41.9,1.28,1.07,0.03,1.28214,0.0021400000000000308,False,34.96732026143791,0.9803921568627451,False
2019,Synopsys,SNPS,USA,country,False,eda_software,Smart automobile expansion,False,3.4,41.0,1.39,1.19,0.03,1.3940000000000001,0.004000000000000226,False,35.0,0.8823529411764706,False
2020,Synopsys,SNPS,USA,country,False,eda_software,Smart automobile expansion,False,3.78,38.9,1.47,1.32,0.04,1.4704199999999998,0.0004199999999998649,False,34.920634920634924,1.0582010582010584,False
2021,Synopsys,SNPS,USA,country,False,eda_software,Smart automobile expansion,False,4.45,41.1,1.83,1.56,0.04,1.82895,0.0010499999999999954,False,35.056179775280896,0.8988764044943819,False
2022,Synopsys,SNPS,USA,country,False,eda_software,Transition Year,False,4.82,44.3,2.14,1.69,0.05,2.13526,0.0047399999999999665,False,35.06224066390041,1.0373443983402488,False
2023,Synopsys,SNPS,USA,country,False,eda_software,AI expansion,False,5.71,35.0,2.0,2.0,0.06,1.9985,0.0015000000000000568,False,35.02626970227671,1.0507880910683012,False
2024,Synopsys,SNPS,USA,country,False,eda_software,AI expansion,False,5.91,36.9,2.18,2.07,0.06,2.18079,0.0007899999999998464,False,35.025380710659896,1.015228426395939,False
2025,Synopsys,SNPS,USA,country,False,eda_software,AI expansion,True,6.81,39.2,2.67,2.38,0.07,2.66952,0.00048000000000003595,False,34.948604992657856,1.0279001468428783,False
2026,Synopsys,SNPS,USA,country,False,eda_software,AI expansion,True,7.42,41.9,3.11,2.6,0.07,3.10898,0.0010200000000000209,False,35.04043126684636,0.9433962264150945,False
2010,Cadence,CDNS,USA,country,False,eda_software,Smart automobile expansion,False,0.95,40.9,0.39,0.33,0.01,0.38854999999999995,0.0014500000000000624,False,34.73684210526316,1.0526315789473686,False
2011,Cadence,CDNS,USA,country,False,eda_software,Smart automobile expansion,False,1.11,41.8,0.46,0.39,0.01,0.46398000000000006,0.003980000000000039,False,35.13513513513513,0.9009009009009009,False
2012,Cadence,CDNS,USA,country,False,eda_software,Smart automobile expansion,False,1.17,38.9,0.45,0.41,0.01,0.45513,0.005129999999999968,False,35.04273504273504,0.8547008547008548,False
2013,Cadence,CDNS,USA,country,False,eda_software,Smart automobile expansion,False,1.31,40.1,0.52,0.46,0.01,0.52531,0.005310000000000037,False,35.11450381679389,0.7633587786259541,False
2014,Cadence,CDNS,USA,country,False,eda_software,Smart automobile expansion,False,1.55,43.1,0.67,0.54,0.02,0.66805,0.0019500000000000073,False,34.83870967741935,1.2903225806451613,False
2015,Cadence,CDNS,USA,country,False,eda_software,Smart automobile expansion,False,1.76,40.6,0.72,0.62,0.02,0.7145600000000001,0.005439999999999889,False,35.22727272727273,1.1363636363636365,False
2016,Cadence,CDNS,USA,country,False,eda_software,Smart automobile expansion,False,1.81,41.5,0.75,0.63,0.02,0.7511500000000001,0.0011500000000000954,False,34.806629834254146,1.1049723756906076,False
2017,Cadence,CDNS,USA,country,False,eda_software,Smart automobile expansion,False,1.94,40.0,0.77,0.68,0.02,0.7759999999999999,0.005999999999999894,False,35.05154639175258,1.0309278350515463,False
2018,Cadence,CDNS,USA,country,False,eda_software,Smart automobile expansion,False,2.16,38.3,0.83,0.76,0.02,0.8272799999999999,0.0027200000000000557,False,35.18518518518518,0.9259259259259258,False
2019,Cadence,CDNS,USA,country,False,eda_software,Smart automobile expansion,False,2.46,42.0,1.03,0.86,0.02,1.0332,0.0031999999999998696,False,34.959349593495936,0.8130081300813009,False
2020,Cadence,CDNS,USA,country,False,eda_software,Smart automobile expansion,False,2.62,42.9,1.13,0.92,0.03,1.12398,0.006019999999999914,False,35.11450381679389,1.1450381679389312,False
2021,Cadence,CDNS,USA,country,False,eda_software,Smart automobile expansion,False,3.22,40.3,1.3,1.13,0.03,1.2976599999999998,0.002340000000000231,False,35.09316770186335,0.9316770186335402,False
2022,Cadence,CDNS,USA,country,False,eda_software,Transition Year,False,3.52,37.4,1.32,1.23,0.04,1.3164799999999999,0.0035200000000001896,False,34.94318181818182,1.1363636363636365,False
2023,Cadence,CDNS,USA,country,False,eda_software,AI expansion,False,4.03,41.6,1.68,1.41,0.04,1.6764800000000002,0.0035199999999997456,False,34.987593052109176,0.9925558312655087,False
2024,Cadence,CDNS,USA,country,False,eda_software,AI expansion,False,4.47,41.3,1.85,1.56,0.04,1.84611,0.003890000000000171,False,34.89932885906041,0.8948545861297541,False
2025,Cadence,CDNS,USA,country,False,eda_software,AI expansion,True,4.96,39.4,1.95,1.74,0.05,1.9542399999999998,0.0042399999999997995,False,35.08064516129033,1.0080645161290325,False
2026,Cadence,CDNS,USA,country,False,eda_software,AI expansion,True,5.72,47.3,2.71,2.0,0.06,2.7055599999999997,0.0044400000000002215,False,34.96503496503497,1.048951048951049,False
2010,HiSilicon (Huawei),HUAWEI,CHN,country,False,fabless_diversified,Smart automobile expansion,False,0.96,34.4,0.33,0.12,0.1,0.33024000000000003,0.00024000000000001798,False,12.5,10.416666666666668,False
2011,HiSilicon (Huawei),HUAWEI,CHN,country,False,fabless_diversified,Smart automobile expansion,False,1.61,31.2,0.5,0.19,0.16,0.50232,0.0023199999999999887,False,11.801242236024844,9.937888198757763,False
2012,HiSilicon (Huawei),HUAWEI,CHN,country,False,fabless_diversified,Smart automobile expansion,False,2.21,31.3,0.69,0.26,0.22,0.6917300000000001,0.0017300000000001203,False,11.764705882352942,9.95475113122172,False
2013,HiSilicon (Huawei),HUAWEI,CHN,country,False,fabless_diversified,Smart automobile expansion,False,2.79,34.4,0.96,0.33,0.28,0.95976,0.00024000000000001798,False,11.827956989247312,10.03584229390681,False
2014,HiSilicon (Huawei),HUAWEI,CHN,country,False,fabless_diversified,Smart automobile expansion,False,3.35,33.4,1.12,0.4,0.34,1.1189,0.001100000000000101,False,11.940298507462686,10.149253731343284,False
2015,HiSilicon (Huawei),HUAWEI,CHN,country,False,fabless_diversified,Smart automobile expansion,False,3.92,29.8,1.17,0.47,0.39,1.16816,0.0018399999999998418,False,11.989795918367346,9.948979591836734,False
2016,HiSilicon (Huawei),HUAWEI,CHN,country,False,fabless_diversified,Smart automobile expansion,False,5.0,31.4,1.57,0.6,0.5,1.57,0.0,False,12.0,10.0,False
2017,HiSilicon (Huawei),HUAWEI,CHN,country,False,fabless_diversified,Smart automobile expansion,False,6.61,29.8,1.97,0.79,0.66,1.96978,0.00021999999999988695,False,11.951588502269288,9.984871406959153,False
2018,HiSilicon (Huawei),HUAWEI,CHN,country,False,fabless_diversified,Smart automobile expansion,False,7.46,26.7,1.99,0.89,0.75,1.99182,0.0018199999999999328,False,11.93029490616622,10.05361930294906,False
2019,HiSilicon (Huawei),HUAWEI,CHN,country,False,fabless_diversified,Smart automobile expansion,False,9.19,25.2,2.32,1.1,0.92,2.31588,0.0041199999999999015,False,11.969532100108815,10.01088139281828,False
2020,HiSilicon (Huawei),HUAWEI,CHN,country,False,fabless_diversified,Smart automobile expansion,False,10.7,30.7,3.28,1.28,1.07,3.2848999999999995,0.004899999999999682,False,11.962616822429908,10.0,False
2021,HiSilicon (Huawei),HUAWEI,CHN,country,False,fabless_diversified,Smart automobile expansion,False,6.76,38.4,2.6,0.81,0.68,2.59584,0.004160000000000164,False,11.98224852071006,10.059171597633137,False
2022,HiSilicon (Huawei),HUAWEI,CHN,country,False,fabless_diversified,Transition Year,False,1.97,34.3,0.67,0.24,0.2,0.67571,0.005709999999999993,False,12.182741116751268,10.152284263959393,False
2023,HiSilicon (Huawei),HUAWEI,CHN,country,False,fabless_diversified,AI expansion,False,4.03,29.5,1.19,0.48,0.4,1.18885,0.0011499999999999844,False,11.910669975186103,9.925558312655086,False
2024,HiSilicon (Huawei),HUAWEI,CHN,country,False,fabless_diversified,AI expansion,False,9.12,30.2,2.75,1.09,0.91,2.75424,0.0042399999999997995,False,11.951754385964914,9.978070175438598,False
2025,HiSilicon (Huawei),HUAWEI,CHN,country,False,fabless_diversified,AI expansion,True,10.53,28.8,3.03,1.26,1.05,3.0326400000000002,0.00264000000000042,False,11.965811965811966,9.971509971509974,False
2026,HiSilicon (Huawei),HUAWEI,CHN,country,False,fabless_diversified,AI expansion,True,11.51,25.4,2.92,1.38,1.15,2.92354,0.0035400000000000986,False,11.98957428323197,9.991311902693308,False
2017,Yangtze Memory (YMTC),YMTC,CHN,country,False,idm_memory,Smart automobile expansion,False,0.1,24.2,0.02,0.01,0.04,0.0242,0.004199999999999999,False,10.0,40.0,False
2018,Yangtze Memory (YMTC),YMTC,CHN,country,False,idm_memory,Smart automobile expansion,False,0.29,30.9,0.09,0.03,0.1,0.08960999999999998,0.00039000000000001533,False,10.344827586206897,34.48275862068966,False
2019,Yangtze Memory (YMTC),YMTC,CHN,country,False,idm_memory,Smart automobile expansion,False,0.51,36.3,0.19,0.05,0.18,0.18513,0.004870000000000013,False,9.803921568627452,35.29411764705882,False
2020,Yangtze Memory (YMTC),YMTC,CHN,country,False,idm_memory,Smart automobile expansion,False,1.23,42.7,0.52,0.12,0.43,0.52521,0.005209999999999937,False,9.75609756097561,34.959349593495936,False
2021,Yangtze Memory (YMTC),YMTC,CHN,country,False,idm_memory,Smart automobile expansion,False,2.1,41.5,0.87,0.21,0.73,0.8715,0.0015000000000000568,False,10.0,34.76190476190476,False
2022,Yangtze Memory (YMTC),YMTC,CHN,country,False,idm_memory,Transition Year,False,4.12,42.4,1.74,0.41,1.44,1.74688,0.006879999999999997,False,9.951456310679612,34.95145631067961,False
2023,Yangtze Memory (YMTC),YMTC,CHN,country,False,idm_memory,AI expansion,False,5.17,27.0,1.4,0.52,1.81,1.3959000000000001,0.0040999999999997705,False,10.058027079303676,35.00967117988395,False
2024,Yangtze Memory (YMTC),YMTC,CHN,country,False,idm_memory,AI expansion,False,6.62,31.6,2.09,0.66,2.32,2.09192,0.0019200000000001438,False,9.969788519637463,35.0453172205438,False
2025,Yangtze Memory (YMTC),YMTC,CHN,country,False,idm_memory,AI expansion,True,7.5,26.2,1.97,0.75,2.62,1.965,0.004999999999999893,False,10.0,34.93333333333333,False
2026,Yangtze Memory (YMTC),YMTC,CHN,country,False,idm_memory,AI expansion,True,8.64,16.0,1.38,0.86,3.02,1.3824,0.0024000000000001798,False,9.953703703703704,34.9537037037037,False
2018,ChangXin Memory (CXMT),CXMT,CHN,country,False,idm_memory,Smart automobile expansion,False,0.31,33.4,0.1,0.03,0.11,0.10354,0.0035399999999999876,False,9.67741935483871,35.483870967741936,False
2019,ChangXin Memory (CXMT),CXMT,CHN,country,False,idm_memory,Smart automobile expansion,False,0.94,34.9,0.33,0.09,0.33,0.32805999999999996,0.0019400000000000528,False,9.574468085106384,35.10638297872341,False
2020,ChangXin Memory (CXMT),CXMT,CHN,country,False,idm_memory,Smart automobile expansion,False,1.45,38.3,0.55,0.14,0.51,0.55535,0.005349999999999966,False,9.655172413793105,35.17241379310345,False
2021,ChangXin Memory (CXMT),CXMT,CHN,country,False,idm_memory,Smart automobile expansion,False,2.26,40.2,0.91,0.23,0.79,0.90852,0.0014800000000000368,False,10.176991150442479,34.955752212389385,False
2022,ChangXin Memory (CXMT),CXMT,CHN,country,False,idm_memory,Transition Year,False,3.1,37.6,1.17,0.31,1.09,1.1656,0.0043999999999999595,False,10.0,35.16129032258065,False
2023,ChangXin Memory (CXMT),CXMT,CHN,country,False,idm_memory,AI expansion,False,4.04,22.2,0.9,0.4,1.41,0.89688,0.0031200000000000117,False,9.900990099009901,34.900990099009896,False
2024,ChangXin Memory (CXMT),CXMT,CHN,country,False,idm_memory,AI expansion,False,5.07,30.0,1.52,0.51,1.77,1.5210000000000001,0.001000000000000112,False,10.059171597633137,34.9112426035503,False
2025,ChangXin Memory (CXMT),CXMT,CHN,country,False,idm_memory,AI expansion,True,5.87,23.4,1.37,0.59,2.05,1.37358,0.0035799999999999166,False,10.051107325383304,34.92333901192504,False
2026,ChangXin Memory (CXMT),CXMT,CHN,country,False,idm_memory,AI expansion,True,6.96,17.6,1.22,0.7,2.44,1.22496,0.0049600000000000755,False,10.057471264367814,35.05747126436782,False
2010,Hua Hong,1347,CHN,country,False,foundry,Smart automobile expansion,False,0.63,39.7,0.25,0.05,0.28,0.25011000000000005,0.0001100000000000545,False,7.936507936507938,44.44444444444445,False
2011,Hua Hong,1347,CHN,country,False,foundry,Smart automobile expansion,False,0.62,33.7,0.21,0.05,0.28,0.20894000000000001,0.0010599999999999776,False,8.06451612903226,45.16129032258065,False
2012,Hua Hong,1347,CHN,country,False,foundry,Smart automobile expansion,False,0.62,39.2,0.24,0.05,0.28,0.24304000000000003,0.0030400000000000427,False,8.06451612903226,45.16129032258065,False
2013,Hua Hong,1347,CHN,country,False,foundry,Smart automobile expansion,False,0.65,44.1,0.29,0.05,0.29,0.28665,0.003349999999999964,False,7.6923076923076925,44.61538461538461,False
2014,Hua Hong,1347,CHN,country,False,foundry,Smart automobile expansion,False,0.68,43.9,0.3,0.05,0.3,0.29852,0.0014799999999999813,False,7.352941176470589,44.11764705882352,False
2015,Hua Hong,1347,CHN,country,False,foundry,Smart automobile expansion,False,0.7,40.1,0.28,0.06,0.32,0.2807,0.0006999999999999784,False,8.571428571428571,45.714285714285715,False
2016,Hua Hong,1347,CHN,country,False,foundry,Smart automobile expansion,False,0.76,40.0,0.31,0.06,0.34,0.304,0.006000000000000005,False,7.894736842105263,44.73684210526316,False
2017,Hua Hong,1347,CHN,country,False,foundry,Smart automobile expansion,False,0.88,33.0,0.29,0.07,0.39,0.2904,0.00040000000000001146,False,7.954545454545456,44.31818181818182,False
2018,Hua Hong,1347,CHN,country,False,foundry,Smart automobile expansion,False,0.85,38.4,0.33,0.07,0.38,0.3264,0.003599999999999992,False,8.23529411764706,44.70588235294118,False
2019,Hua Hong,1347,CHN,country,False,foundry,Smart automobile expansion,False,0.93,42.1,0.39,0.07,0.42,0.39153000000000004,0.0015300000000000313,False,7.526881720430108,45.16129032258064,False
2020,Hua Hong,1347,CHN,country,False,foundry,Smart automobile expansion,False,0.97,38.8,0.38,0.08,0.44,0.37636,0.003640000000000032,False,8.24742268041237,45.36082474226804,False
2021,Hua Hong,1347,CHN,country,False,foundry,Smart automobile expansion,False,1.78,43.1,0.77,0.14,0.8,0.7671800000000001,0.0028199999999999337,False,7.865168539325844,44.943820224719104,False
2022,Hua Hong,1347,CHN,country,False,foundry,Transition Year,False,2.51,42.9,1.08,0.2,1.13,1.07679,0.003210000000000157,False,7.9681274900398416,45.0199203187251,False
2023,Hua Hong,1347,CHN,country,False,foundry,AI expansion,False,2.32,38.3,0.89,0.19,1.04,0.8885599999999998,0.0014400000000002189,False,8.189655172413794,44.827586206896555,False
2024,Hua Hong,1347,CHN,country,False,foundry,AI expansion,False,1.94,40.3,0.78,0.16,0.87,0.7818199999999998,0.0018199999999998218,False,8.24742268041237,44.84536082474227,False
2025,Hua Hong,1347,CHN,country,False,foundry,AI expansion,True,2.2,44.4,0.98,0.18,0.99,0.9768000000000001,0.0031999999999998696,False,8.18181818181818,44.99999999999999,False
2026,Hua Hong,1347,CHN,country,False,foundry,AI expansion,True,2.32,35.7,0.83,0.19,1.05,0.82824,0.0017599999999999838,False,8.189655172413794,45.258620689655174,False
2019,Cerebras Systems,CRBR,USA,country,False,fabless_ai,Smart automobile expansion,False,0.0,8.9,0.0,0.0,0.0,0.0,0.0,False,,,True
2020,Cerebras Systems,CRBR,USA,country,False,fabless_ai,Smart automobile expansion,False,0.0,5.5,0.0,0.0,0.0,0.0,0.0,False,,,True
2021,Cerebras Systems,CRBR,USA,country,False,fabless_ai,Smart automobile expansion,False,0.1,7.4,0.01,0.05,0.0,0.007400000000000001,0.002599999999999999,False,50.0,0.0,False
2022,Cerebras Systems,CRBR,USA,country,False,fabless_ai,Transition Year,False,0.22,15.4,0.03,0.11,0.0,0.03388,0.0038800000000000015,False,50.0,0.0,False
2023,Cerebras Systems,CRBR,USA,country,False,fabless_ai,AI expansion,False,0.3,8.9,0.03,0.15,0.0,0.026699999999999998,0.003300000000000001,False,50.0,0.0,False
2024,Cerebras Systems,CRBR,USA,country,False,fabless_ai,AI expansion,False,0.77,4.3,0.03,0.39,0.01,0.03311,0.0031100000000000017,False,50.64935064935065,1.2987012987012987,False
2025,Cerebras Systems,CRBR,USA,country,False,fabless_ai,AI expansion,True,1.64,7.0,0.12,0.82,0.02,0.11479999999999999,0.00520000000000001,False,50.0,1.2195121951219512,False
2026,Cerebras Systems,CRBR,USA,country,False,fabless_ai,AI expansion,True,2.49,5.2,0.13,1.25,0.02,0.12948,0.0005199999999999927,False,50.2008032128514,0.8032128514056224,False
2019,Graphcore,GPHC,GBR,country,False,fabless_ai,Smart automobile expansion,False,0.0,10.4,0.0,0.0,0.0,0.0,0.0,False,,,True
2020,Graphcore,GPHC,GBR,country,False,fabless_ai,Smart automobile expansion,False,0.0,11.3,0.0,0.0,0.0,0.0,0.0,False,,,True
2021,Graphcore,GPHC,GBR,country,False,fabless_ai,Smart automobile expansion,False,0.07,12.6,0.01,0.03,0.0,0.00882,0.0011800000000000005,False,42.85714285714285,0.0,False
2022,Graphcore,GPHC,GBR,country,False,fabless_ai,Transition Year,False,0.05,11.9,0.01,0.02,0.0,0.00595,0.00405,False,40.0,0.0,False
2023,Graphcore,GPHC,GBR,country,False,fabless_ai,AI expansion,False,0.05,5.9,0.0,0.02,0.0,0.0029500000000000004,0.0029500000000000004,False,40.0,0.0,False
2024,Graphcore,GPHC,GBR,country,False,fabless_ai,AI expansion,False,0.05,11.1,0.01,0.02,0.0,0.00555,0.00445,False,40.0,0.0,False
2025,Graphcore,GPHC,GBR,country,False,fabless_ai,AI expansion,True,0.06,9.6,0.01,0.03,0.0,0.0057599999999999995,0.004240000000000001,False,50.0,0.0,False
2026,Graphcore,GPHC,GBR,country,False,fabless_ai,AI expansion,True,0.07,13.0,0.01,0.04,0.0,0.009100000000000002,0.000899999999999998,False,57.14285714285714,0.0,False
2020,Groq,GROQ,USA,country,False,fabless_ai,Smart automobile expansion,False,0.0,12.3,0.0,0.0,0.0,0.0,0.0,False,,,True
2021,Groq,GROQ,USA,country,False,fabless_ai,Smart automobile expansion,False,0.0,15.9,0.0,0.0,0.0,0.0,0.0,False,,,True
2022,Groq,GROQ,USA,country,False,fabless_ai,Transition Year,False,0.02,7.2,0.0,0.01,0.0,0.00144,0.00144,False,50.0,0.0,False
2023,Groq,GROQ,USA,country,False,fabless_ai,AI expansion,False,0.04,6.8,0.0,0.02,0.0,0.00272,0.00272,False,50.0,0.0,False
2024,Groq,GROQ,USA,country,False,fabless_ai,AI expansion,False,0.48,8.5,0.04,0.24,0.0,0.0408,0.0008000000000000021,False,50.0,0.0,False
2025,Groq,GROQ,USA,country,False,fabless_ai,AI expansion,True,1.27,9.7,0.12,0.63,0.01,0.12319,0.0031899999999999984,False,49.60629921259843,0.7874015748031495,False
2026,Groq,GROQ,USA,country,False,fabless_ai,AI expansion,True,1.96,8.0,0.16,0.98,0.02,0.1568,0.0032000000000000084,False,50.0,1.0204081632653061,False
2020,SambaNova,SN,USA,country,False,fabless_ai,Smart automobile expansion,False,0.0,7.4,0.0,0.0,0.0,0.0,0.0,False,,,True
2021,SambaNova,SN,USA,country,False,fabless_ai,Smart automobile expansion,False,0.02,10.9,0.0,0.01,0.0,0.00218,0.00218,False,50.0,0.0,False
2022,SambaNova,SN,USA,country,False,fabless_ai,Transition Year,False,0.05,8.5,0.0,0.03,0.0,0.00425,0.00425,False,60.0,0.0,False
2023,SambaNova,SN,USA,country,False,fabless_ai,AI expansion,False,0.1,7.9,0.01,0.05,0.0,0.0079,0.0020999999999999994,False,50.0,0.0,False
2024,SambaNova,SN,USA,country,False,fabless_ai,AI expansion,False,0.37,5.9,0.02,0.18,0.0,0.021830000000000002,0.0018300000000000018,False,48.648648648648646,0.0,False
2025,SambaNova,SN,USA,country,False,fabless_ai,AI expansion,True,0.9,3.3,0.03,0.45,0.01,0.029699999999999997,0.00030000000000000165,False,50.0,1.1111111111111112,False
2026,SambaNova,SN,USA,country,False,fabless_ai,AI expansion,True,1.45,14.0,0.2,0.72,0.01,0.203,0.0030000000000000027,False,49.6551724137931,0.6896551724137931,False
2020,Tenstorrent,TNS,USA,country,False,fabless_ai,Smart automobile expansion,False,0.0,13.9,0.0,0.0,0.0,0.0,0.0,False,,,True
2021,Tenstorrent,TNS,USA,country,False,fabless_ai,Smart automobile expansion,False,0.01,12.3,0.0,0.01,0.0,0.0012300000000000002,0.0012300000000000002,False,100.0,0.0,False
2022,Tenstorrent,TNS,USA,country,False,fabless_ai,Transition Year,False,0.05,11.6,0.01,0.02,0.0,0.0058,0.004200000000000001,False,40.0,0.0,False
2023,Tenstorrent,TNS,USA,country,False,fabless_ai,AI expansion,False,0.1,8.3,0.01,0.05,0.0,0.0083,0.0017000000000000001,False,50.0,0.0,False
2024,Tenstorrent,TNS,USA,country,False,fabless_ai,AI expansion,False,0.31,11.7,0.04,0.15,0.0,0.03627,0.003730000000000004,False,48.387096774193544,0.0,False
2025,Tenstorrent,TNS,USA,country,False,fabless_ai,AI expansion,True,0.74,6.6,0.05,0.37,0.01,0.048839999999999995,0.0011600000000000082,False,50.0,1.3513513513513513,False
2026,Tenstorrent,TNS,USA,country,False,fabless_ai,AI expansion,True,1.16,10.3,0.12,0.58,0.01,0.11948,0.0005199999999999927,False,50.0,0.8620689655172415,False
